Interaction,Trust_Previous,Q,Behavior,Trust,Decision,Violation,Scenario,Violation Probability,Run
1,0.8,1.0,Compliant,0.8400000000000001,ALLOW,0,Low,0.1,1
2,0.8400000000000001,0.0,Violation,0.6720000000000002,ALLOW,1,Low,0.1,1
3,0.6720000000000002,1.0,Compliant,0.7376000000000001,ALLOW,0,Low,0.1,1
4,0.7376000000000001,1.0,Compliant,0.7900800000000001,ALLOW,0,Low,0.1,1
5,0.7900800000000001,0.0,Violation,0.6320640000000002,ALLOW,1,Low,0.1,1
6,0.6320640000000002,1.0,Compliant,0.7056512000000001,ALLOW,0,Low,0.1,1
7,0.7056512000000001,1.0,Compliant,0.7645209600000001,ALLOW,0,Low,0.1,1
8,0.7645209600000001,0.0,Violation,0.6116167680000002,ALLOW,1,Low,0.1,1
9,0.6116167680000002,1.0,Compliant,0.6892934144000001,ALLOW,0,Low,0.1,1
10,0.6892934144000001,1.0,Compliant,0.7514347315200001,ALLOW,0,Low,0.1,1
11,0.7514347315200001,1.0,Compliant,0.801147785216,ALLOW,0,Low,0.1,1
12,0.801147785216,1.0,Compliant,0.8409182281728,ALLOW,0,Low,0.1,1
13,0.8409182281728,1.0,Compliant,0.87273458253824,ALLOW,0,Low,0.1,1
14,0.87273458253824,1.0,Compliant,0.898187666030592,ALLOW,0,Low,0.1,1
15,0.898187666030592,1.0,Compliant,0.9185501328244736,ALLOW,0,Low,0.1,1
16,0.9185501328244736,1.0,Compliant,0.9348401062595789,ALLOW,0,Low,0.1,1
17,0.9348401062595789,1.0,Compliant,0.9478720850076632,ALLOW,0,Low,0.1,1
18,0.9478720850076632,1.0,Compliant,0.9582976680061306,ALLOW,0,Low,0.1,1
19,0.9582976680061306,0.0,Violation,0.7666381344049045,ALLOW,1,Low,0.1,1
20,0.7666381344049045,1.0,Compliant,0.8133105075239235,ALLOW,0,Low,0.1,1
21,0.8133105075239235,1.0,Compliant,0.8506484060191388,ALLOW,0,Low,0.1,1
22,0.8506484060191388,1.0,Compliant,0.880518724815311,ALLOW,0,Low,0.1,1
23,0.880518724815311,1.0,Compliant,0.9044149798522488,ALLOW,0,Low,0.1,1
24,0.9044149798522488,1.0,Compliant,0.923531983881799,ALLOW,0,Low,0.1,1
25,0.923531983881799,1.0,Compliant,0.9388255871054392,ALLOW,0,Low,0.1,1
26,0.9388255871054392,1.0,Compliant,0.9510604696843513,ALLOW,0,Low,0.1,1
27,0.9510604696843513,1.0,Compliant,0.960848375747481,ALLOW,0,Low,0.1,1
28,0.960848375747481,0.0,Violation,0.7686787005979849,ALLOW,1,Low,0.1,1
29,0.7686787005979849,1.0,Compliant,0.814942960478388,ALLOW,0,Low,0.1,1
30,0.814942960478388,1.0,Compliant,0.8519543683827104,ALLOW,0,Low,0.1,1
31,0.8519543683827104,1.0,Compliant,0.8815634947061683,ALLOW,0,Low,0.1,1
32,0.8815634947061683,1.0,Compliant,0.9052507957649347,ALLOW,0,Low,0.1,1
33,0.9052507957649347,1.0,Compliant,0.9242006366119477,ALLOW,0,Low,0.1,1
34,0.9242006366119477,0.0,Violation,0.7393605092895582,ALLOW,1,Low,0.1,1
35,0.7393605092895582,1.0,Compliant,0.7914884074316465,ALLOW,0,Low,0.1,1
36,0.7914884074316465,1.0,Compliant,0.8331907259453172,ALLOW,0,Low,0.1,1
37,0.8331907259453172,0.0,Violation,0.6665525807562538,ALLOW,1,Low,0.1,1
38,0.6665525807562538,1.0,Compliant,0.733242064605003,ALLOW,0,Low,0.1,1
39,0.733242064605003,1.0,Compliant,0.7865936516840023,ALLOW,0,Low,0.1,1
40,0.7865936516840023,1.0,Compliant,0.8292749213472018,ALLOW,0,Low,0.1,1
41,0.8292749213472018,1.0,Compliant,0.8634199370777614,ALLOW,0,Low,0.1,1
42,0.8634199370777614,1.0,Compliant,0.8907359496622091,ALLOW,0,Low,0.1,1
43,0.8907359496622091,1.0,Compliant,0.9125887597297673,ALLOW,0,Low,0.1,1
44,0.9125887597297673,1.0,Compliant,0.9300710077838138,ALLOW,0,Low,0.1,1
45,0.9300710077838138,1.0,Compliant,0.944056806227051,ALLOW,0,Low,0.1,1
46,0.944056806227051,1.0,Compliant,0.9552454449816408,ALLOW,0,Low,0.1,1
47,0.9552454449816408,1.0,Compliant,0.9641963559853126,ALLOW,0,Low,0.1,1
48,0.9641963559853126,1.0,Compliant,0.9713570847882501,ALLOW,0,Low,0.1,1
49,0.9713570847882501,1.0,Compliant,0.9770856678306001,ALLOW,0,Low,0.1,1
50,0.9770856678306001,1.0,Compliant,0.9816685342644801,ALLOW,0,Low,0.1,1
51,0.9816685342644801,1.0,Compliant,0.9853348274115841,ALLOW,0,Low,0.1,1
52,0.9853348274115841,1.0,Compliant,0.9882678619292673,ALLOW,0,Low,0.1,1
53,0.9882678619292673,1.0,Compliant,0.9906142895434138,ALLOW,0,Low,0.1,1
54,0.9906142895434138,1.0,Compliant,0.9924914316347311,ALLOW,0,Low,0.1,1
55,0.9924914316347311,1.0,Compliant,0.9939931453077848,ALLOW,0,Low,0.1,1
56,0.9939931453077848,1.0,Compliant,0.9951945162462279,ALLOW,0,Low,0.1,1
57,0.9951945162462279,1.0,Compliant,0.9961556129969823,ALLOW,0,Low,0.1,1
58,0.9961556129969823,1.0,Compliant,0.9969244903975858,ALLOW,0,Low,0.1,1
59,0.9969244903975858,1.0,Compliant,0.9975395923180687,ALLOW,0,Low,0.1,1
60,0.9975395923180687,1.0,Compliant,0.9980316738544549,ALLOW,0,Low,0.1,1
61,0.9980316738544549,0.0,Violation,0.798425339083564,ALLOW,1,Low,0.1,1
62,0.798425339083564,1.0,Compliant,0.8387402712668511,ALLOW,0,Low,0.1,1
63,0.8387402712668511,1.0,Compliant,0.870992217013481,ALLOW,0,Low,0.1,1
64,0.870992217013481,1.0,Compliant,0.8967937736107847,ALLOW,0,Low,0.1,1
65,0.8967937736107847,1.0,Compliant,0.9174350188886278,ALLOW,0,Low,0.1,1
66,0.9174350188886278,1.0,Compliant,0.9339480151109022,ALLOW,0,Low,0.1,1
67,0.9339480151109022,1.0,Compliant,0.9471584120887218,ALLOW,0,Low,0.1,1
68,0.9471584120887218,1.0,Compliant,0.9577267296709774,ALLOW,0,Low,0.1,1
69,0.9577267296709774,1.0,Compliant,0.9661813837367819,ALLOW,0,Low,0.1,1
70,0.9661813837367819,1.0,Compliant,0.9729451069894255,ALLOW,0,Low,0.1,1
71,0.9729451069894255,1.0,Compliant,0.9783560855915404,ALLOW,0,Low,0.1,1
72,0.9783560855915404,1.0,Compliant,0.9826848684732323,ALLOW,0,Low,0.1,1
73,0.9826848684732323,1.0,Compliant,0.9861478947785859,ALLOW,0,Low,0.1,1
74,0.9861478947785859,1.0,Compliant,0.9889183158228687,ALLOW,0,Low,0.1,1
75,0.9889183158228687,1.0,Compliant,0.9911346526582949,ALLOW,0,Low,0.1,1
76,0.9911346526582949,1.0,Compliant,0.9929077221266359,ALLOW,0,Low,0.1,1
77,0.9929077221266359,1.0,Compliant,0.9943261777013087,ALLOW,0,Low,0.1,1
78,0.9943261777013087,1.0,Compliant,0.995460942161047,ALLOW,0,Low,0.1,1
79,0.995460942161047,1.0,Compliant,0.9963687537288376,ALLOW,0,Low,0.1,1
80,0.9963687537288376,1.0,Compliant,0.9970950029830701,ALLOW,0,Low,0.1,1
81,0.9970950029830701,1.0,Compliant,0.997676002386456,ALLOW,0,Low,0.1,1
82,0.997676002386456,1.0,Compliant,0.9981408019091649,ALLOW,0,Low,0.1,1
83,0.9981408019091649,1.0,Compliant,0.9985126415273319,ALLOW,0,Low,0.1,1
84,0.9985126415273319,1.0,Compliant,0.9988101132218655,ALLOW,0,Low,0.1,1
85,0.9988101132218655,1.0,Compliant,0.9990480905774924,ALLOW,0,Low,0.1,1
86,0.9990480905774924,1.0,Compliant,0.9992384724619939,ALLOW,0,Low,0.1,1
87,0.9992384724619939,1.0,Compliant,0.9993907779695952,ALLOW,0,Low,0.1,1
88,0.9993907779695952,1.0,Compliant,0.9995126223756762,ALLOW,0,Low,0.1,1
89,0.9995126223756762,1.0,Compliant,0.9996100979005409,ALLOW,0,Low,0.1,1
90,0.9996100979005409,1.0,Compliant,0.9996880783204327,ALLOW,0,Low,0.1,1
91,0.9996880783204327,1.0,Compliant,0.9997504626563462,ALLOW,0,Low,0.1,1
92,0.9997504626563462,1.0,Compliant,0.9998003701250769,ALLOW,0,Low,0.1,1
93,0.9998003701250769,1.0,Compliant,0.9998402961000615,ALLOW,0,Low,0.1,1
94,0.9998402961000615,1.0,Compliant,0.9998722368800492,ALLOW,0,Low,0.1,1
95,0.9998722368800492,0.0,Violation,0.7998977895040394,ALLOW,1,Low,0.1,1
96,0.7998977895040394,1.0,Compliant,0.8399182316032315,ALLOW,0,Low,0.1,1
97,0.8399182316032315,1.0,Compliant,0.8719345852825853,ALLOW,0,Low,0.1,1
98,0.8719345852825853,0.0,Violation,0.6975476682260683,ALLOW,1,Low,0.1,1
99,0.6975476682260683,1.0,Compliant,0.7580381345808546,ALLOW,0,Low,0.1,1
100,0.7580381345808546,1.0,Compliant,0.8064305076646836,ALLOW,0,Low,0.1,1
1,0.8,1.0,Compliant,0.8400000000000001,ALLOW,0,Low,0.1,2
2,0.8400000000000001,1.0,Compliant,0.8720000000000001,ALLOW,0,Low,0.1,2
3,0.8720000000000001,1.0,Compliant,0.8976000000000001,ALLOW,0,Low,0.1,2
4,0.8976000000000001,1.0,Compliant,0.91808,ALLOW,0,Low,0.1,2
5,0.91808,1.0,Compliant,0.934464,ALLOW,0,Low,0.1,2
6,0.934464,1.0,Compliant,0.9475712,ALLOW,0,Low,0.1,2
7,0.9475712,1.0,Compliant,0.95805696,ALLOW,0,Low,0.1,2
8,0.95805696,1.0,Compliant,0.9664455679999999,ALLOW,0,Low,0.1,2
9,0.9664455679999999,1.0,Compliant,0.9731564544,ALLOW,0,Low,0.1,2
10,0.9731564544,1.0,Compliant,0.97852516352,ALLOW,0,Low,0.1,2
11,0.97852516352,1.0,Compliant,0.982820130816,ALLOW,0,Low,0.1,2
12,0.982820130816,1.0,Compliant,0.9862561046528,ALLOW,0,Low,0.1,2
13,0.9862561046528,1.0,Compliant,0.98900488372224,ALLOW,0,Low,0.1,2
14,0.98900488372224,1.0,Compliant,0.991203906977792,ALLOW,0,Low,0.1,2
15,0.991203906977792,1.0,Compliant,0.9929631255822337,ALLOW,0,Low,0.1,2
16,0.9929631255822337,0.0,Violation,0.7943705004657869,ALLOW,1,Low,0.1,2
17,0.7943705004657869,0.0,Violation,0.6354964003726296,ALLOW,1,Low,0.1,2
18,0.6354964003726296,1.0,Compliant,0.7083971202981036,ALLOW,0,Low,0.1,2
19,0.7083971202981036,1.0,Compliant,0.7667176962384828,ALLOW,0,Low,0.1,2
20,0.7667176962384828,1.0,Compliant,0.8133741569907863,ALLOW,0,Low,0.1,2
21,0.8133741569907863,1.0,Compliant,0.8506993255926291,ALLOW,0,Low,0.1,2
22,0.8506993255926291,1.0,Compliant,0.8805594604741033,ALLOW,0,Low,0.1,2
23,0.8805594604741033,1.0,Compliant,0.9044475683792826,ALLOW,0,Low,0.1,2
24,0.9044475683792826,0.0,Violation,0.7235580547034262,ALLOW,1,Low,0.1,2
25,0.7235580547034262,0.0,Violation,0.578846443762741,HUMAN_REVIEW,1,Low,0.1,2
26,0.578846443762741,1.0,Compliant,0.6630771550101928,ALLOW,0,Low,0.1,2
27,0.6630771550101928,0.0,Violation,0.5304617240081543,HUMAN_REVIEW,1,Low,0.1,2
28,0.5304617240081543,1.0,Compliant,0.6243693792065235,ALLOW,0,Low,0.1,2
29,0.6243693792065235,1.0,Compliant,0.6994955033652188,ALLOW,0,Low,0.1,2
30,0.6994955033652188,1.0,Compliant,0.759596402692175,ALLOW,0,Low,0.1,2
31,0.759596402692175,1.0,Compliant,0.80767712215374,ALLOW,0,Low,0.1,2
32,0.80767712215374,1.0,Compliant,0.846141697722992,ALLOW,0,Low,0.1,2
33,0.846141697722992,1.0,Compliant,0.8769133581783936,ALLOW,0,Low,0.1,2
34,0.8769133581783936,1.0,Compliant,0.9015306865427148,ALLOW,0,Low,0.1,2
35,0.9015306865427148,1.0,Compliant,0.9212245492341719,ALLOW,0,Low,0.1,2
36,0.9212245492341719,1.0,Compliant,0.9369796393873375,ALLOW,0,Low,0.1,2
37,0.9369796393873375,1.0,Compliant,0.94958371150987,ALLOW,0,Low,0.1,2
38,0.94958371150987,1.0,Compliant,0.959666969207896,ALLOW,0,Low,0.1,2
39,0.959666969207896,1.0,Compliant,0.9677335753663168,ALLOW,0,Low,0.1,2
40,0.9677335753663168,1.0,Compliant,0.9741868602930535,ALLOW,0,Low,0.1,2
41,0.9741868602930535,1.0,Compliant,0.9793494882344428,ALLOW,0,Low,0.1,2
42,0.9793494882344428,1.0,Compliant,0.9834795905875542,ALLOW,0,Low,0.1,2
43,0.9834795905875542,1.0,Compliant,0.9867836724700434,ALLOW,0,Low,0.1,2
44,0.9867836724700434,1.0,Compliant,0.9894269379760348,ALLOW,0,Low,0.1,2
45,0.9894269379760348,1.0,Compliant,0.9915415503808278,ALLOW,0,Low,0.1,2
46,0.9915415503808278,1.0,Compliant,0.9932332403046622,ALLOW,0,Low,0.1,2
47,0.9932332403046622,1.0,Compliant,0.9945865922437298,ALLOW,0,Low,0.1,2
48,0.9945865922437298,1.0,Compliant,0.9956692737949838,ALLOW,0,Low,0.1,2
49,0.9956692737949838,1.0,Compliant,0.9965354190359871,ALLOW,0,Low,0.1,2
50,0.9965354190359871,0.0,Violation,0.7972283352287897,ALLOW,1,Low,0.1,2
51,0.7972283352287897,1.0,Compliant,0.8377826681830317,ALLOW,0,Low,0.1,2
52,0.8377826681830317,1.0,Compliant,0.8702261345464254,ALLOW,0,Low,0.1,2
53,0.8702261345464254,1.0,Compliant,0.8961809076371403,ALLOW,0,Low,0.1,2
54,0.8961809076371403,1.0,Compliant,0.9169447261097122,ALLOW,0,Low,0.1,2
55,0.9169447261097122,1.0,Compliant,0.9335557808877698,ALLOW,0,Low,0.1,2
56,0.9335557808877698,0.0,Violation,0.7468446247102158,ALLOW,1,Low,0.1,2
57,0.7468446247102158,1.0,Compliant,0.7974756997681727,ALLOW,0,Low,0.1,2
58,0.7974756997681727,1.0,Compliant,0.8379805598145381,ALLOW,0,Low,0.1,2
59,0.8379805598145381,0.0,Violation,0.6703844478516305,ALLOW,1,Low,0.1,2
60,0.6703844478516305,1.0,Compliant,0.7363075582813045,ALLOW,0,Low,0.1,2
61,0.7363075582813045,1.0,Compliant,0.7890460466250435,ALLOW,0,Low,0.1,2
62,0.7890460466250435,1.0,Compliant,0.8312368373000348,ALLOW,0,Low,0.1,2
63,0.8312368373000348,1.0,Compliant,0.8649894698400279,ALLOW,0,Low,0.1,2
64,0.8649894698400279,0.0,Violation,0.6919915758720223,ALLOW,1,Low,0.1,2
65,0.6919915758720223,1.0,Compliant,0.7535932606976178,ALLOW,0,Low,0.1,2
66,0.7535932606976178,1.0,Compliant,0.8028746085580942,ALLOW,0,Low,0.1,2
67,0.8028746085580942,1.0,Compliant,0.8422996868464754,ALLOW,0,Low,0.1,2
68,0.8422996868464754,1.0,Compliant,0.8738397494771803,ALLOW,0,Low,0.1,2
69,0.8738397494771803,1.0,Compliant,0.8990717995817443,ALLOW,0,Low,0.1,2
70,0.8990717995817443,1.0,Compliant,0.9192574396653954,ALLOW,0,Low,0.1,2
71,0.9192574396653954,1.0,Compliant,0.9354059517323163,ALLOW,0,Low,0.1,2
72,0.9354059517323163,1.0,Compliant,0.9483247613858531,ALLOW,0,Low,0.1,2
73,0.9483247613858531,1.0,Compliant,0.9586598091086824,ALLOW,0,Low,0.1,2
74,0.9586598091086824,1.0,Compliant,0.9669278472869459,ALLOW,0,Low,0.1,2
75,0.9669278472869459,1.0,Compliant,0.9735422778295567,ALLOW,0,Low,0.1,2
76,0.9735422778295567,1.0,Compliant,0.9788338222636453,ALLOW,0,Low,0.1,2
77,0.9788338222636453,1.0,Compliant,0.9830670578109163,ALLOW,0,Low,0.1,2
78,0.9830670578109163,1.0,Compliant,0.986453646248733,ALLOW,0,Low,0.1,2
79,0.986453646248733,1.0,Compliant,0.9891629169989864,ALLOW,0,Low,0.1,2
80,0.9891629169989864,1.0,Compliant,0.9913303335991891,ALLOW,0,Low,0.1,2
81,0.9913303335991891,1.0,Compliant,0.9930642668793512,ALLOW,0,Low,0.1,2
82,0.9930642668793512,1.0,Compliant,0.994451413503481,ALLOW,0,Low,0.1,2
83,0.994451413503481,1.0,Compliant,0.9955611308027847,ALLOW,0,Low,0.1,2
84,0.9955611308027847,1.0,Compliant,0.9964489046422278,ALLOW,0,Low,0.1,2
85,0.9964489046422278,1.0,Compliant,0.9971591237137822,ALLOW,0,Low,0.1,2
86,0.9971591237137822,1.0,Compliant,0.9977272989710257,ALLOW,0,Low,0.1,2
87,0.9977272989710257,0.0,Violation,0.7981818391768206,ALLOW,1,Low,0.1,2
88,0.7981818391768206,1.0,Compliant,0.8385454713414565,ALLOW,0,Low,0.1,2
89,0.8385454713414565,0.0,Violation,0.6708363770731652,ALLOW,1,Low,0.1,2
90,0.6708363770731652,1.0,Compliant,0.7366691016585322,ALLOW,0,Low,0.1,2
91,0.7366691016585322,1.0,Compliant,0.7893352813268257,ALLOW,0,Low,0.1,2
92,0.7893352813268257,1.0,Compliant,0.8314682250614606,ALLOW,0,Low,0.1,2
93,0.8314682250614606,1.0,Compliant,0.8651745800491685,ALLOW,0,Low,0.1,2
94,0.8651745800491685,1.0,Compliant,0.8921396640393348,ALLOW,0,Low,0.1,2
95,0.8921396640393348,1.0,Compliant,0.9137117312314678,ALLOW,0,Low,0.1,2
96,0.9137117312314678,1.0,Compliant,0.9309693849851742,ALLOW,0,Low,0.1,2
97,0.9309693849851742,1.0,Compliant,0.9447755079881394,ALLOW,0,Low,0.1,2
98,0.9447755079881394,1.0,Compliant,0.9558204063905115,ALLOW,0,Low,0.1,2
99,0.9558204063905115,1.0,Compliant,0.9646563251124092,ALLOW,0,Low,0.1,2
100,0.9646563251124092,0.0,Violation,0.7717250600899274,ALLOW,1,Low,0.1,2
1,0.8,1.0,Compliant,0.8400000000000001,ALLOW,0,Low,0.1,3
2,0.8400000000000001,1.0,Compliant,0.8720000000000001,ALLOW,0,Low,0.1,3
3,0.8720000000000001,1.0,Compliant,0.8976000000000001,ALLOW,0,Low,0.1,3
4,0.8976000000000001,1.0,Compliant,0.91808,ALLOW,0,Low,0.1,3
5,0.91808,1.0,Compliant,0.934464,ALLOW,0,Low,0.1,3
6,0.934464,1.0,Compliant,0.9475712,ALLOW,0,Low,0.1,3
7,0.9475712,1.0,Compliant,0.95805696,ALLOW,0,Low,0.1,3
8,0.95805696,1.0,Compliant,0.9664455679999999,ALLOW,0,Low,0.1,3
9,0.9664455679999999,1.0,Compliant,0.9731564544,ALLOW,0,Low,0.1,3
10,0.9731564544,1.0,Compliant,0.97852516352,ALLOW,0,Low,0.1,3
11,0.97852516352,1.0,Compliant,0.982820130816,ALLOW,0,Low,0.1,3
12,0.982820130816,1.0,Compliant,0.9862561046528,ALLOW,0,Low,0.1,3
13,0.9862561046528,1.0,Compliant,0.98900488372224,ALLOW,0,Low,0.1,3
14,0.98900488372224,1.0,Compliant,0.991203906977792,ALLOW,0,Low,0.1,3
15,0.991203906977792,1.0,Compliant,0.9929631255822337,ALLOW,0,Low,0.1,3
16,0.9929631255822337,1.0,Compliant,0.9943705004657869,ALLOW,0,Low,0.1,3
17,0.9943705004657869,1.0,Compliant,0.9954964003726295,ALLOW,0,Low,0.1,3
18,0.9954964003726295,1.0,Compliant,0.9963971202981037,ALLOW,0,Low,0.1,3
19,0.9963971202981037,1.0,Compliant,0.9971176962384829,ALLOW,0,Low,0.1,3
20,0.9971176962384829,1.0,Compliant,0.9976941569907863,ALLOW,0,Low,0.1,3
21,0.9976941569907863,1.0,Compliant,0.9981553255926291,ALLOW,0,Low,0.1,3
22,0.9981553255926291,1.0,Compliant,0.9985242604741033,ALLOW,0,Low,0.1,3
23,0.9985242604741033,0.0,Violation,0.7988194083792827,ALLOW,1,Low,0.1,3
24,0.7988194083792827,1.0,Compliant,0.8390555267034261,ALLOW,0,Low,0.1,3
25,0.8390555267034261,1.0,Compliant,0.8712444213627408,ALLOW,0,Low,0.1,3
26,0.8712444213627408,1.0,Compliant,0.8969955370901926,ALLOW,0,Low,0.1,3
27,0.8969955370901926,1.0,Compliant,0.9175964296721542,ALLOW,0,Low,0.1,3
28,0.9175964296721542,1.0,Compliant,0.9340771437377233,ALLOW,0,Low,0.1,3
29,0.9340771437377233,1.0,Compliant,0.9472617149901786,ALLOW,0,Low,0.1,3
30,0.9472617149901786,1.0,Compliant,0.9578093719921429,ALLOW,0,Low,0.1,3
31,0.9578093719921429,1.0,Compliant,0.9662474975937143,ALLOW,0,Low,0.1,3
32,0.9662474975937143,1.0,Compliant,0.9729979980749714,ALLOW,0,Low,0.1,3
33,0.9729979980749714,1.0,Compliant,0.9783983984599771,ALLOW,0,Low,0.1,3
34,0.9783983984599771,1.0,Compliant,0.9827187187679817,ALLOW,0,Low,0.1,3
35,0.9827187187679817,1.0,Compliant,0.9861749750143853,ALLOW,0,Low,0.1,3
36,0.9861749750143853,1.0,Compliant,0.9889399800115083,ALLOW,0,Low,0.1,3
37,0.9889399800115083,1.0,Compliant,0.9911519840092067,ALLOW,0,Low,0.1,3
38,0.9911519840092067,1.0,Compliant,0.9929215872073653,ALLOW,0,Low,0.1,3
39,0.9929215872073653,1.0,Compliant,0.9943372697658923,ALLOW,0,Low,0.1,3
40,0.9943372697658923,1.0,Compliant,0.9954698158127139,ALLOW,0,Low,0.1,3
41,0.9954698158127139,1.0,Compliant,0.9963758526501711,ALLOW,0,Low,0.1,3
42,0.9963758526501711,1.0,Compliant,0.9971006821201369,ALLOW,0,Low,0.1,3
43,0.9971006821201369,1.0,Compliant,0.9976805456961095,ALLOW,0,Low,0.1,3
44,0.9976805456961095,1.0,Compliant,0.9981444365568877,ALLOW,0,Low,0.1,3
45,0.9981444365568877,1.0,Compliant,0.9985155492455101,ALLOW,0,Low,0.1,3
46,0.9985155492455101,1.0,Compliant,0.9988124393964081,ALLOW,0,Low,0.1,3
47,0.9988124393964081,1.0,Compliant,0.9990499515171265,ALLOW,0,Low,0.1,3
48,0.9990499515171265,0.0,Violation,0.7992399612137012,ALLOW,1,Low,0.1,3
49,0.7992399612137012,1.0,Compliant,0.839391968970961,ALLOW,0,Low,0.1,3
50,0.839391968970961,1.0,Compliant,0.8715135751767689,ALLOW,0,Low,0.1,3
51,0.8715135751767689,1.0,Compliant,0.897210860141415,ALLOW,0,Low,0.1,3
52,0.897210860141415,1.0,Compliant,0.9177686881131321,ALLOW,0,Low,0.1,3
53,0.9177686881131321,1.0,Compliant,0.9342149504905056,ALLOW,0,Low,0.1,3
54,0.9342149504905056,1.0,Compliant,0.9473719603924045,ALLOW,0,Low,0.1,3
55,0.9473719603924045,1.0,Compliant,0.9578975683139236,ALLOW,0,Low,0.1,3
56,0.9578975683139236,0.0,Violation,0.7663180546511389,ALLOW,1,Low,0.1,3
57,0.7663180546511389,1.0,Compliant,0.8130544437209111,ALLOW,0,Low,0.1,3
58,0.8130544437209111,0.0,Violation,0.6504435549767289,ALLOW,1,Low,0.1,3
59,0.6504435549767289,1.0,Compliant,0.720354843981383,ALLOW,0,Low,0.1,3
60,0.720354843981383,1.0,Compliant,0.7762838751851064,ALLOW,0,Low,0.1,3
61,0.7762838751851064,1.0,Compliant,0.8210271001480851,ALLOW,0,Low,0.1,3
62,0.8210271001480851,1.0,Compliant,0.856821680118468,ALLOW,0,Low,0.1,3
63,0.856821680118468,1.0,Compliant,0.8854573440947744,ALLOW,0,Low,0.1,3
64,0.8854573440947744,1.0,Compliant,0.9083658752758195,ALLOW,0,Low,0.1,3
65,0.9083658752758195,1.0,Compliant,0.9266927002206555,ALLOW,0,Low,0.1,3
66,0.9266927002206555,1.0,Compliant,0.9413541601765244,ALLOW,0,Low,0.1,3
67,0.9413541601765244,1.0,Compliant,0.9530833281412195,ALLOW,0,Low,0.1,3
68,0.9530833281412195,1.0,Compliant,0.9624666625129756,ALLOW,0,Low,0.1,3
69,0.9624666625129756,1.0,Compliant,0.9699733300103806,ALLOW,0,Low,0.1,3
70,0.9699733300103806,1.0,Compliant,0.9759786640083045,ALLOW,0,Low,0.1,3
71,0.9759786640083045,1.0,Compliant,0.9807829312066436,ALLOW,0,Low,0.1,3
72,0.9807829312066436,1.0,Compliant,0.9846263449653149,ALLOW,0,Low,0.1,3
73,0.9846263449653149,0.0,Violation,0.7877010759722519,ALLOW,1,Low,0.1,3
74,0.7877010759722519,1.0,Compliant,0.8301608607778015,ALLOW,0,Low,0.1,3
75,0.8301608607778015,1.0,Compliant,0.8641286886222412,ALLOW,0,Low,0.1,3
76,0.8641286886222412,0.0,Violation,0.691302950897793,ALLOW,1,Low,0.1,3
77,0.691302950897793,1.0,Compliant,0.7530423607182344,ALLOW,0,Low,0.1,3
78,0.7530423607182344,1.0,Compliant,0.8024338885745875,ALLOW,0,Low,0.1,3
79,0.8024338885745875,1.0,Compliant,0.84194711085967,ALLOW,0,Low,0.1,3
80,0.84194711085967,1.0,Compliant,0.873557688687736,ALLOW,0,Low,0.1,3
81,0.873557688687736,1.0,Compliant,0.8988461509501888,ALLOW,0,Low,0.1,3
82,0.8988461509501888,0.0,Violation,0.7190769207601511,ALLOW,1,Low,0.1,3
83,0.7190769207601511,0.0,Violation,0.5752615366081208,HUMAN_REVIEW,1,Low,0.1,3
84,0.5752615366081208,1.0,Compliant,0.6602092292864967,ALLOW,0,Low,0.1,3
85,0.6602092292864967,1.0,Compliant,0.7281673834291974,ALLOW,0,Low,0.1,3
86,0.7281673834291974,1.0,Compliant,0.7825339067433579,ALLOW,0,Low,0.1,3
87,0.7825339067433579,1.0,Compliant,0.8260271253946863,ALLOW,0,Low,0.1,3
88,0.8260271253946863,1.0,Compliant,0.860821700315749,ALLOW,0,Low,0.1,3
89,0.860821700315749,1.0,Compliant,0.8886573602525992,ALLOW,0,Low,0.1,3
90,0.8886573602525992,1.0,Compliant,0.9109258882020794,ALLOW,0,Low,0.1,3
91,0.9109258882020794,1.0,Compliant,0.9287407105616635,ALLOW,0,Low,0.1,3
92,0.9287407105616635,1.0,Compliant,0.9429925684493308,ALLOW,0,Low,0.1,3
93,0.9429925684493308,1.0,Compliant,0.9543940547594646,ALLOW,0,Low,0.1,3
94,0.9543940547594646,1.0,Compliant,0.9635152438075717,ALLOW,0,Low,0.1,3
95,0.9635152438075717,1.0,Compliant,0.9708121950460573,ALLOW,0,Low,0.1,3
96,0.9708121950460573,1.0,Compliant,0.9766497560368459,ALLOW,0,Low,0.1,3
97,0.9766497560368459,1.0,Compliant,0.9813198048294767,ALLOW,0,Low,0.1,3
98,0.9813198048294767,1.0,Compliant,0.9850558438635814,ALLOW,0,Low,0.1,3
99,0.9850558438635814,1.0,Compliant,0.9880446750908651,ALLOW,0,Low,0.1,3
100,0.9880446750908651,1.0,Compliant,0.9904357400726921,ALLOW,0,Low,0.1,3
1,0.8,0.0,Violation,0.6400000000000001,ALLOW,1,Low,0.1,4
2,0.6400000000000001,1.0,Compliant,0.7120000000000001,ALLOW,0,Low,0.1,4
3,0.7120000000000001,1.0,Compliant,0.7696000000000001,ALLOW,0,Low,0.1,4
4,0.7696000000000001,1.0,Compliant,0.8156800000000001,ALLOW,0,Low,0.1,4
5,0.8156800000000001,1.0,Compliant,0.8525440000000001,ALLOW,0,Low,0.1,4
6,0.8525440000000001,1.0,Compliant,0.8820352,ALLOW,0,Low,0.1,4
7,0.8820352,1.0,Compliant,0.90562816,ALLOW,0,Low,0.1,4
8,0.90562816,1.0,Compliant,0.924502528,ALLOW,0,Low,0.1,4
9,0.924502528,1.0,Compliant,0.9396020224,ALLOW,0,Low,0.1,4
10,0.9396020224,1.0,Compliant,0.9516816179200001,ALLOW,0,Low,0.1,4
11,0.9516816179200001,1.0,Compliant,0.961345294336,ALLOW,0,Low,0.1,4
12,0.961345294336,1.0,Compliant,0.9690762354688001,ALLOW,0,Low,0.1,4
13,0.9690762354688001,0.0,Violation,0.7752609883750401,ALLOW,1,Low,0.1,4
14,0.7752609883750401,1.0,Compliant,0.820208790700032,ALLOW,0,Low,0.1,4
15,0.820208790700032,1.0,Compliant,0.8561670325600257,ALLOW,0,Low,0.1,4
16,0.8561670325600257,1.0,Compliant,0.8849336260480205,ALLOW,0,Low,0.1,4
17,0.8849336260480205,1.0,Compliant,0.9079469008384164,ALLOW,0,Low,0.1,4
18,0.9079469008384164,1.0,Compliant,0.9263575206707332,ALLOW,0,Low,0.1,4
19,0.9263575206707332,1.0,Compliant,0.9410860165365865,ALLOW,0,Low,0.1,4
20,0.9410860165365865,1.0,Compliant,0.9528688132292692,ALLOW,0,Low,0.1,4
21,0.9528688132292692,1.0,Compliant,0.9622950505834154,ALLOW,0,Low,0.1,4
22,0.9622950505834154,1.0,Compliant,0.9698360404667323,ALLOW,0,Low,0.1,4
23,0.9698360404667323,1.0,Compliant,0.9758688323733858,ALLOW,0,Low,0.1,4
24,0.9758688323733858,0.0,Violation,0.7806950658987087,ALLOW,1,Low,0.1,4
25,0.7806950658987087,0.0,Violation,0.6245560527189671,ALLOW,1,Low,0.1,4
26,0.6245560527189671,1.0,Compliant,0.6996448421751736,ALLOW,0,Low,0.1,4
27,0.6996448421751736,1.0,Compliant,0.7597158737401389,ALLOW,0,Low,0.1,4
28,0.7597158737401389,1.0,Compliant,0.8077726989921111,ALLOW,0,Low,0.1,4
29,0.8077726989921111,1.0,Compliant,0.8462181591936889,ALLOW,0,Low,0.1,4
30,0.8462181591936889,1.0,Compliant,0.8769745273549512,ALLOW,0,Low,0.1,4
31,0.8769745273549512,1.0,Compliant,0.9015796218839609,ALLOW,0,Low,0.1,4
32,0.9015796218839609,1.0,Compliant,0.9212636975071687,ALLOW,0,Low,0.1,4
33,0.9212636975071687,1.0,Compliant,0.937010958005735,ALLOW,0,Low,0.1,4
34,0.937010958005735,1.0,Compliant,0.949608766404588,ALLOW,0,Low,0.1,4
35,0.949608766404588,1.0,Compliant,0.9596870131236704,ALLOW,0,Low,0.1,4
36,0.9596870131236704,1.0,Compliant,0.9677496104989364,ALLOW,0,Low,0.1,4
37,0.9677496104989364,0.0,Violation,0.7741996883991491,ALLOW,1,Low,0.1,4
38,0.7741996883991491,1.0,Compliant,0.8193597507193193,ALLOW,0,Low,0.1,4
39,0.8193597507193193,1.0,Compliant,0.8554878005754555,ALLOW,0,Low,0.1,4
40,0.8554878005754555,0.0,Violation,0.6843902404603645,ALLOW,1,Low,0.1,4
41,0.6843902404603645,1.0,Compliant,0.7475121923682916,ALLOW,0,Low,0.1,4
42,0.7475121923682916,1.0,Compliant,0.7980097538946332,ALLOW,0,Low,0.1,4
43,0.7980097538946332,1.0,Compliant,0.8384078031157066,ALLOW,0,Low,0.1,4
44,0.8384078031157066,1.0,Compliant,0.8707262424925652,ALLOW,0,Low,0.1,4
45,0.8707262424925652,1.0,Compliant,0.8965809939940522,ALLOW,0,Low,0.1,4
46,0.8965809939940522,1.0,Compliant,0.9172647951952417,ALLOW,0,Low,0.1,4
47,0.9172647951952417,1.0,Compliant,0.9338118361561933,ALLOW,0,Low,0.1,4
48,0.9338118361561933,1.0,Compliant,0.9470494689249547,ALLOW,0,Low,0.1,4
49,0.9470494689249547,1.0,Compliant,0.9576395751399638,ALLOW,0,Low,0.1,4
50,0.9576395751399638,1.0,Compliant,0.966111660111971,ALLOW,0,Low,0.1,4
51,0.966111660111971,1.0,Compliant,0.9728893280895768,ALLOW,0,Low,0.1,4
52,0.9728893280895768,1.0,Compliant,0.9783114624716615,ALLOW,0,Low,0.1,4
53,0.9783114624716615,1.0,Compliant,0.9826491699773292,ALLOW,0,Low,0.1,4
54,0.9826491699773292,1.0,Compliant,0.9861193359818634,ALLOW,0,Low,0.1,4
55,0.9861193359818634,1.0,Compliant,0.9888954687854907,ALLOW,0,Low,0.1,4
56,0.9888954687854907,1.0,Compliant,0.9911163750283926,ALLOW,0,Low,0.1,4
57,0.9911163750283926,1.0,Compliant,0.992893100022714,ALLOW,0,Low,0.1,4
58,0.992893100022714,1.0,Compliant,0.9943144800181712,ALLOW,0,Low,0.1,4
59,0.9943144800181712,1.0,Compliant,0.995451584014537,ALLOW,0,Low,0.1,4
60,0.995451584014537,0.0,Violation,0.7963612672116297,ALLOW,1,Low,0.1,4
61,0.7963612672116297,1.0,Compliant,0.8370890137693038,ALLOW,0,Low,0.1,4
62,0.8370890137693038,1.0,Compliant,0.869671211015443,ALLOW,0,Low,0.1,4
63,0.869671211015443,1.0,Compliant,0.8957369688123544,ALLOW,0,Low,0.1,4
64,0.8957369688123544,1.0,Compliant,0.9165895750498836,ALLOW,0,Low,0.1,4
65,0.9165895750498836,1.0,Compliant,0.9332716600399069,ALLOW,0,Low,0.1,4
66,0.9332716600399069,1.0,Compliant,0.9466173280319256,ALLOW,0,Low,0.1,4
67,0.9466173280319256,0.0,Violation,0.7572938624255405,ALLOW,1,Low,0.1,4
68,0.7572938624255405,1.0,Compliant,0.8058350899404324,ALLOW,0,Low,0.1,4
69,0.8058350899404324,1.0,Compliant,0.844668071952346,ALLOW,0,Low,0.1,4
70,0.844668071952346,1.0,Compliant,0.8757344575618767,ALLOW,0,Low,0.1,4
71,0.8757344575618767,1.0,Compliant,0.9005875660495014,ALLOW,0,Low,0.1,4
72,0.9005875660495014,1.0,Compliant,0.9204700528396011,ALLOW,0,Low,0.1,4
73,0.9204700528396011,0.0,Violation,0.736376042271681,ALLOW,1,Low,0.1,4
74,0.736376042271681,1.0,Compliant,0.7891008338173447,ALLOW,0,Low,0.1,4
75,0.7891008338173447,1.0,Compliant,0.8312806670538758,ALLOW,0,Low,0.1,4
76,0.8312806670538758,1.0,Compliant,0.8650245336431006,ALLOW,0,Low,0.1,4
77,0.8650245336431006,1.0,Compliant,0.8920196269144804,ALLOW,0,Low,0.1,4
78,0.8920196269144804,1.0,Compliant,0.9136157015315843,ALLOW,0,Low,0.1,4
79,0.9136157015315843,1.0,Compliant,0.9308925612252674,ALLOW,0,Low,0.1,4
80,0.9308925612252674,1.0,Compliant,0.9447140489802139,ALLOW,0,Low,0.1,4
81,0.9447140489802139,1.0,Compliant,0.9557712391841712,ALLOW,0,Low,0.1,4
82,0.9557712391841712,1.0,Compliant,0.9646169913473369,ALLOW,0,Low,0.1,4
83,0.9646169913473369,1.0,Compliant,0.9716935930778695,ALLOW,0,Low,0.1,4
84,0.9716935930778695,1.0,Compliant,0.9773548744622956,ALLOW,0,Low,0.1,4
85,0.9773548744622956,1.0,Compliant,0.9818838995698365,ALLOW,0,Low,0.1,4
86,0.9818838995698365,1.0,Compliant,0.9855071196558691,ALLOW,0,Low,0.1,4
87,0.9855071196558691,1.0,Compliant,0.9884056957246953,ALLOW,0,Low,0.1,4
88,0.9884056957246953,1.0,Compliant,0.9907245565797562,ALLOW,0,Low,0.1,4
89,0.9907245565797562,1.0,Compliant,0.9925796452638049,ALLOW,0,Low,0.1,4
90,0.9925796452638049,0.0,Violation,0.794063716211044,ALLOW,1,Low,0.1,4
91,0.794063716211044,1.0,Compliant,0.8352509729688352,ALLOW,0,Low,0.1,4
92,0.8352509729688352,1.0,Compliant,0.8682007783750681,ALLOW,0,Low,0.1,4
93,0.8682007783750681,0.0,Violation,0.6945606227000546,ALLOW,1,Low,0.1,4
94,0.6945606227000546,1.0,Compliant,0.7556484981600436,ALLOW,0,Low,0.1,4
95,0.7556484981600436,1.0,Compliant,0.8045187985280349,ALLOW,0,Low,0.1,4
96,0.8045187985280349,1.0,Compliant,0.8436150388224279,ALLOW,0,Low,0.1,4
97,0.8436150388224279,1.0,Compliant,0.8748920310579423,ALLOW,0,Low,0.1,4
98,0.8748920310579423,1.0,Compliant,0.8999136248463538,ALLOW,0,Low,0.1,4
99,0.8999136248463538,1.0,Compliant,0.9199308998770831,ALLOW,0,Low,0.1,4
100,0.9199308998770831,1.0,Compliant,0.9359447199016665,ALLOW,0,Low,0.1,4
1,0.8,0.0,Violation,0.6400000000000001,ALLOW,1,Low,0.1,5
2,0.6400000000000001,1.0,Compliant,0.7120000000000001,ALLOW,0,Low,0.1,5
3,0.7120000000000001,1.0,Compliant,0.7696000000000001,ALLOW,0,Low,0.1,5
4,0.7696000000000001,1.0,Compliant,0.8156800000000001,ALLOW,0,Low,0.1,5
5,0.8156800000000001,1.0,Compliant,0.8525440000000001,ALLOW,0,Low,0.1,5
6,0.8525440000000001,1.0,Compliant,0.8820352,ALLOW,0,Low,0.1,5
7,0.8820352,1.0,Compliant,0.90562816,ALLOW,0,Low,0.1,5
8,0.90562816,1.0,Compliant,0.924502528,ALLOW,0,Low,0.1,5
9,0.924502528,1.0,Compliant,0.9396020224,ALLOW,0,Low,0.1,5
10,0.9396020224,1.0,Compliant,0.9516816179200001,ALLOW,0,Low,0.1,5
11,0.9516816179200001,1.0,Compliant,0.961345294336,ALLOW,0,Low,0.1,5
12,0.961345294336,1.0,Compliant,0.9690762354688001,ALLOW,0,Low,0.1,5
13,0.9690762354688001,1.0,Compliant,0.97526098837504,ALLOW,0,Low,0.1,5
14,0.97526098837504,1.0,Compliant,0.9802087907000321,ALLOW,0,Low,0.1,5
15,0.9802087907000321,1.0,Compliant,0.9841670325600257,ALLOW,0,Low,0.1,5
16,0.9841670325600257,1.0,Compliant,0.9873336260480206,ALLOW,0,Low,0.1,5
17,0.9873336260480206,1.0,Compliant,0.9898669008384164,ALLOW,0,Low,0.1,5
18,0.9898669008384164,1.0,Compliant,0.9918935206707331,ALLOW,0,Low,0.1,5
19,0.9918935206707331,1.0,Compliant,0.9935148165365865,ALLOW,0,Low,0.1,5
20,0.9935148165365865,1.0,Compliant,0.9948118532292691,ALLOW,0,Low,0.1,5
21,0.9948118532292691,1.0,Compliant,0.9958494825834153,ALLOW,0,Low,0.1,5
22,0.9958494825834153,0.0,Violation,0.7966795860667323,ALLOW,1,Low,0.1,5
23,0.7966795860667323,1.0,Compliant,0.8373436688533858,ALLOW,0,Low,0.1,5
24,0.8373436688533858,1.0,Compliant,0.8698749350827086,ALLOW,0,Low,0.1,5
25,0.8698749350827086,0.0,Violation,0.695899948066167,ALLOW,1,Low,0.1,5
26,0.695899948066167,1.0,Compliant,0.7567199584529335,ALLOW,0,Low,0.1,5
27,0.7567199584529335,1.0,Compliant,0.8053759667623468,ALLOW,0,Low,0.1,5
28,0.8053759667623468,1.0,Compliant,0.8443007734098774,ALLOW,0,Low,0.1,5
29,0.8443007734098774,1.0,Compliant,0.8754406187279019,ALLOW,0,Low,0.1,5
30,0.8754406187279019,1.0,Compliant,0.9003524949823215,ALLOW,0,Low,0.1,5
31,0.9003524949823215,1.0,Compliant,0.9202819959858572,ALLOW,0,Low,0.1,5
32,0.9202819959858572,1.0,Compliant,0.9362255967886858,ALLOW,0,Low,0.1,5
33,0.9362255967886858,1.0,Compliant,0.9489804774309486,ALLOW,0,Low,0.1,5
34,0.9489804774309486,1.0,Compliant,0.9591843819447589,ALLOW,0,Low,0.1,5
35,0.9591843819447589,1.0,Compliant,0.9673475055558071,ALLOW,0,Low,0.1,5
36,0.9673475055558071,1.0,Compliant,0.9738780044446457,ALLOW,0,Low,0.1,5
37,0.9738780044446457,0.0,Violation,0.7791024035557166,ALLOW,1,Low,0.1,5
38,0.7791024035557166,1.0,Compliant,0.8232819228445732,ALLOW,0,Low,0.1,5
39,0.8232819228445732,1.0,Compliant,0.8586255382756586,ALLOW,0,Low,0.1,5
40,0.8586255382756586,1.0,Compliant,0.8869004306205268,ALLOW,0,Low,0.1,5
41,0.8869004306205268,1.0,Compliant,0.9095203444964215,ALLOW,0,Low,0.1,5
42,0.9095203444964215,1.0,Compliant,0.9276162755971372,ALLOW,0,Low,0.1,5
43,0.9276162755971372,1.0,Compliant,0.9420930204777098,ALLOW,0,Low,0.1,5
44,0.9420930204777098,1.0,Compliant,0.9536744163821679,ALLOW,0,Low,0.1,5
45,0.9536744163821679,1.0,Compliant,0.9629395331057343,ALLOW,0,Low,0.1,5
46,0.9629395331057343,1.0,Compliant,0.9703516264845875,ALLOW,0,Low,0.1,5
47,0.9703516264845875,1.0,Compliant,0.97628130118767,ALLOW,0,Low,0.1,5
48,0.97628130118767,1.0,Compliant,0.981025040950136,ALLOW,0,Low,0.1,5
49,0.981025040950136,1.0,Compliant,0.9848200327601088,ALLOW,0,Low,0.1,5
50,0.9848200327601088,1.0,Compliant,0.987856026208087,ALLOW,0,Low,0.1,5
51,0.987856026208087,1.0,Compliant,0.9902848209664696,ALLOW,0,Low,0.1,5
52,0.9902848209664696,1.0,Compliant,0.9922278567731757,ALLOW,0,Low,0.1,5
53,0.9922278567731757,1.0,Compliant,0.9937822854185405,ALLOW,0,Low,0.1,5
54,0.9937822854185405,0.0,Violation,0.7950258283348325,ALLOW,1,Low,0.1,5
55,0.7950258283348325,0.0,Violation,0.636020662667866,ALLOW,1,Low,0.1,5
56,0.636020662667866,1.0,Compliant,0.7088165301342928,ALLOW,0,Low,0.1,5
57,0.7088165301342928,1.0,Compliant,0.7670532241074343,ALLOW,0,Low,0.1,5
58,0.7670532241074343,1.0,Compliant,0.8136425792859474,ALLOW,0,Low,0.1,5
59,0.8136425792859474,1.0,Compliant,0.850914063428758,ALLOW,0,Low,0.1,5
60,0.850914063428758,1.0,Compliant,0.8807312507430064,ALLOW,0,Low,0.1,5
61,0.8807312507430064,1.0,Compliant,0.9045850005944052,ALLOW,0,Low,0.1,5
62,0.9045850005944052,1.0,Compliant,0.9236680004755241,ALLOW,0,Low,0.1,5
63,0.9236680004755241,1.0,Compliant,0.9389344003804193,ALLOW,0,Low,0.1,5
64,0.9389344003804193,1.0,Compliant,0.9511475203043355,ALLOW,0,Low,0.1,5
65,0.9511475203043355,1.0,Compliant,0.9609180162434684,ALLOW,0,Low,0.1,5
66,0.9609180162434684,1.0,Compliant,0.9687344129947747,ALLOW,0,Low,0.1,5
67,0.9687344129947747,1.0,Compliant,0.9749875303958198,ALLOW,0,Low,0.1,5
68,0.9749875303958198,1.0,Compliant,0.9799900243166558,ALLOW,0,Low,0.1,5
69,0.9799900243166558,1.0,Compliant,0.9839920194533247,ALLOW,0,Low,0.1,5
70,0.9839920194533247,1.0,Compliant,0.9871936155626597,ALLOW,0,Low,0.1,5
71,0.9871936155626597,1.0,Compliant,0.9897548924501278,ALLOW,0,Low,0.1,5
72,0.9897548924501278,1.0,Compliant,0.9918039139601023,ALLOW,0,Low,0.1,5
73,0.9918039139601023,1.0,Compliant,0.9934431311680818,ALLOW,0,Low,0.1,5
74,0.9934431311680818,1.0,Compliant,0.9947545049344655,ALLOW,0,Low,0.1,5
75,0.9947545049344655,1.0,Compliant,0.9958036039475724,ALLOW,0,Low,0.1,5
76,0.9958036039475724,1.0,Compliant,0.9966428831580579,ALLOW,0,Low,0.1,5
77,0.9966428831580579,0.0,Violation,0.7973143065264464,ALLOW,1,Low,0.1,5
78,0.7973143065264464,0.0,Violation,0.6378514452211572,ALLOW,1,Low,0.1,5
79,0.6378514452211572,0.0,Violation,0.5102811561769258,HUMAN_REVIEW,1,Low,0.1,5
80,0.5102811561769258,1.0,Compliant,0.6082249249415406,ALLOW,0,Low,0.1,5
81,0.6082249249415406,1.0,Compliant,0.6865799399532324,ALLOW,0,Low,0.1,5
82,0.6865799399532324,1.0,Compliant,0.7492639519625859,ALLOW,0,Low,0.1,5
83,0.7492639519625859,1.0,Compliant,0.7994111615700686,ALLOW,0,Low,0.1,5
84,0.7994111615700686,1.0,Compliant,0.8395289292560549,ALLOW,0,Low,0.1,5
85,0.8395289292560549,1.0,Compliant,0.8716231434048439,ALLOW,0,Low,0.1,5
86,0.8716231434048439,1.0,Compliant,0.8972985147238751,ALLOW,0,Low,0.1,5
87,0.8972985147238751,1.0,Compliant,0.9178388117791001,ALLOW,0,Low,0.1,5
88,0.9178388117791001,1.0,Compliant,0.9342710494232801,ALLOW,0,Low,0.1,5
89,0.9342710494232801,1.0,Compliant,0.9474168395386241,ALLOW,0,Low,0.1,5
90,0.9474168395386241,0.0,Violation,0.7579334716308993,ALLOW,1,Low,0.1,5
91,0.7579334716308993,1.0,Compliant,0.8063467773047195,ALLOW,0,Low,0.1,5
92,0.8063467773047195,1.0,Compliant,0.8450774218437755,ALLOW,0,Low,0.1,5
93,0.8450774218437755,1.0,Compliant,0.8760619374750205,ALLOW,0,Low,0.1,5
94,0.8760619374750205,1.0,Compliant,0.9008495499800164,ALLOW,0,Low,0.1,5
95,0.9008495499800164,1.0,Compliant,0.9206796399840131,ALLOW,0,Low,0.1,5
96,0.9206796399840131,1.0,Compliant,0.9365437119872105,ALLOW,0,Low,0.1,5
97,0.9365437119872105,1.0,Compliant,0.9492349695897684,ALLOW,0,Low,0.1,5
98,0.9492349695897684,1.0,Compliant,0.9593879756718147,ALLOW,0,Low,0.1,5
99,0.9593879756718147,1.0,Compliant,0.9675103805374518,ALLOW,0,Low,0.1,5
100,0.9675103805374518,1.0,Compliant,0.9740083044299614,ALLOW,0,Low,0.1,5
1,0.8,1.0,Compliant,0.8400000000000001,ALLOW,0,Low,0.1,6
2,0.8400000000000001,1.0,Compliant,0.8720000000000001,ALLOW,0,Low,0.1,6
3,0.8720000000000001,1.0,Compliant,0.8976000000000001,ALLOW,0,Low,0.1,6
4,0.8976000000000001,1.0,Compliant,0.91808,ALLOW,0,Low,0.1,6
5,0.91808,1.0,Compliant,0.934464,ALLOW,0,Low,0.1,6
6,0.934464,1.0,Compliant,0.9475712,ALLOW,0,Low,0.1,6
7,0.9475712,1.0,Compliant,0.95805696,ALLOW,0,Low,0.1,6
8,0.95805696,1.0,Compliant,0.9664455679999999,ALLOW,0,Low,0.1,6
9,0.9664455679999999,1.0,Compliant,0.9731564544,ALLOW,0,Low,0.1,6
10,0.9731564544,1.0,Compliant,0.97852516352,ALLOW,0,Low,0.1,6
11,0.97852516352,1.0,Compliant,0.982820130816,ALLOW,0,Low,0.1,6
12,0.982820130816,1.0,Compliant,0.9862561046528,ALLOW,0,Low,0.1,6
13,0.9862561046528,0.0,Violation,0.7890048837222401,ALLOW,1,Low,0.1,6
14,0.7890048837222401,1.0,Compliant,0.8312039069777921,ALLOW,0,Low,0.1,6
15,0.8312039069777921,1.0,Compliant,0.8649631255822336,ALLOW,0,Low,0.1,6
16,0.8649631255822336,0.0,Violation,0.691970500465787,ALLOW,1,Low,0.1,6
17,0.691970500465787,1.0,Compliant,0.7535764003726296,ALLOW,0,Low,0.1,6
18,0.7535764003726296,1.0,Compliant,0.8028611202981037,ALLOW,0,Low,0.1,6
19,0.8028611202981037,1.0,Compliant,0.842288896238483,ALLOW,0,Low,0.1,6
20,0.842288896238483,1.0,Compliant,0.8738311169907864,ALLOW,0,Low,0.1,6
21,0.8738311169907864,1.0,Compliant,0.8990648935926291,ALLOW,0,Low,0.1,6
22,0.8990648935926291,1.0,Compliant,0.9192519148741033,ALLOW,0,Low,0.1,6
23,0.9192519148741033,1.0,Compliant,0.9354015318992827,ALLOW,0,Low,0.1,6
24,0.9354015318992827,1.0,Compliant,0.9483212255194261,ALLOW,0,Low,0.1,6
25,0.9483212255194261,1.0,Compliant,0.9586569804155409,ALLOW,0,Low,0.1,6
26,0.9586569804155409,1.0,Compliant,0.9669255843324327,ALLOW,0,Low,0.1,6
27,0.9669255843324327,0.0,Violation,0.7735404674659462,ALLOW,1,Low,0.1,6
28,0.7735404674659462,1.0,Compliant,0.818832373972757,ALLOW,0,Low,0.1,6
29,0.818832373972757,0.0,Violation,0.6550658991782057,ALLOW,1,Low,0.1,6
30,0.6550658991782057,1.0,Compliant,0.7240527193425645,ALLOW,0,Low,0.1,6
31,0.7240527193425645,1.0,Compliant,0.7792421754740516,ALLOW,0,Low,0.1,6
32,0.7792421754740516,1.0,Compliant,0.8233937403792413,ALLOW,0,Low,0.1,6
33,0.8233937403792413,1.0,Compliant,0.858714992303393,ALLOW,0,Low,0.1,6
34,0.858714992303393,1.0,Compliant,0.8869719938427144,ALLOW,0,Low,0.1,6
35,0.8869719938427144,1.0,Compliant,0.9095775950741716,ALLOW,0,Low,0.1,6
36,0.9095775950741716,1.0,Compliant,0.9276620760593373,ALLOW,0,Low,0.1,6
37,0.9276620760593373,1.0,Compliant,0.9421296608474699,ALLOW,0,Low,0.1,6
38,0.9421296608474699,1.0,Compliant,0.9537037286779759,ALLOW,0,Low,0.1,6
39,0.9537037286779759,1.0,Compliant,0.9629629829423807,ALLOW,0,Low,0.1,6
40,0.9629629829423807,1.0,Compliant,0.9703703863539046,ALLOW,0,Low,0.1,6
41,0.9703703863539046,1.0,Compliant,0.9762963090831237,ALLOW,0,Low,0.1,6
42,0.9762963090831237,0.0,Violation,0.781037047266499,ALLOW,1,Low,0.1,6
43,0.781037047266499,1.0,Compliant,0.8248296378131992,ALLOW,0,Low,0.1,6
44,0.8248296378131992,1.0,Compliant,0.8598637102505593,ALLOW,0,Low,0.1,6
45,0.8598637102505593,1.0,Compliant,0.8878909682004474,ALLOW,0,Low,0.1,6
46,0.8878909682004474,1.0,Compliant,0.910312774560358,ALLOW,0,Low,0.1,6
47,0.910312774560358,1.0,Compliant,0.9282502196482864,ALLOW,0,Low,0.1,6
48,0.9282502196482864,1.0,Compliant,0.9426001757186291,ALLOW,0,Low,0.1,6
49,0.9426001757186291,1.0,Compliant,0.9540801405749033,ALLOW,0,Low,0.1,6
50,0.9540801405749033,1.0,Compliant,0.9632641124599226,ALLOW,0,Low,0.1,6
51,0.9632641124599226,1.0,Compliant,0.9706112899679381,ALLOW,0,Low,0.1,6
52,0.9706112899679381,1.0,Compliant,0.9764890319743504,ALLOW,0,Low,0.1,6
53,0.9764890319743504,1.0,Compliant,0.9811912255794804,ALLOW,0,Low,0.1,6
54,0.9811912255794804,1.0,Compliant,0.9849529804635843,ALLOW,0,Low,0.1,6
55,0.9849529804635843,1.0,Compliant,0.9879623843708674,ALLOW,0,Low,0.1,6
56,0.9879623843708674,1.0,Compliant,0.9903699074966938,ALLOW,0,Low,0.1,6
57,0.9903699074966938,1.0,Compliant,0.992295925997355,ALLOW,0,Low,0.1,6
58,0.992295925997355,1.0,Compliant,0.9938367407978841,ALLOW,0,Low,0.1,6
59,0.9938367407978841,0.0,Violation,0.7950693926383073,ALLOW,1,Low,0.1,6
60,0.7950693926383073,1.0,Compliant,0.8360555141106458,ALLOW,0,Low,0.1,6
61,0.8360555141106458,1.0,Compliant,0.8688444112885166,ALLOW,0,Low,0.1,6
62,0.8688444112885166,1.0,Compliant,0.8950755290308133,ALLOW,0,Low,0.1,6
63,0.8950755290308133,1.0,Compliant,0.9160604232246506,ALLOW,0,Low,0.1,6
64,0.9160604232246506,1.0,Compliant,0.9328483385797205,ALLOW,0,Low,0.1,6
65,0.9328483385797205,1.0,Compliant,0.9462786708637764,ALLOW,0,Low,0.1,6
66,0.9462786708637764,1.0,Compliant,0.9570229366910211,ALLOW,0,Low,0.1,6
67,0.9570229366910211,1.0,Compliant,0.9656183493528169,ALLOW,0,Low,0.1,6
68,0.9656183493528169,1.0,Compliant,0.9724946794822535,ALLOW,0,Low,0.1,6
69,0.9724946794822535,1.0,Compliant,0.9779957435858029,ALLOW,0,Low,0.1,6
70,0.9779957435858029,1.0,Compliant,0.9823965948686423,ALLOW,0,Low,0.1,6
71,0.9823965948686423,1.0,Compliant,0.9859172758949138,ALLOW,0,Low,0.1,6
72,0.9859172758949138,1.0,Compliant,0.9887338207159311,ALLOW,0,Low,0.1,6
73,0.9887338207159311,1.0,Compliant,0.9909870565727449,ALLOW,0,Low,0.1,6
74,0.9909870565727449,1.0,Compliant,0.9927896452581959,ALLOW,0,Low,0.1,6
75,0.9927896452581959,1.0,Compliant,0.9942317162065567,ALLOW,0,Low,0.1,6
76,0.9942317162065567,1.0,Compliant,0.9953853729652453,ALLOW,0,Low,0.1,6
77,0.9953853729652453,1.0,Compliant,0.9963082983721963,ALLOW,0,Low,0.1,6
78,0.9963082983721963,1.0,Compliant,0.997046638697757,ALLOW,0,Low,0.1,6
79,0.997046638697757,0.0,Violation,0.7976373109582057,ALLOW,1,Low,0.1,6
80,0.7976373109582057,1.0,Compliant,0.8381098487665646,ALLOW,0,Low,0.1,6
81,0.8381098487665646,1.0,Compliant,0.8704878790132516,ALLOW,0,Low,0.1,6
82,0.8704878790132516,0.0,Violation,0.6963903032106014,ALLOW,1,Low,0.1,6
83,0.6963903032106014,1.0,Compliant,0.7571122425684811,ALLOW,0,Low,0.1,6
84,0.7571122425684811,1.0,Compliant,0.8056897940547849,ALLOW,0,Low,0.1,6
85,0.8056897940547849,1.0,Compliant,0.8445518352438279,ALLOW,0,Low,0.1,6
86,0.8445518352438279,0.0,Violation,0.6756414681950624,ALLOW,1,Low,0.1,6
87,0.6756414681950624,1.0,Compliant,0.7405131745560499,ALLOW,0,Low,0.1,6
88,0.7405131745560499,1.0,Compliant,0.7924105396448399,ALLOW,0,Low,0.1,6
89,0.7924105396448399,1.0,Compliant,0.8339284317158719,ALLOW,0,Low,0.1,6
90,0.8339284317158719,1.0,Compliant,0.8671427453726975,ALLOW,0,Low,0.1,6
91,0.8671427453726975,1.0,Compliant,0.8937141962981581,ALLOW,0,Low,0.1,6
92,0.8937141962981581,1.0,Compliant,0.9149713570385265,ALLOW,0,Low,0.1,6
93,0.9149713570385265,1.0,Compliant,0.9319770856308212,ALLOW,0,Low,0.1,6
94,0.9319770856308212,0.0,Violation,0.745581668504657,ALLOW,1,Low,0.1,6
95,0.745581668504657,1.0,Compliant,0.7964653348037256,ALLOW,0,Low,0.1,6
96,0.7964653348037256,1.0,Compliant,0.8371722678429805,ALLOW,0,Low,0.1,6
97,0.8371722678429805,1.0,Compliant,0.8697378142743843,ALLOW,0,Low,0.1,6
98,0.8697378142743843,1.0,Compliant,0.8957902514195075,ALLOW,0,Low,0.1,6
99,0.8957902514195075,1.0,Compliant,0.9166322011356061,ALLOW,0,Low,0.1,6
100,0.9166322011356061,1.0,Compliant,0.9333057609084848,ALLOW,0,Low,0.1,6
1,0.8,0.0,Violation,0.6400000000000001,ALLOW,1,Low,0.1,7
2,0.6400000000000001,1.0,Compliant,0.7120000000000001,ALLOW,0,Low,0.1,7
3,0.7120000000000001,1.0,Compliant,0.7696000000000001,ALLOW,0,Low,0.1,7
4,0.7696000000000001,1.0,Compliant,0.8156800000000001,ALLOW,0,Low,0.1,7
5,0.8156800000000001,1.0,Compliant,0.8525440000000001,ALLOW,0,Low,0.1,7
6,0.8525440000000001,1.0,Compliant,0.8820352,ALLOW,0,Low,0.1,7
7,0.8820352,1.0,Compliant,0.90562816,ALLOW,0,Low,0.1,7
8,0.90562816,1.0,Compliant,0.924502528,ALLOW,0,Low,0.1,7
9,0.924502528,1.0,Compliant,0.9396020224,ALLOW,0,Low,0.1,7
10,0.9396020224,0.0,Violation,0.7516816179200001,ALLOW,1,Low,0.1,7
11,0.7516816179200001,1.0,Compliant,0.8013452943360001,ALLOW,0,Low,0.1,7
12,0.8013452943360001,1.0,Compliant,0.8410762354688001,ALLOW,0,Low,0.1,7
13,0.8410762354688001,1.0,Compliant,0.87286098837504,ALLOW,0,Low,0.1,7
14,0.87286098837504,1.0,Compliant,0.898288790700032,ALLOW,0,Low,0.1,7
15,0.898288790700032,1.0,Compliant,0.9186310325600255,ALLOW,0,Low,0.1,7
16,0.9186310325600255,1.0,Compliant,0.9349048260480204,ALLOW,0,Low,0.1,7
17,0.9349048260480204,1.0,Compliant,0.9479238608384163,ALLOW,0,Low,0.1,7
18,0.9479238608384163,1.0,Compliant,0.958339088670733,ALLOW,0,Low,0.1,7
19,0.958339088670733,1.0,Compliant,0.9666712709365864,ALLOW,0,Low,0.1,7
20,0.9666712709365864,1.0,Compliant,0.9733370167492692,ALLOW,0,Low,0.1,7
21,0.9733370167492692,1.0,Compliant,0.9786696133994154,ALLOW,0,Low,0.1,7
22,0.9786696133994154,1.0,Compliant,0.9829356907195324,ALLOW,0,Low,0.1,7
23,0.9829356907195324,1.0,Compliant,0.9863485525756259,ALLOW,0,Low,0.1,7
24,0.9863485525756259,1.0,Compliant,0.9890788420605008,ALLOW,0,Low,0.1,7
25,0.9890788420605008,1.0,Compliant,0.9912630736484006,ALLOW,0,Low,0.1,7
26,0.9912630736484006,1.0,Compliant,0.9930104589187205,ALLOW,0,Low,0.1,7
27,0.9930104589187205,1.0,Compliant,0.9944083671349764,ALLOW,0,Low,0.1,7
28,0.9944083671349764,1.0,Compliant,0.9955266937079811,ALLOW,0,Low,0.1,7
29,0.9955266937079811,1.0,Compliant,0.9964213549663848,ALLOW,0,Low,0.1,7
30,0.9964213549663848,1.0,Compliant,0.9971370839731079,ALLOW,0,Low,0.1,7
31,0.9971370839731079,1.0,Compliant,0.9977096671784863,ALLOW,0,Low,0.1,7
32,0.9977096671784863,1.0,Compliant,0.998167733742789,ALLOW,0,Low,0.1,7
33,0.998167733742789,1.0,Compliant,0.9985341869942312,ALLOW,0,Low,0.1,7
34,0.9985341869942312,1.0,Compliant,0.998827349595385,ALLOW,0,Low,0.1,7
35,0.998827349595385,1.0,Compliant,0.999061879676308,ALLOW,0,Low,0.1,7
36,0.999061879676308,1.0,Compliant,0.9992495037410464,ALLOW,0,Low,0.1,7
37,0.9992495037410464,1.0,Compliant,0.9993996029928371,ALLOW,0,Low,0.1,7
38,0.9993996029928371,1.0,Compliant,0.9995196823942697,ALLOW,0,Low,0.1,7
39,0.9995196823942697,1.0,Compliant,0.9996157459154158,ALLOW,0,Low,0.1,7
40,0.9996157459154158,1.0,Compliant,0.9996925967323327,ALLOW,0,Low,0.1,7
41,0.9996925967323327,1.0,Compliant,0.9997540773858662,ALLOW,0,Low,0.1,7
42,0.9997540773858662,0.0,Violation,0.799803261908693,ALLOW,1,Low,0.1,7
43,0.799803261908693,1.0,Compliant,0.8398426095269544,ALLOW,0,Low,0.1,7
44,0.8398426095269544,1.0,Compliant,0.8718740876215636,ALLOW,0,Low,0.1,7
45,0.8718740876215636,1.0,Compliant,0.8974992700972508,ALLOW,0,Low,0.1,7
46,0.8974992700972508,1.0,Compliant,0.9179994160778007,ALLOW,0,Low,0.1,7
47,0.9179994160778007,1.0,Compliant,0.9343995328622405,ALLOW,0,Low,0.1,7
48,0.9343995328622405,1.0,Compliant,0.9475196262897925,ALLOW,0,Low,0.1,7
49,0.9475196262897925,1.0,Compliant,0.958015701031834,ALLOW,0,Low,0.1,7
50,0.958015701031834,1.0,Compliant,0.9664125608254672,ALLOW,0,Low,0.1,7
51,0.9664125608254672,1.0,Compliant,0.9731300486603738,ALLOW,0,Low,0.1,7
52,0.9731300486603738,1.0,Compliant,0.9785040389282991,ALLOW,0,Low,0.1,7
53,0.9785040389282991,1.0,Compliant,0.9828032311426392,ALLOW,0,Low,0.1,7
54,0.9828032311426392,1.0,Compliant,0.9862425849141114,ALLOW,0,Low,0.1,7
55,0.9862425849141114,1.0,Compliant,0.9889940679312892,ALLOW,0,Low,0.1,7
56,0.9889940679312892,1.0,Compliant,0.9911952543450313,ALLOW,0,Low,0.1,7
57,0.9911952543450313,1.0,Compliant,0.9929562034760251,ALLOW,0,Low,0.1,7
58,0.9929562034760251,1.0,Compliant,0.9943649627808201,ALLOW,0,Low,0.1,7
59,0.9943649627808201,0.0,Violation,0.7954919702246561,ALLOW,1,Low,0.1,7
60,0.7954919702246561,1.0,Compliant,0.8363935761797249,ALLOW,0,Low,0.1,7
61,0.8363935761797249,0.0,Violation,0.6691148609437799,ALLOW,1,Low,0.1,7
62,0.6691148609437799,1.0,Compliant,0.7352918887550239,ALLOW,0,Low,0.1,7
63,0.7352918887550239,1.0,Compliant,0.7882335110040192,ALLOW,0,Low,0.1,7
64,0.7882335110040192,1.0,Compliant,0.8305868088032153,ALLOW,0,Low,0.1,7
65,0.8305868088032153,1.0,Compliant,0.8644694470425722,ALLOW,0,Low,0.1,7
66,0.8644694470425722,1.0,Compliant,0.8915755576340578,ALLOW,0,Low,0.1,7
67,0.8915755576340578,1.0,Compliant,0.9132604461072462,ALLOW,0,Low,0.1,7
68,0.9132604461072462,1.0,Compliant,0.930608356885797,ALLOW,0,Low,0.1,7
69,0.930608356885797,1.0,Compliant,0.9444866855086376,ALLOW,0,Low,0.1,7
70,0.9444866855086376,1.0,Compliant,0.95558934840691,ALLOW,0,Low,0.1,7
71,0.95558934840691,1.0,Compliant,0.964471478725528,ALLOW,0,Low,0.1,7
72,0.964471478725528,1.0,Compliant,0.9715771829804224,ALLOW,0,Low,0.1,7
73,0.9715771829804224,1.0,Compliant,0.9772617463843379,ALLOW,0,Low,0.1,7
74,0.9772617463843379,1.0,Compliant,0.9818093971074704,ALLOW,0,Low,0.1,7
75,0.9818093971074704,1.0,Compliant,0.9854475176859763,ALLOW,0,Low,0.1,7
76,0.9854475176859763,1.0,Compliant,0.988358014148781,ALLOW,0,Low,0.1,7
77,0.988358014148781,1.0,Compliant,0.9906864113190248,ALLOW,0,Low,0.1,7
78,0.9906864113190248,1.0,Compliant,0.9925491290552199,ALLOW,0,Low,0.1,7
79,0.9925491290552199,1.0,Compliant,0.9940393032441759,ALLOW,0,Low,0.1,7
80,0.9940393032441759,1.0,Compliant,0.9952314425953407,ALLOW,0,Low,0.1,7
81,0.9952314425953407,1.0,Compliant,0.9961851540762725,ALLOW,0,Low,0.1,7
82,0.9961851540762725,1.0,Compliant,0.996948123261018,ALLOW,0,Low,0.1,7
83,0.996948123261018,1.0,Compliant,0.9975584986088144,ALLOW,0,Low,0.1,7
84,0.9975584986088144,1.0,Compliant,0.9980467988870515,ALLOW,0,Low,0.1,7
85,0.9980467988870515,1.0,Compliant,0.9984374391096412,ALLOW,0,Low,0.1,7
86,0.9984374391096412,1.0,Compliant,0.9987499512877129,ALLOW,0,Low,0.1,7
87,0.9987499512877129,1.0,Compliant,0.9989999610301703,ALLOW,0,Low,0.1,7
88,0.9989999610301703,1.0,Compliant,0.9991999688241362,ALLOW,0,Low,0.1,7
89,0.9991999688241362,0.0,Violation,0.799359975059309,ALLOW,1,Low,0.1,7
90,0.799359975059309,1.0,Compliant,0.8394879800474472,ALLOW,0,Low,0.1,7
91,0.8394879800474472,1.0,Compliant,0.8715903840379577,ALLOW,0,Low,0.1,7
92,0.8715903840379577,1.0,Compliant,0.8972723072303662,ALLOW,0,Low,0.1,7
93,0.8972723072303662,1.0,Compliant,0.9178178457842929,ALLOW,0,Low,0.1,7
94,0.9178178457842929,1.0,Compliant,0.9342542766274343,ALLOW,0,Low,0.1,7
95,0.9342542766274343,1.0,Compliant,0.9474034213019474,ALLOW,0,Low,0.1,7
96,0.9474034213019474,1.0,Compliant,0.957922737041558,ALLOW,0,Low,0.1,7
97,0.957922737041558,1.0,Compliant,0.9663381896332464,ALLOW,0,Low,0.1,7
98,0.9663381896332464,1.0,Compliant,0.9730705517065971,ALLOW,0,Low,0.1,7
99,0.9730705517065971,0.0,Violation,0.7784564413652777,ALLOW,1,Low,0.1,7
100,0.7784564413652777,1.0,Compliant,0.8227651530922222,ALLOW,0,Low,0.1,7
1,0.8,1.0,Compliant,0.8400000000000001,ALLOW,0,Low,0.1,8
2,0.8400000000000001,1.0,Compliant,0.8720000000000001,ALLOW,0,Low,0.1,8
3,0.8720000000000001,1.0,Compliant,0.8976000000000001,ALLOW,0,Low,0.1,8
4,0.8976000000000001,1.0,Compliant,0.91808,ALLOW,0,Low,0.1,8
5,0.91808,1.0,Compliant,0.934464,ALLOW,0,Low,0.1,8
6,0.934464,1.0,Compliant,0.9475712,ALLOW,0,Low,0.1,8
7,0.9475712,1.0,Compliant,0.95805696,ALLOW,0,Low,0.1,8
8,0.95805696,0.0,Violation,0.766445568,ALLOW,1,Low,0.1,8
9,0.766445568,1.0,Compliant,0.8131564544,ALLOW,0,Low,0.1,8
10,0.8131564544,1.0,Compliant,0.85052516352,ALLOW,0,Low,0.1,8
11,0.85052516352,1.0,Compliant,0.880420130816,ALLOW,0,Low,0.1,8
12,0.880420130816,1.0,Compliant,0.9043361046528,ALLOW,0,Low,0.1,8
13,0.9043361046528,1.0,Compliant,0.92346888372224,ALLOW,0,Low,0.1,8
14,0.92346888372224,1.0,Compliant,0.938775106977792,ALLOW,0,Low,0.1,8
15,0.938775106977792,1.0,Compliant,0.9510200855822336,ALLOW,0,Low,0.1,8
16,0.9510200855822336,1.0,Compliant,0.9608160684657869,ALLOW,0,Low,0.1,8
17,0.9608160684657869,1.0,Compliant,0.9686528547726295,ALLOW,0,Low,0.1,8
18,0.9686528547726295,1.0,Compliant,0.9749222838181036,ALLOW,0,Low,0.1,8
19,0.9749222838181036,1.0,Compliant,0.979937827054483,ALLOW,0,Low,0.1,8
20,0.979937827054483,1.0,Compliant,0.9839502616435863,ALLOW,0,Low,0.1,8
21,0.9839502616435863,1.0,Compliant,0.987160209314869,ALLOW,0,Low,0.1,8
22,0.987160209314869,1.0,Compliant,0.9897281674518952,ALLOW,0,Low,0.1,8
23,0.9897281674518952,1.0,Compliant,0.9917825339615162,ALLOW,0,Low,0.1,8
24,0.9917825339615162,1.0,Compliant,0.9934260271692129,ALLOW,0,Low,0.1,8
25,0.9934260271692129,1.0,Compliant,0.9947408217353704,ALLOW,0,Low,0.1,8
26,0.9947408217353704,1.0,Compliant,0.9957926573882963,ALLOW,0,Low,0.1,8
27,0.9957926573882963,0.0,Violation,0.7966341259106371,ALLOW,1,Low,0.1,8
28,0.7966341259106371,1.0,Compliant,0.8373073007285097,ALLOW,0,Low,0.1,8
29,0.8373073007285097,1.0,Compliant,0.8698458405828078,ALLOW,0,Low,0.1,8
30,0.8698458405828078,1.0,Compliant,0.8958766724662462,ALLOW,0,Low,0.1,8
31,0.8958766724662462,1.0,Compliant,0.916701337972997,ALLOW,0,Low,0.1,8
32,0.916701337972997,1.0,Compliant,0.9333610703783977,ALLOW,0,Low,0.1,8
33,0.9333610703783977,1.0,Compliant,0.9466888563027182,ALLOW,0,Low,0.1,8
34,0.9466888563027182,1.0,Compliant,0.9573510850421745,ALLOW,0,Low,0.1,8
35,0.9573510850421745,1.0,Compliant,0.9658808680337396,ALLOW,0,Low,0.1,8
36,0.9658808680337396,0.0,Violation,0.7727046944269917,ALLOW,1,Low,0.1,8
37,0.7727046944269917,1.0,Compliant,0.8181637555415934,ALLOW,0,Low,0.1,8
38,0.8181637555415934,0.0,Violation,0.6545310044332747,ALLOW,1,Low,0.1,8
39,0.6545310044332747,1.0,Compliant,0.7236248035466197,ALLOW,0,Low,0.1,8
40,0.7236248035466197,1.0,Compliant,0.7788998428372957,ALLOW,0,Low,0.1,8
41,0.7788998428372957,0.0,Violation,0.6231198742698366,ALLOW,1,Low,0.1,8
42,0.6231198742698366,1.0,Compliant,0.6984958994158692,ALLOW,0,Low,0.1,8
43,0.6984958994158692,1.0,Compliant,0.7587967195326953,ALLOW,0,Low,0.1,8
44,0.7587967195326953,0.0,Violation,0.6070373756261563,ALLOW,1,Low,0.1,8
45,0.6070373756261563,1.0,Compliant,0.685629900500925,ALLOW,0,Low,0.1,8
46,0.685629900500925,1.0,Compliant,0.74850392040074,ALLOW,0,Low,0.1,8
47,0.74850392040074,1.0,Compliant,0.798803136320592,ALLOW,0,Low,0.1,8
48,0.798803136320592,1.0,Compliant,0.8390425090564736,ALLOW,0,Low,0.1,8
49,0.8390425090564736,1.0,Compliant,0.8712340072451789,ALLOW,0,Low,0.1,8
50,0.8712340072451789,1.0,Compliant,0.8969872057961431,ALLOW,0,Low,0.1,8
51,0.8969872057961431,1.0,Compliant,0.9175897646369144,ALLOW,0,Low,0.1,8
52,0.9175897646369144,1.0,Compliant,0.9340718117095316,ALLOW,0,Low,0.1,8
53,0.9340718117095316,0.0,Violation,0.7472574493676253,ALLOW,1,Low,0.1,8
54,0.7472574493676253,1.0,Compliant,0.7978059594941002,ALLOW,0,Low,0.1,8
55,0.7978059594941002,1.0,Compliant,0.8382447675952801,ALLOW,0,Low,0.1,8
56,0.8382447675952801,1.0,Compliant,0.8705958140762241,ALLOW,0,Low,0.1,8
57,0.8705958140762241,1.0,Compliant,0.8964766512609793,ALLOW,0,Low,0.1,8
58,0.8964766512609793,1.0,Compliant,0.9171813210087835,ALLOW,0,Low,0.1,8
59,0.9171813210087835,1.0,Compliant,0.9337450568070268,ALLOW,0,Low,0.1,8
60,0.9337450568070268,1.0,Compliant,0.9469960454456214,ALLOW,0,Low,0.1,8
61,0.9469960454456214,1.0,Compliant,0.9575968363564972,ALLOW,0,Low,0.1,8
62,0.9575968363564972,1.0,Compliant,0.9660774690851978,ALLOW,0,Low,0.1,8
63,0.9660774690851978,0.0,Violation,0.7728619752681583,ALLOW,1,Low,0.1,8
64,0.7728619752681583,0.0,Violation,0.6182895802145266,ALLOW,1,Low,0.1,8
65,0.6182895802145266,1.0,Compliant,0.6946316641716213,ALLOW,0,Low,0.1,8
66,0.6946316641716213,1.0,Compliant,0.755705331337297,ALLOW,0,Low,0.1,8
67,0.755705331337297,1.0,Compliant,0.8045642650698376,ALLOW,0,Low,0.1,8
68,0.8045642650698376,1.0,Compliant,0.84365141205587,ALLOW,0,Low,0.1,8
69,0.84365141205587,0.0,Violation,0.6749211296446961,ALLOW,1,Low,0.1,8
70,0.6749211296446961,1.0,Compliant,0.7399369037157568,ALLOW,0,Low,0.1,8
71,0.7399369037157568,1.0,Compliant,0.7919495229726055,ALLOW,0,Low,0.1,8
72,0.7919495229726055,1.0,Compliant,0.8335596183780843,ALLOW,0,Low,0.1,8
73,0.8335596183780843,1.0,Compliant,0.8668476947024675,ALLOW,0,Low,0.1,8
74,0.8668476947024675,0.0,Violation,0.693478155761974,ALLOW,1,Low,0.1,8
75,0.693478155761974,1.0,Compliant,0.7547825246095792,ALLOW,0,Low,0.1,8
76,0.7547825246095792,1.0,Compliant,0.8038260196876633,ALLOW,0,Low,0.1,8
77,0.8038260196876633,1.0,Compliant,0.8430608157501307,ALLOW,0,Low,0.1,8
78,0.8430608157501307,1.0,Compliant,0.8744486526001045,ALLOW,0,Low,0.1,8
79,0.8744486526001045,1.0,Compliant,0.8995589220800836,ALLOW,0,Low,0.1,8
80,0.8995589220800836,1.0,Compliant,0.9196471376640669,ALLOW,0,Low,0.1,8
81,0.9196471376640669,1.0,Compliant,0.9357177101312535,ALLOW,0,Low,0.1,8
82,0.9357177101312535,0.0,Violation,0.7485741681050029,ALLOW,1,Low,0.1,8
83,0.7485741681050029,1.0,Compliant,0.7988593344840023,ALLOW,0,Low,0.1,8
84,0.7988593344840023,1.0,Compliant,0.8390874675872018,ALLOW,0,Low,0.1,8
85,0.8390874675872018,1.0,Compliant,0.8712699740697614,ALLOW,0,Low,0.1,8
86,0.8712699740697614,1.0,Compliant,0.8970159792558091,ALLOW,0,Low,0.1,8
87,0.8970159792558091,1.0,Compliant,0.9176127834046472,ALLOW,0,Low,0.1,8
88,0.9176127834046472,1.0,Compliant,0.9340902267237178,ALLOW,0,Low,0.1,8
89,0.9340902267237178,1.0,Compliant,0.9472721813789742,ALLOW,0,Low,0.1,8
90,0.9472721813789742,1.0,Compliant,0.9578177451031793,ALLOW,0,Low,0.1,8
91,0.9578177451031793,0.0,Violation,0.7662541960825435,ALLOW,1,Low,0.1,8
92,0.7662541960825435,1.0,Compliant,0.8130033568660349,ALLOW,0,Low,0.1,8
93,0.8130033568660349,1.0,Compliant,0.8504026854928279,ALLOW,0,Low,0.1,8
94,0.8504026854928279,1.0,Compliant,0.8803221483942624,ALLOW,0,Low,0.1,8
95,0.8803221483942624,1.0,Compliant,0.9042577187154099,ALLOW,0,Low,0.1,8
96,0.9042577187154099,1.0,Compliant,0.9234061749723279,ALLOW,0,Low,0.1,8
97,0.9234061749723279,1.0,Compliant,0.9387249399778623,ALLOW,0,Low,0.1,8
98,0.9387249399778623,1.0,Compliant,0.9509799519822899,ALLOW,0,Low,0.1,8
99,0.9509799519822899,1.0,Compliant,0.9607839615858319,ALLOW,0,Low,0.1,8
100,0.9607839615858319,0.0,Violation,0.7686271692686656,ALLOW,1,Low,0.1,8
1,0.8,0.0,Violation,0.6400000000000001,ALLOW,1,Low,0.1,9
2,0.6400000000000001,1.0,Compliant,0.7120000000000001,ALLOW,0,Low,0.1,9
3,0.7120000000000001,0.0,Violation,0.5696000000000001,HUMAN_REVIEW,1,Low,0.1,9
4,0.5696000000000001,1.0,Compliant,0.65568,ALLOW,0,Low,0.1,9
5,0.65568,1.0,Compliant,0.724544,ALLOW,0,Low,0.1,9
6,0.724544,1.0,Compliant,0.7796352,ALLOW,0,Low,0.1,9
7,0.7796352,1.0,Compliant,0.82370816,ALLOW,0,Low,0.1,9
8,0.82370816,1.0,Compliant,0.8589665280000001,ALLOW,0,Low,0.1,9
9,0.8589665280000001,0.0,Violation,0.6871732224000001,ALLOW,1,Low,0.1,9
10,0.6871732224000001,1.0,Compliant,0.7497385779200001,ALLOW,0,Low,0.1,9
11,0.7497385779200001,1.0,Compliant,0.799790862336,ALLOW,0,Low,0.1,9
12,0.799790862336,0.0,Violation,0.6398326898688,ALLOW,1,Low,0.1,9
13,0.6398326898688,1.0,Compliant,0.71186615189504,ALLOW,0,Low,0.1,9
14,0.71186615189504,1.0,Compliant,0.769492921516032,ALLOW,0,Low,0.1,9
15,0.769492921516032,1.0,Compliant,0.8155943372128256,ALLOW,0,Low,0.1,9
16,0.8155943372128256,1.0,Compliant,0.8524754697702605,ALLOW,0,Low,0.1,9
17,0.8524754697702605,1.0,Compliant,0.8819803758162084,ALLOW,0,Low,0.1,9
18,0.8819803758162084,1.0,Compliant,0.9055843006529667,ALLOW,0,Low,0.1,9
19,0.9055843006529667,1.0,Compliant,0.9244674405223734,ALLOW,0,Low,0.1,9
20,0.9244674405223734,1.0,Compliant,0.9395739524178988,ALLOW,0,Low,0.1,9
21,0.9395739524178988,0.0,Violation,0.751659161934319,ALLOW,1,Low,0.1,9
22,0.751659161934319,1.0,Compliant,0.8013273295474552,ALLOW,0,Low,0.1,9
23,0.8013273295474552,1.0,Compliant,0.8410618636379642,ALLOW,0,Low,0.1,9
24,0.8410618636379642,1.0,Compliant,0.8728494909103713,ALLOW,0,Low,0.1,9
25,0.8728494909103713,1.0,Compliant,0.898279592728297,ALLOW,0,Low,0.1,9
26,0.898279592728297,1.0,Compliant,0.9186236741826377,ALLOW,0,Low,0.1,9
27,0.9186236741826377,1.0,Compliant,0.9348989393461101,ALLOW,0,Low,0.1,9
28,0.9348989393461101,1.0,Compliant,0.9479191514768881,ALLOW,0,Low,0.1,9
29,0.9479191514768881,1.0,Compliant,0.9583353211815104,ALLOW,0,Low,0.1,9
30,0.9583353211815104,0.0,Violation,0.7666682569452083,ALLOW,1,Low,0.1,9
31,0.7666682569452083,1.0,Compliant,0.8133346055561667,ALLOW,0,Low,0.1,9
32,0.8133346055561667,1.0,Compliant,0.8506676844449333,ALLOW,0,Low,0.1,9
33,0.8506676844449333,0.0,Violation,0.6805341475559468,ALLOW,1,Low,0.1,9
34,0.6805341475559468,1.0,Compliant,0.7444273180447574,ALLOW,0,Low,0.1,9
35,0.7444273180447574,1.0,Compliant,0.7955418544358058,ALLOW,0,Low,0.1,9
36,0.7955418544358058,1.0,Compliant,0.8364334835486447,ALLOW,0,Low,0.1,9
37,0.8364334835486447,1.0,Compliant,0.8691467868389158,ALLOW,0,Low,0.1,9
38,0.8691467868389158,1.0,Compliant,0.8953174294711326,ALLOW,0,Low,0.1,9
39,0.8953174294711326,1.0,Compliant,0.916253943576906,ALLOW,0,Low,0.1,9
40,0.916253943576906,1.0,Compliant,0.9330031548615249,ALLOW,0,Low,0.1,9
41,0.9330031548615249,1.0,Compliant,0.9464025238892199,ALLOW,0,Low,0.1,9
42,0.9464025238892199,1.0,Compliant,0.9571220191113758,ALLOW,0,Low,0.1,9
43,0.9571220191113758,1.0,Compliant,0.9656976152891007,ALLOW,0,Low,0.1,9
44,0.9656976152891007,1.0,Compliant,0.9725580922312805,ALLOW,0,Low,0.1,9
45,0.9725580922312805,1.0,Compliant,0.9780464737850244,ALLOW,0,Low,0.1,9
46,0.9780464737850244,1.0,Compliant,0.9824371790280195,ALLOW,0,Low,0.1,9
47,0.9824371790280195,1.0,Compliant,0.9859497432224156,ALLOW,0,Low,0.1,9
48,0.9859497432224156,1.0,Compliant,0.9887597945779325,ALLOW,0,Low,0.1,9
49,0.9887597945779325,1.0,Compliant,0.991007835662346,ALLOW,0,Low,0.1,9
50,0.991007835662346,0.0,Violation,0.7928062685298768,ALLOW,1,Low,0.1,9
51,0.7928062685298768,1.0,Compliant,0.8342450148239015,ALLOW,0,Low,0.1,9
52,0.8342450148239015,1.0,Compliant,0.8673960118591212,ALLOW,0,Low,0.1,9
53,0.8673960118591212,1.0,Compliant,0.8939168094872969,ALLOW,0,Low,0.1,9
54,0.8939168094872969,1.0,Compliant,0.9151334475898375,ALLOW,0,Low,0.1,9
55,0.9151334475898375,1.0,Compliant,0.93210675807187,ALLOW,0,Low,0.1,9
56,0.93210675807187,1.0,Compliant,0.945685406457496,ALLOW,0,Low,0.1,9
57,0.945685406457496,0.0,Violation,0.7565483251659968,ALLOW,1,Low,0.1,9
58,0.7565483251659968,1.0,Compliant,0.8052386601327974,ALLOW,0,Low,0.1,9
59,0.8052386601327974,1.0,Compliant,0.844190928106238,ALLOW,0,Low,0.1,9
60,0.844190928106238,1.0,Compliant,0.8753527424849904,ALLOW,0,Low,0.1,9
61,0.8753527424849904,1.0,Compliant,0.9002821939879924,ALLOW,0,Low,0.1,9
62,0.9002821939879924,1.0,Compliant,0.9202257551903938,ALLOW,0,Low,0.1,9
63,0.9202257551903938,1.0,Compliant,0.9361806041523151,ALLOW,0,Low,0.1,9
64,0.9361806041523151,1.0,Compliant,0.9489444833218521,ALLOW,0,Low,0.1,9
65,0.9489444833218521,1.0,Compliant,0.9591555866574817,ALLOW,0,Low,0.1,9
66,0.9591555866574817,1.0,Compliant,0.9673244693259854,ALLOW,0,Low,0.1,9
67,0.9673244693259854,1.0,Compliant,0.9738595754607883,ALLOW,0,Low,0.1,9
68,0.9738595754607883,1.0,Compliant,0.9790876603686306,ALLOW,0,Low,0.1,9
69,0.9790876603686306,1.0,Compliant,0.9832701282949045,ALLOW,0,Low,0.1,9
70,0.9832701282949045,1.0,Compliant,0.9866161026359236,ALLOW,0,Low,0.1,9
71,0.9866161026359236,1.0,Compliant,0.9892928821087389,ALLOW,0,Low,0.1,9
72,0.9892928821087389,1.0,Compliant,0.9914343056869911,ALLOW,0,Low,0.1,9
73,0.9914343056869911,1.0,Compliant,0.9931474445495929,ALLOW,0,Low,0.1,9
74,0.9931474445495929,1.0,Compliant,0.9945179556396744,ALLOW,0,Low,0.1,9
75,0.9945179556396744,1.0,Compliant,0.9956143645117395,ALLOW,0,Low,0.1,9
76,0.9956143645117395,0.0,Violation,0.7964914916093916,ALLOW,1,Low,0.1,9
77,0.7964914916093916,1.0,Compliant,0.8371931932875133,ALLOW,0,Low,0.1,9
78,0.8371931932875133,0.0,Violation,0.6697545546300107,ALLOW,1,Low,0.1,9
79,0.6697545546300107,1.0,Compliant,0.7358036437040085,ALLOW,0,Low,0.1,9
80,0.7358036437040085,0.0,Violation,0.5886429149632069,HUMAN_REVIEW,1,Low,0.1,9
81,0.5886429149632069,1.0,Compliant,0.6709143319705655,ALLOW,0,Low,0.1,9
82,0.6709143319705655,1.0,Compliant,0.7367314655764524,ALLOW,0,Low,0.1,9
83,0.7367314655764524,1.0,Compliant,0.7893851724611619,ALLOW,0,Low,0.1,9
84,0.7893851724611619,1.0,Compliant,0.8315081379689295,ALLOW,0,Low,0.1,9
85,0.8315081379689295,1.0,Compliant,0.8652065103751436,ALLOW,0,Low,0.1,9
86,0.8652065103751436,1.0,Compliant,0.8921652083001149,ALLOW,0,Low,0.1,9
87,0.8921652083001149,1.0,Compliant,0.9137321666400919,ALLOW,0,Low,0.1,9
88,0.9137321666400919,1.0,Compliant,0.9309857333120736,ALLOW,0,Low,0.1,9
89,0.9309857333120736,1.0,Compliant,0.9447885866496588,ALLOW,0,Low,0.1,9
90,0.9447885866496588,1.0,Compliant,0.955830869319727,ALLOW,0,Low,0.1,9
91,0.955830869319727,1.0,Compliant,0.9646646954557816,ALLOW,0,Low,0.1,9
92,0.9646646954557816,1.0,Compliant,0.9717317563646253,ALLOW,0,Low,0.1,9
93,0.9717317563646253,1.0,Compliant,0.9773854050917002,ALLOW,0,Low,0.1,9
94,0.9773854050917002,1.0,Compliant,0.9819083240733602,ALLOW,0,Low,0.1,9
95,0.9819083240733602,1.0,Compliant,0.9855266592586881,ALLOW,0,Low,0.1,9
96,0.9855266592586881,1.0,Compliant,0.9884213274069504,ALLOW,0,Low,0.1,9
97,0.9884213274069504,1.0,Compliant,0.9907370619255603,ALLOW,0,Low,0.1,9
98,0.9907370619255603,1.0,Compliant,0.9925896495404483,ALLOW,0,Low,0.1,9
99,0.9925896495404483,1.0,Compliant,0.9940717196323586,ALLOW,0,Low,0.1,9
100,0.9940717196323586,1.0,Compliant,0.9952573757058869,ALLOW,0,Low,0.1,9
1,0.8,0.0,Violation,0.6400000000000001,ALLOW,1,Low,0.1,10
2,0.6400000000000001,1.0,Compliant,0.7120000000000001,ALLOW,0,Low,0.1,10
3,0.7120000000000001,1.0,Compliant,0.7696000000000001,ALLOW,0,Low,0.1,10
4,0.7696000000000001,1.0,Compliant,0.8156800000000001,ALLOW,0,Low,0.1,10
5,0.8156800000000001,1.0,Compliant,0.8525440000000001,ALLOW,0,Low,0.1,10
6,0.8525440000000001,1.0,Compliant,0.8820352,ALLOW,0,Low,0.1,10
7,0.8820352,1.0,Compliant,0.90562816,ALLOW,0,Low,0.1,10
8,0.90562816,1.0,Compliant,0.924502528,ALLOW,0,Low,0.1,10
9,0.924502528,0.0,Violation,0.7396020224000001,ALLOW,1,Low,0.1,10
10,0.7396020224000001,1.0,Compliant,0.79168161792,ALLOW,0,Low,0.1,10
11,0.79168161792,1.0,Compliant,0.833345294336,ALLOW,0,Low,0.1,10
12,0.833345294336,1.0,Compliant,0.8666762354688,ALLOW,0,Low,0.1,10
13,0.8666762354688,0.0,Violation,0.6933409883750401,ALLOW,1,Low,0.1,10
14,0.6933409883750401,1.0,Compliant,0.754672790700032,ALLOW,0,Low,0.1,10
15,0.754672790700032,1.0,Compliant,0.8037382325600256,ALLOW,0,Low,0.1,10
16,0.8037382325600256,1.0,Compliant,0.8429905860480205,ALLOW,0,Low,0.1,10
17,0.8429905860480205,1.0,Compliant,0.8743924688384164,ALLOW,0,Low,0.1,10
18,0.8743924688384164,0.0,Violation,0.6995139750707331,ALLOW,1,Low,0.1,10
19,0.6995139750707331,1.0,Compliant,0.7596111800565865,ALLOW,0,Low,0.1,10
20,0.7596111800565865,1.0,Compliant,0.8076889440452691,ALLOW,0,Low,0.1,10
21,0.8076889440452691,1.0,Compliant,0.8461511552362153,ALLOW,0,Low,0.1,10
22,0.8461511552362153,1.0,Compliant,0.8769209241889723,ALLOW,0,Low,0.1,10
23,0.8769209241889723,1.0,Compliant,0.9015367393511778,ALLOW,0,Low,0.1,10
24,0.9015367393511778,0.0,Violation,0.7212293914809423,ALLOW,1,Low,0.1,10
25,0.7212293914809423,1.0,Compliant,0.7769835131847539,ALLOW,0,Low,0.1,10
26,0.7769835131847539,1.0,Compliant,0.8215868105478031,ALLOW,0,Low,0.1,10
27,0.8215868105478031,1.0,Compliant,0.8572694484382425,ALLOW,0,Low,0.1,10
28,0.8572694484382425,1.0,Compliant,0.885815558750594,ALLOW,0,Low,0.1,10
29,0.885815558750594,0.0,Violation,0.7086524470004752,ALLOW,1,Low,0.1,10
30,0.7086524470004752,1.0,Compliant,0.7669219576003802,ALLOW,0,Low,0.1,10
31,0.7669219576003802,1.0,Compliant,0.8135375660803041,ALLOW,0,Low,0.1,10
32,0.8135375660803041,1.0,Compliant,0.8508300528642433,ALLOW,0,Low,0.1,10
33,0.8508300528642433,1.0,Compliant,0.8806640422913946,ALLOW,0,Low,0.1,10
34,0.8806640422913946,1.0,Compliant,0.9045312338331157,ALLOW,0,Low,0.1,10
35,0.9045312338331157,1.0,Compliant,0.9236249870664925,ALLOW,0,Low,0.1,10
36,0.9236249870664925,1.0,Compliant,0.938899989653194,ALLOW,0,Low,0.1,10
37,0.938899989653194,1.0,Compliant,0.9511199917225552,ALLOW,0,Low,0.1,10
38,0.9511199917225552,1.0,Compliant,0.9608959933780442,ALLOW,0,Low,0.1,10
39,0.9608959933780442,1.0,Compliant,0.9687167947024353,ALLOW,0,Low,0.1,10
40,0.9687167947024353,1.0,Compliant,0.9749734357619483,ALLOW,0,Low,0.1,10
41,0.9749734357619483,1.0,Compliant,0.9799787486095586,ALLOW,0,Low,0.1,10
42,0.9799787486095586,1.0,Compliant,0.9839829988876468,ALLOW,0,Low,0.1,10
43,0.9839829988876468,1.0,Compliant,0.9871863991101175,ALLOW,0,Low,0.1,10
44,0.9871863991101175,1.0,Compliant,0.9897491192880941,ALLOW,0,Low,0.1,10
45,0.9897491192880941,1.0,Compliant,0.9917992954304753,ALLOW,0,Low,0.1,10
46,0.9917992954304753,1.0,Compliant,0.9934394363443803,ALLOW,0,Low,0.1,10
47,0.9934394363443803,1.0,Compliant,0.9947515490755042,ALLOW,0,Low,0.1,10
48,0.9947515490755042,1.0,Compliant,0.9958012392604034,ALLOW,0,Low,0.1,10
49,0.9958012392604034,1.0,Compliant,0.9966409914083227,ALLOW,0,Low,0.1,10
50,0.9966409914083227,1.0,Compliant,0.9973127931266582,ALLOW,0,Low,0.1,10
51,0.9973127931266582,1.0,Compliant,0.9978502345013266,ALLOW,0,Low,0.1,10
52,0.9978502345013266,0.0,Violation,0.7982801876010613,ALLOW,1,Low,0.1,10
53,0.7982801876010613,1.0,Compliant,0.8386241500808491,ALLOW,0,Low,0.1,10
54,0.8386241500808491,1.0,Compliant,0.8708993200646793,ALLOW,0,Low,0.1,10
55,0.8708993200646793,1.0,Compliant,0.8967194560517434,ALLOW,0,Low,0.1,10
56,0.8967194560517434,1.0,Compliant,0.9173755648413947,ALLOW,0,Low,0.1,10
57,0.9173755648413947,1.0,Compliant,0.9339004518731158,ALLOW,0,Low,0.1,10
58,0.9339004518731158,1.0,Compliant,0.9471203614984927,ALLOW,0,Low,0.1,10
59,0.9471203614984927,1.0,Compliant,0.9576962891987941,ALLOW,0,Low,0.1,10
60,0.9576962891987941,1.0,Compliant,0.9661570313590353,ALLOW,0,Low,0.1,10
61,0.9661570313590353,1.0,Compliant,0.9729256250872282,ALLOW,0,Low,0.1,10
62,0.9729256250872282,1.0,Compliant,0.9783405000697826,ALLOW,0,Low,0.1,10
63,0.9783405000697826,1.0,Compliant,0.982672400055826,ALLOW,0,Low,0.1,10
64,0.982672400055826,1.0,Compliant,0.9861379200446608,ALLOW,0,Low,0.1,10
65,0.9861379200446608,1.0,Compliant,0.9889103360357286,ALLOW,0,Low,0.1,10
66,0.9889103360357286,1.0,Compliant,0.991128268828583,ALLOW,0,Low,0.1,10
67,0.991128268828583,1.0,Compliant,0.9929026150628664,ALLOW,0,Low,0.1,10
68,0.9929026150628664,1.0,Compliant,0.9943220920502931,ALLOW,0,Low,0.1,10
69,0.9943220920502931,1.0,Compliant,0.9954576736402345,ALLOW,0,Low,0.1,10
70,0.9954576736402345,1.0,Compliant,0.9963661389121876,ALLOW,0,Low,0.1,10
71,0.9963661389121876,1.0,Compliant,0.9970929111297501,ALLOW,0,Low,0.1,10
72,0.9970929111297501,0.0,Violation,0.7976743289038001,ALLOW,1,Low,0.1,10
73,0.7976743289038001,1.0,Compliant,0.8381394631230401,ALLOW,0,Low,0.1,10
74,0.8381394631230401,1.0,Compliant,0.8705115704984321,ALLOW,0,Low,0.1,10
75,0.8705115704984321,1.0,Compliant,0.8964092563987457,ALLOW,0,Low,0.1,10
76,0.8964092563987457,1.0,Compliant,0.9171274051189966,ALLOW,0,Low,0.1,10
77,0.9171274051189966,1.0,Compliant,0.9337019240951973,ALLOW,0,Low,0.1,10
78,0.9337019240951973,1.0,Compliant,0.9469615392761578,ALLOW,0,Low,0.1,10
79,0.9469615392761578,1.0,Compliant,0.9575692314209262,ALLOW,0,Low,0.1,10
80,0.9575692314209262,1.0,Compliant,0.9660553851367409,ALLOW,0,Low,0.1,10
81,0.9660553851367409,1.0,Compliant,0.9728443081093927,ALLOW,0,Low,0.1,10
82,0.9728443081093927,1.0,Compliant,0.9782754464875142,ALLOW,0,Low,0.1,10
83,0.9782754464875142,1.0,Compliant,0.9826203571900114,ALLOW,0,Low,0.1,10
84,0.9826203571900114,1.0,Compliant,0.9860962857520091,ALLOW,0,Low,0.1,10
85,0.9860962857520091,1.0,Compliant,0.9888770286016073,ALLOW,0,Low,0.1,10
86,0.9888770286016073,1.0,Compliant,0.9911016228812859,ALLOW,0,Low,0.1,10
87,0.9911016228812859,1.0,Compliant,0.9928812983050287,ALLOW,0,Low,0.1,10
88,0.9928812983050287,1.0,Compliant,0.994305038644023,ALLOW,0,Low,0.1,10
89,0.994305038644023,1.0,Compliant,0.9954440309152184,ALLOW,0,Low,0.1,10
90,0.9954440309152184,1.0,Compliant,0.9963552247321747,ALLOW,0,Low,0.1,10
91,0.9963552247321747,0.0,Violation,0.7970841797857399,ALLOW,1,Low,0.1,10
92,0.7970841797857399,1.0,Compliant,0.8376673438285919,ALLOW,0,Low,0.1,10
93,0.8376673438285919,1.0,Compliant,0.8701338750628735,ALLOW,0,Low,0.1,10
94,0.8701338750628735,1.0,Compliant,0.8961071000502988,ALLOW,0,Low,0.1,10
95,0.8961071000502988,0.0,Violation,0.7168856800402391,ALLOW,1,Low,0.1,10
96,0.7168856800402391,1.0,Compliant,0.7735085440321913,ALLOW,0,Low,0.1,10
97,0.7735085440321913,1.0,Compliant,0.818806835225753,ALLOW,0,Low,0.1,10
98,0.818806835225753,1.0,Compliant,0.8550454681806025,ALLOW,0,Low,0.1,10
99,0.8550454681806025,1.0,Compliant,0.8840363745444819,ALLOW,0,Low,0.1,10
100,0.8840363745444819,1.0,Compliant,0.9072290996355855,ALLOW,0,Low,0.1,10
1,0.8,1.0,Compliant,0.8400000000000001,ALLOW,0,Low,0.1,11
2,0.8400000000000001,1.0,Compliant,0.8720000000000001,ALLOW,0,Low,0.1,11
3,0.8720000000000001,1.0,Compliant,0.8976000000000001,ALLOW,0,Low,0.1,11
4,0.8976000000000001,0.0,Violation,0.71808,ALLOW,1,Low,0.1,11
5,0.71808,1.0,Compliant,0.774464,ALLOW,0,Low,0.1,11
6,0.774464,1.0,Compliant,0.8195712,ALLOW,0,Low,0.1,11
7,0.8195712,1.0,Compliant,0.85565696,ALLOW,0,Low,0.1,11
8,0.85565696,1.0,Compliant,0.884525568,ALLOW,0,Low,0.1,11
9,0.884525568,1.0,Compliant,0.9076204544,ALLOW,0,Low,0.1,11
10,0.9076204544,1.0,Compliant,0.92609636352,ALLOW,0,Low,0.1,11
11,0.92609636352,0.0,Violation,0.7408770908160001,ALLOW,1,Low,0.1,11
12,0.7408770908160001,1.0,Compliant,0.7927016726528,ALLOW,0,Low,0.1,11
13,0.7927016726528,1.0,Compliant,0.83416133812224,ALLOW,0,Low,0.1,11
14,0.83416133812224,1.0,Compliant,0.8673290704977921,ALLOW,0,Low,0.1,11
15,0.8673290704977921,0.0,Violation,0.6938632563982337,ALLOW,1,Low,0.1,11
16,0.6938632563982337,1.0,Compliant,0.7550906051185869,ALLOW,0,Low,0.1,11
17,0.7550906051185869,1.0,Compliant,0.8040724840948695,ALLOW,0,Low,0.1,11
18,0.8040724840948695,1.0,Compliant,0.8432579872758956,ALLOW,0,Low,0.1,11
19,0.8432579872758956,1.0,Compliant,0.8746063898207165,ALLOW,0,Low,0.1,11
20,0.8746063898207165,1.0,Compliant,0.8996851118565732,ALLOW,0,Low,0.1,11
21,0.8996851118565732,0.0,Violation,0.7197480894852586,ALLOW,1,Low,0.1,11
22,0.7197480894852586,1.0,Compliant,0.7757984715882068,ALLOW,0,Low,0.1,11
23,0.7757984715882068,1.0,Compliant,0.8206387772705654,ALLOW,0,Low,0.1,11
24,0.8206387772705654,1.0,Compliant,0.8565110218164523,ALLOW,0,Low,0.1,11
25,0.8565110218164523,1.0,Compliant,0.8852088174531618,ALLOW,0,Low,0.1,11
26,0.8852088174531618,1.0,Compliant,0.9081670539625295,ALLOW,0,Low,0.1,11
27,0.9081670539625295,0.0,Violation,0.7265336431700237,ALLOW,1,Low,0.1,11
28,0.7265336431700237,1.0,Compliant,0.7812269145360189,ALLOW,0,Low,0.1,11
29,0.7812269145360189,1.0,Compliant,0.8249815316288152,ALLOW,0,Low,0.1,11
30,0.8249815316288152,1.0,Compliant,0.8599852253030521,ALLOW,0,Low,0.1,11
31,0.8599852253030521,1.0,Compliant,0.8879881802424416,ALLOW,0,Low,0.1,11
32,0.8879881802424416,1.0,Compliant,0.9103905441939533,ALLOW,0,Low,0.1,11
33,0.9103905441939533,1.0,Compliant,0.9283124353551626,ALLOW,0,Low,0.1,11
34,0.9283124353551626,1.0,Compliant,0.9426499482841301,ALLOW,0,Low,0.1,11
35,0.9426499482841301,1.0,Compliant,0.954119958627304,ALLOW,0,Low,0.1,11
36,0.954119958627304,1.0,Compliant,0.9632959669018433,ALLOW,0,Low,0.1,11
37,0.9632959669018433,1.0,Compliant,0.9706367735214746,ALLOW,0,Low,0.1,11
38,0.9706367735214746,1.0,Compliant,0.9765094188171797,ALLOW,0,Low,0.1,11
39,0.9765094188171797,1.0,Compliant,0.9812075350537437,ALLOW,0,Low,0.1,11
40,0.9812075350537437,1.0,Compliant,0.9849660280429949,ALLOW,0,Low,0.1,11
41,0.9849660280429949,1.0,Compliant,0.987972822434396,ALLOW,0,Low,0.1,11
42,0.987972822434396,1.0,Compliant,0.9903782579475168,ALLOW,0,Low,0.1,11
43,0.9903782579475168,1.0,Compliant,0.9923026063580134,ALLOW,0,Low,0.1,11
44,0.9923026063580134,1.0,Compliant,0.9938420850864107,ALLOW,0,Low,0.1,11
45,0.9938420850864107,0.0,Violation,0.7950736680691286,ALLOW,1,Low,0.1,11
46,0.7950736680691286,1.0,Compliant,0.8360589344553029,ALLOW,0,Low,0.1,11
47,0.8360589344553029,0.0,Violation,0.6688471475642424,ALLOW,1,Low,0.1,11
48,0.6688471475642424,1.0,Compliant,0.7350777180513939,ALLOW,0,Low,0.1,11
49,0.7350777180513939,1.0,Compliant,0.788062174441115,ALLOW,0,Low,0.1,11
50,0.788062174441115,1.0,Compliant,0.830449739552892,ALLOW,0,Low,0.1,11
51,0.830449739552892,1.0,Compliant,0.8643597916423136,ALLOW,0,Low,0.1,11
52,0.8643597916423136,1.0,Compliant,0.8914878333138508,ALLOW,0,Low,0.1,11
53,0.8914878333138508,0.0,Violation,0.7131902666510808,ALLOW,1,Low,0.1,11
54,0.7131902666510808,1.0,Compliant,0.7705522133208645,ALLOW,0,Low,0.1,11
55,0.7705522133208645,1.0,Compliant,0.8164417706566917,ALLOW,0,Low,0.1,11
56,0.8164417706566917,1.0,Compliant,0.8531534165253534,ALLOW,0,Low,0.1,11
57,0.8531534165253534,1.0,Compliant,0.8825227332202827,ALLOW,0,Low,0.1,11
58,0.8825227332202827,1.0,Compliant,0.9060181865762262,ALLOW,0,Low,0.1,11
59,0.9060181865762262,1.0,Compliant,0.924814549260981,ALLOW,0,Low,0.1,11
60,0.924814549260981,1.0,Compliant,0.9398516394087848,ALLOW,0,Low,0.1,11
61,0.9398516394087848,1.0,Compliant,0.9518813115270278,ALLOW,0,Low,0.1,11
62,0.9518813115270278,1.0,Compliant,0.9615050492216223,ALLOW,0,Low,0.1,11
63,0.9615050492216223,1.0,Compliant,0.9692040393772978,ALLOW,0,Low,0.1,11
64,0.9692040393772978,1.0,Compliant,0.9753632315018382,ALLOW,0,Low,0.1,11
65,0.9753632315018382,1.0,Compliant,0.9802905852014706,ALLOW,0,Low,0.1,11
66,0.9802905852014706,1.0,Compliant,0.9842324681611765,ALLOW,0,Low,0.1,11
67,0.9842324681611765,1.0,Compliant,0.9873859745289412,ALLOW,0,Low,0.1,11
68,0.9873859745289412,1.0,Compliant,0.9899087796231529,ALLOW,0,Low,0.1,11
69,0.9899087796231529,1.0,Compliant,0.9919270236985224,ALLOW,0,Low,0.1,11
70,0.9919270236985224,0.0,Violation,0.7935416189588179,ALLOW,1,Low,0.1,11
71,0.7935416189588179,1.0,Compliant,0.8348332951670543,ALLOW,0,Low,0.1,11
72,0.8348332951670543,1.0,Compliant,0.8678666361336435,ALLOW,0,Low,0.1,11
73,0.8678666361336435,1.0,Compliant,0.8942933089069147,ALLOW,0,Low,0.1,11
74,0.8942933089069147,1.0,Compliant,0.9154346471255318,ALLOW,0,Low,0.1,11
75,0.9154346471255318,1.0,Compliant,0.9323477177004255,ALLOW,0,Low,0.1,11
76,0.9323477177004255,1.0,Compliant,0.9458781741603404,ALLOW,0,Low,0.1,11
77,0.9458781741603404,1.0,Compliant,0.9567025393282723,ALLOW,0,Low,0.1,11
78,0.9567025393282723,1.0,Compliant,0.9653620314626179,ALLOW,0,Low,0.1,11
79,0.9653620314626179,1.0,Compliant,0.9722896251700943,ALLOW,0,Low,0.1,11
80,0.9722896251700943,1.0,Compliant,0.9778317001360755,ALLOW,0,Low,0.1,11
81,0.9778317001360755,1.0,Compliant,0.9822653601088603,ALLOW,0,Low,0.1,11
82,0.9822653601088603,1.0,Compliant,0.9858122880870883,ALLOW,0,Low,0.1,11
83,0.9858122880870883,0.0,Violation,0.7886498304696707,ALLOW,1,Low,0.1,11
84,0.7886498304696707,1.0,Compliant,0.8309198643757366,ALLOW,0,Low,0.1,11
85,0.8309198643757366,1.0,Compliant,0.8647358915005893,ALLOW,0,Low,0.1,11
86,0.8647358915005893,1.0,Compliant,0.8917887132004714,ALLOW,0,Low,0.1,11
87,0.8917887132004714,1.0,Compliant,0.9134309705603771,ALLOW,0,Low,0.1,11
88,0.9134309705603771,1.0,Compliant,0.9307447764483017,ALLOW,0,Low,0.1,11
89,0.9307447764483017,1.0,Compliant,0.9445958211586414,ALLOW,0,Low,0.1,11
90,0.9445958211586414,1.0,Compliant,0.9556766569269131,ALLOW,0,Low,0.1,11
91,0.9556766569269131,0.0,Violation,0.7645413255415305,ALLOW,1,Low,0.1,11
92,0.7645413255415305,1.0,Compliant,0.8116330604332245,ALLOW,0,Low,0.1,11
93,0.8116330604332245,1.0,Compliant,0.8493064483465795,ALLOW,0,Low,0.1,11
94,0.8493064483465795,1.0,Compliant,0.8794451586772636,ALLOW,0,Low,0.1,11
95,0.8794451586772636,1.0,Compliant,0.9035561269418109,ALLOW,0,Low,0.1,11
96,0.9035561269418109,1.0,Compliant,0.9228449015534487,ALLOW,0,Low,0.1,11
97,0.9228449015534487,1.0,Compliant,0.9382759212427589,ALLOW,0,Low,0.1,11
98,0.9382759212427589,1.0,Compliant,0.9506207369942071,ALLOW,0,Low,0.1,11
99,0.9506207369942071,1.0,Compliant,0.9604965895953657,ALLOW,0,Low,0.1,11
100,0.9604965895953657,1.0,Compliant,0.9683972716762925,ALLOW,0,Low,0.1,11
1,0.8,1.0,Compliant,0.8400000000000001,ALLOW,0,Low,0.1,12
2,0.8400000000000001,1.0,Compliant,0.8720000000000001,ALLOW,0,Low,0.1,12
3,0.8720000000000001,1.0,Compliant,0.8976000000000001,ALLOW,0,Low,0.1,12
4,0.8976000000000001,1.0,Compliant,0.91808,ALLOW,0,Low,0.1,12
5,0.91808,1.0,Compliant,0.934464,ALLOW,0,Low,0.1,12
6,0.934464,1.0,Compliant,0.9475712,ALLOW,0,Low,0.1,12
7,0.9475712,1.0,Compliant,0.95805696,ALLOW,0,Low,0.1,12
8,0.95805696,1.0,Compliant,0.9664455679999999,ALLOW,0,Low,0.1,12
9,0.9664455679999999,1.0,Compliant,0.9731564544,ALLOW,0,Low,0.1,12
10,0.9731564544,1.0,Compliant,0.97852516352,ALLOW,0,Low,0.1,12
11,0.97852516352,1.0,Compliant,0.982820130816,ALLOW,0,Low,0.1,12
12,0.982820130816,1.0,Compliant,0.9862561046528,ALLOW,0,Low,0.1,12
13,0.9862561046528,1.0,Compliant,0.98900488372224,ALLOW,0,Low,0.1,12
14,0.98900488372224,1.0,Compliant,0.991203906977792,ALLOW,0,Low,0.1,12
15,0.991203906977792,1.0,Compliant,0.9929631255822337,ALLOW,0,Low,0.1,12
16,0.9929631255822337,1.0,Compliant,0.9943705004657869,ALLOW,0,Low,0.1,12
17,0.9943705004657869,1.0,Compliant,0.9954964003726295,ALLOW,0,Low,0.1,12
18,0.9954964003726295,1.0,Compliant,0.9963971202981037,ALLOW,0,Low,0.1,12
19,0.9963971202981037,1.0,Compliant,0.9971176962384829,ALLOW,0,Low,0.1,12
20,0.9971176962384829,1.0,Compliant,0.9976941569907863,ALLOW,0,Low,0.1,12
21,0.9976941569907863,1.0,Compliant,0.9981553255926291,ALLOW,0,Low,0.1,12
22,0.9981553255926291,1.0,Compliant,0.9985242604741033,ALLOW,0,Low,0.1,12
23,0.9985242604741033,1.0,Compliant,0.9988194083792826,ALLOW,0,Low,0.1,12
24,0.9988194083792826,1.0,Compliant,0.9990555267034261,ALLOW,0,Low,0.1,12
25,0.9990555267034261,1.0,Compliant,0.9992444213627409,ALLOW,0,Low,0.1,12
26,0.9992444213627409,1.0,Compliant,0.9993955370901928,ALLOW,0,Low,0.1,12
27,0.9993955370901928,1.0,Compliant,0.9995164296721543,ALLOW,0,Low,0.1,12
28,0.9995164296721543,1.0,Compliant,0.9996131437377234,ALLOW,0,Low,0.1,12
29,0.9996131437377234,1.0,Compliant,0.9996905149901787,ALLOW,0,Low,0.1,12
30,0.9996905149901787,1.0,Compliant,0.9997524119921429,ALLOW,0,Low,0.1,12
31,0.9997524119921429,1.0,Compliant,0.9998019295937144,ALLOW,0,Low,0.1,12
32,0.9998019295937144,1.0,Compliant,0.9998415436749715,ALLOW,0,Low,0.1,12
33,0.9998415436749715,1.0,Compliant,0.9998732349399772,ALLOW,0,Low,0.1,12
34,0.9998732349399772,1.0,Compliant,0.9998985879519817,ALLOW,0,Low,0.1,12
35,0.9998985879519817,1.0,Compliant,0.9999188703615853,ALLOW,0,Low,0.1,12
36,0.9999188703615853,1.0,Compliant,0.9999350962892682,ALLOW,0,Low,0.1,12
37,0.9999350962892682,1.0,Compliant,0.9999480770314146,ALLOW,0,Low,0.1,12
38,0.9999480770314146,0.0,Violation,0.7999584616251317,ALLOW,1,Low,0.1,12
39,0.7999584616251317,1.0,Compliant,0.8399667693001054,ALLOW,0,Low,0.1,12
40,0.8399667693001054,1.0,Compliant,0.8719734154400843,ALLOW,0,Low,0.1,12
41,0.8719734154400843,1.0,Compliant,0.8975787323520674,ALLOW,0,Low,0.1,12
42,0.8975787323520674,1.0,Compliant,0.9180629858816539,ALLOW,0,Low,0.1,12
43,0.9180629858816539,1.0,Compliant,0.9344503887053232,ALLOW,0,Low,0.1,12
44,0.9344503887053232,1.0,Compliant,0.9475603109642585,ALLOW,0,Low,0.1,12
45,0.9475603109642585,1.0,Compliant,0.9580482487714068,ALLOW,0,Low,0.1,12
46,0.9580482487714068,1.0,Compliant,0.9664385990171255,ALLOW,0,Low,0.1,12
47,0.9664385990171255,1.0,Compliant,0.9731508792137004,ALLOW,0,Low,0.1,12
48,0.9731508792137004,0.0,Violation,0.7785207033709604,ALLOW,1,Low,0.1,12
49,0.7785207033709604,1.0,Compliant,0.8228165626967683,ALLOW,0,Low,0.1,12
50,0.8228165626967683,0.0,Violation,0.6582532501574146,ALLOW,1,Low,0.1,12
51,0.6582532501574146,1.0,Compliant,0.7266026001259317,ALLOW,0,Low,0.1,12
52,0.7266026001259317,1.0,Compliant,0.7812820801007453,ALLOW,0,Low,0.1,12
53,0.7812820801007453,1.0,Compliant,0.8250256640805962,ALLOW,0,Low,0.1,12
54,0.8250256640805962,0.0,Violation,0.660020531264477,ALLOW,1,Low,0.1,12
55,0.660020531264477,1.0,Compliant,0.7280164250115816,ALLOW,0,Low,0.1,12
56,0.7280164250115816,1.0,Compliant,0.7824131400092652,ALLOW,0,Low,0.1,12
57,0.7824131400092652,1.0,Compliant,0.8259305120074122,ALLOW,0,Low,0.1,12
58,0.8259305120074122,1.0,Compliant,0.8607444096059298,ALLOW,0,Low,0.1,12
59,0.8607444096059298,1.0,Compliant,0.8885955276847438,ALLOW,0,Low,0.1,12
60,0.8885955276847438,1.0,Compliant,0.9108764221477951,ALLOW,0,Low,0.1,12
61,0.9108764221477951,1.0,Compliant,0.928701137718236,ALLOW,0,Low,0.1,12
62,0.928701137718236,1.0,Compliant,0.9429609101745888,ALLOW,0,Low,0.1,12
63,0.9429609101745888,0.0,Violation,0.7543687281396712,ALLOW,1,Low,0.1,12
64,0.7543687281396712,1.0,Compliant,0.8034949825117369,ALLOW,0,Low,0.1,12
65,0.8034949825117369,1.0,Compliant,0.8427959860093895,ALLOW,0,Low,0.1,12
66,0.8427959860093895,1.0,Compliant,0.8742367888075117,ALLOW,0,Low,0.1,12
67,0.8742367888075117,0.0,Violation,0.6993894310460094,ALLOW,1,Low,0.1,12
68,0.6993894310460094,1.0,Compliant,0.7595115448368075,ALLOW,0,Low,0.1,12
69,0.7595115448368075,1.0,Compliant,0.807609235869446,ALLOW,0,Low,0.1,12
70,0.807609235869446,1.0,Compliant,0.8460873886955568,ALLOW,0,Low,0.1,12
71,0.8460873886955568,1.0,Compliant,0.8768699109564454,ALLOW,0,Low,0.1,12
72,0.8768699109564454,1.0,Compliant,0.9014959287651563,ALLOW,0,Low,0.1,12
73,0.9014959287651563,0.0,Violation,0.7211967430121251,ALLOW,1,Low,0.1,12
74,0.7211967430121251,1.0,Compliant,0.7769573944097,ALLOW,0,Low,0.1,12
75,0.7769573944097,1.0,Compliant,0.82156591552776,ALLOW,0,Low,0.1,12
76,0.82156591552776,1.0,Compliant,0.857252732422208,ALLOW,0,Low,0.1,12
77,0.857252732422208,1.0,Compliant,0.8858021859377664,ALLOW,0,Low,0.1,12
78,0.8858021859377664,1.0,Compliant,0.9086417487502131,ALLOW,0,Low,0.1,12
79,0.9086417487502131,1.0,Compliant,0.9269133990001704,ALLOW,0,Low,0.1,12
80,0.9269133990001704,1.0,Compliant,0.9415307192001363,ALLOW,0,Low,0.1,12
81,0.9415307192001363,1.0,Compliant,0.9532245753601091,ALLOW,0,Low,0.1,12
82,0.9532245753601091,1.0,Compliant,0.9625796602880873,ALLOW,0,Low,0.1,12
83,0.9625796602880873,0.0,Violation,0.7700637282304699,ALLOW,1,Low,0.1,12
84,0.7700637282304699,1.0,Compliant,0.8160509825843759,ALLOW,0,Low,0.1,12
85,0.8160509825843759,1.0,Compliant,0.8528407860675007,ALLOW,0,Low,0.1,12
86,0.8528407860675007,1.0,Compliant,0.8822726288540006,ALLOW,0,Low,0.1,12
87,0.8822726288540006,1.0,Compliant,0.9058181030832004,ALLOW,0,Low,0.1,12
88,0.9058181030832004,1.0,Compliant,0.9246544824665603,ALLOW,0,Low,0.1,12
89,0.9246544824665603,1.0,Compliant,0.9397235859732482,ALLOW,0,Low,0.1,12
90,0.9397235859732482,1.0,Compliant,0.9517788687785986,ALLOW,0,Low,0.1,12
91,0.9517788687785986,1.0,Compliant,0.9614230950228789,ALLOW,0,Low,0.1,12
92,0.9614230950228789,1.0,Compliant,0.9691384760183032,ALLOW,0,Low,0.1,12
93,0.9691384760183032,1.0,Compliant,0.9753107808146425,ALLOW,0,Low,0.1,12
94,0.9753107808146425,1.0,Compliant,0.980248624651714,ALLOW,0,Low,0.1,12
95,0.980248624651714,1.0,Compliant,0.9841988997213712,ALLOW,0,Low,0.1,12
96,0.9841988997213712,1.0,Compliant,0.987359119777097,ALLOW,0,Low,0.1,12
97,0.987359119777097,1.0,Compliant,0.9898872958216776,ALLOW,0,Low,0.1,12
98,0.9898872958216776,1.0,Compliant,0.991909836657342,ALLOW,0,Low,0.1,12
99,0.991909836657342,1.0,Compliant,0.9935278693258736,ALLOW,0,Low,0.1,12
100,0.9935278693258736,1.0,Compliant,0.9948222954606989,ALLOW,0,Low,0.1,12
1,0.8,1.0,Compliant,0.8400000000000001,ALLOW,0,Low,0.1,13
2,0.8400000000000001,0.0,Violation,0.6720000000000002,ALLOW,1,Low,0.1,13
3,0.6720000000000002,1.0,Compliant,0.7376000000000001,ALLOW,0,Low,0.1,13
4,0.7376000000000001,1.0,Compliant,0.7900800000000001,ALLOW,0,Low,0.1,13
5,0.7900800000000001,1.0,Compliant,0.8320640000000001,ALLOW,0,Low,0.1,13
6,0.8320640000000001,1.0,Compliant,0.8656512000000001,ALLOW,0,Low,0.1,13
7,0.8656512000000001,1.0,Compliant,0.89252096,ALLOW,0,Low,0.1,13
8,0.89252096,1.0,Compliant,0.914016768,ALLOW,0,Low,0.1,13
9,0.914016768,1.0,Compliant,0.9312134143999999,ALLOW,0,Low,0.1,13
10,0.9312134143999999,1.0,Compliant,0.94497073152,ALLOW,0,Low,0.1,13
11,0.94497073152,1.0,Compliant,0.955976585216,ALLOW,0,Low,0.1,13
12,0.955976585216,0.0,Violation,0.7647812681728001,ALLOW,1,Low,0.1,13
13,0.7647812681728001,1.0,Compliant,0.8118250145382401,ALLOW,0,Low,0.1,13
14,0.8118250145382401,1.0,Compliant,0.849460011630592,ALLOW,0,Low,0.1,13
15,0.849460011630592,1.0,Compliant,0.8795680093044737,ALLOW,0,Low,0.1,13
16,0.8795680093044737,1.0,Compliant,0.9036544074435789,ALLOW,0,Low,0.1,13
17,0.9036544074435789,1.0,Compliant,0.9229235259548632,ALLOW,0,Low,0.1,13
18,0.9229235259548632,1.0,Compliant,0.9383388207638905,ALLOW,0,Low,0.1,13
19,0.9383388207638905,1.0,Compliant,0.9506710566111124,ALLOW,0,Low,0.1,13
20,0.9506710566111124,1.0,Compliant,0.9605368452888899,ALLOW,0,Low,0.1,13
21,0.9605368452888899,1.0,Compliant,0.968429476231112,ALLOW,0,Low,0.1,13
22,0.968429476231112,1.0,Compliant,0.9747435809848896,ALLOW,0,Low,0.1,13
23,0.9747435809848896,1.0,Compliant,0.9797948647879117,ALLOW,0,Low,0.1,13
24,0.9797948647879117,1.0,Compliant,0.9838358918303294,ALLOW,0,Low,0.1,13
25,0.9838358918303294,1.0,Compliant,0.9870687134642635,ALLOW,0,Low,0.1,13
26,0.9870687134642635,1.0,Compliant,0.9896549707714108,ALLOW,0,Low,0.1,13
27,0.9896549707714108,1.0,Compliant,0.9917239766171286,ALLOW,0,Low,0.1,13
28,0.9917239766171286,1.0,Compliant,0.993379181293703,ALLOW,0,Low,0.1,13
29,0.993379181293703,1.0,Compliant,0.9947033450349624,ALLOW,0,Low,0.1,13
30,0.9947033450349624,1.0,Compliant,0.9957626760279699,ALLOW,0,Low,0.1,13
31,0.9957626760279699,1.0,Compliant,0.9966101408223759,ALLOW,0,Low,0.1,13
32,0.9966101408223759,0.0,Violation,0.7972881126579008,ALLOW,1,Low,0.1,13
33,0.7972881126579008,1.0,Compliant,0.8378304901263206,ALLOW,0,Low,0.1,13
34,0.8378304901263206,1.0,Compliant,0.8702643921010564,ALLOW,0,Low,0.1,13
35,0.8702643921010564,1.0,Compliant,0.8962115136808452,ALLOW,0,Low,0.1,13
36,0.8962115136808452,1.0,Compliant,0.9169692109446761,ALLOW,0,Low,0.1,13
37,0.9169692109446761,1.0,Compliant,0.9335753687557409,ALLOW,0,Low,0.1,13
38,0.9335753687557409,1.0,Compliant,0.9468602950045927,ALLOW,0,Low,0.1,13
39,0.9468602950045927,1.0,Compliant,0.9574882360036742,ALLOW,0,Low,0.1,13
40,0.9574882360036742,1.0,Compliant,0.9659905888029393,ALLOW,0,Low,0.1,13
41,0.9659905888029393,1.0,Compliant,0.9727924710423514,ALLOW,0,Low,0.1,13
42,0.9727924710423514,1.0,Compliant,0.9782339768338811,ALLOW,0,Low,0.1,13
43,0.9782339768338811,1.0,Compliant,0.9825871814671049,ALLOW,0,Low,0.1,13
44,0.9825871814671049,1.0,Compliant,0.986069745173684,ALLOW,0,Low,0.1,13
45,0.986069745173684,1.0,Compliant,0.9888557961389471,ALLOW,0,Low,0.1,13
46,0.9888557961389471,1.0,Compliant,0.9910846369111577,ALLOW,0,Low,0.1,13
47,0.9910846369111577,1.0,Compliant,0.9928677095289261,ALLOW,0,Low,0.1,13
48,0.9928677095289261,1.0,Compliant,0.9942941676231409,ALLOW,0,Low,0.1,13
49,0.9942941676231409,1.0,Compliant,0.9954353340985127,ALLOW,0,Low,0.1,13
50,0.9954353340985127,1.0,Compliant,0.9963482672788102,ALLOW,0,Low,0.1,13
51,0.9963482672788102,0.0,Violation,0.7970786138230482,ALLOW,1,Low,0.1,13
52,0.7970786138230482,0.0,Violation,0.6376628910584387,ALLOW,1,Low,0.1,13
53,0.6376628910584387,1.0,Compliant,0.7101303128467509,ALLOW,0,Low,0.1,13
54,0.7101303128467509,1.0,Compliant,0.7681042502774007,ALLOW,0,Low,0.1,13
55,0.7681042502774007,1.0,Compliant,0.8144834002219206,ALLOW,0,Low,0.1,13
56,0.8144834002219206,1.0,Compliant,0.8515867201775364,ALLOW,0,Low,0.1,13
57,0.8515867201775364,1.0,Compliant,0.8812693761420292,ALLOW,0,Low,0.1,13
58,0.8812693761420292,1.0,Compliant,0.9050155009136234,ALLOW,0,Low,0.1,13
59,0.9050155009136234,1.0,Compliant,0.9240124007308987,ALLOW,0,Low,0.1,13
60,0.9240124007308987,1.0,Compliant,0.939209920584719,ALLOW,0,Low,0.1,13
61,0.939209920584719,1.0,Compliant,0.9513679364677752,ALLOW,0,Low,0.1,13
62,0.9513679364677752,1.0,Compliant,0.9610943491742201,ALLOW,0,Low,0.1,13
63,0.9610943491742201,1.0,Compliant,0.9688754793393761,ALLOW,0,Low,0.1,13
64,0.9688754793393761,1.0,Compliant,0.9751003834715009,ALLOW,0,Low,0.1,13
65,0.9751003834715009,1.0,Compliant,0.9800803067772007,ALLOW,0,Low,0.1,13
66,0.9800803067772007,1.0,Compliant,0.9840642454217605,ALLOW,0,Low,0.1,13
67,0.9840642454217605,1.0,Compliant,0.9872513963374084,ALLOW,0,Low,0.1,13
68,0.9872513963374084,1.0,Compliant,0.9898011170699268,ALLOW,0,Low,0.1,13
69,0.9898011170699268,1.0,Compliant,0.9918408936559414,ALLOW,0,Low,0.1,13
70,0.9918408936559414,0.0,Violation,0.7934727149247531,ALLOW,1,Low,0.1,13
71,0.7934727149247531,1.0,Compliant,0.8347781719398025,ALLOW,0,Low,0.1,13
72,0.8347781719398025,1.0,Compliant,0.867822537551842,ALLOW,0,Low,0.1,13
73,0.867822537551842,1.0,Compliant,0.8942580300414736,ALLOW,0,Low,0.1,13
74,0.8942580300414736,0.0,Violation,0.715406424033179,ALLOW,1,Low,0.1,13
75,0.715406424033179,1.0,Compliant,0.7723251392265432,ALLOW,0,Low,0.1,13
76,0.7723251392265432,1.0,Compliant,0.8178601113812346,ALLOW,0,Low,0.1,13
77,0.8178601113812346,1.0,Compliant,0.8542880891049877,ALLOW,0,Low,0.1,13
78,0.8542880891049877,1.0,Compliant,0.8834304712839901,ALLOW,0,Low,0.1,13
79,0.8834304712839901,1.0,Compliant,0.9067443770271921,ALLOW,0,Low,0.1,13
80,0.9067443770271921,1.0,Compliant,0.9253955016217537,ALLOW,0,Low,0.1,13
81,0.9253955016217537,0.0,Violation,0.740316401297403,ALLOW,1,Low,0.1,13
82,0.740316401297403,1.0,Compliant,0.7922531210379223,ALLOW,0,Low,0.1,13
83,0.7922531210379223,0.0,Violation,0.633802496830338,ALLOW,1,Low,0.1,13
84,0.633802496830338,1.0,Compliant,0.7070419974642703,ALLOW,0,Low,0.1,13
85,0.7070419974642703,1.0,Compliant,0.7656335979714163,ALLOW,0,Low,0.1,13
86,0.7656335979714163,1.0,Compliant,0.812506878377133,ALLOW,0,Low,0.1,13
87,0.812506878377133,1.0,Compliant,0.8500055027017064,ALLOW,0,Low,0.1,13
88,0.8500055027017064,1.0,Compliant,0.8800044021613651,ALLOW,0,Low,0.1,13
89,0.8800044021613651,1.0,Compliant,0.904003521729092,ALLOW,0,Low,0.1,13
90,0.904003521729092,1.0,Compliant,0.9232028173832736,ALLOW,0,Low,0.1,13
91,0.9232028173832736,1.0,Compliant,0.9385622539066188,ALLOW,0,Low,0.1,13
92,0.9385622539066188,1.0,Compliant,0.9508498031252951,ALLOW,0,Low,0.1,13
93,0.9508498031252951,0.0,Violation,0.7606798425002361,ALLOW,1,Low,0.1,13
94,0.7606798425002361,1.0,Compliant,0.8085438740001889,ALLOW,0,Low,0.1,13
95,0.8085438740001889,1.0,Compliant,0.8468350992001511,ALLOW,0,Low,0.1,13
96,0.8468350992001511,0.0,Violation,0.6774680793601209,ALLOW,1,Low,0.1,13
97,0.6774680793601209,1.0,Compliant,0.7419744634880967,ALLOW,0,Low,0.1,13
98,0.7419744634880967,1.0,Compliant,0.7935795707904774,ALLOW,0,Low,0.1,13
99,0.7935795707904774,1.0,Compliant,0.8348636566323819,ALLOW,0,Low,0.1,13
100,0.8348636566323819,1.0,Compliant,0.8678909253059055,ALLOW,0,Low,0.1,13
1,0.8,1.0,Compliant,0.8400000000000001,ALLOW,0,Low,0.1,14
2,0.8400000000000001,1.0,Compliant,0.8720000000000001,ALLOW,0,Low,0.1,14
3,0.8720000000000001,1.0,Compliant,0.8976000000000001,ALLOW,0,Low,0.1,14
4,0.8976000000000001,1.0,Compliant,0.91808,ALLOW,0,Low,0.1,14
5,0.91808,1.0,Compliant,0.934464,ALLOW,0,Low,0.1,14
6,0.934464,1.0,Compliant,0.9475712,ALLOW,0,Low,0.1,14
7,0.9475712,1.0,Compliant,0.95805696,ALLOW,0,Low,0.1,14
8,0.95805696,1.0,Compliant,0.9664455679999999,ALLOW,0,Low,0.1,14
9,0.9664455679999999,1.0,Compliant,0.9731564544,ALLOW,0,Low,0.1,14
10,0.9731564544,1.0,Compliant,0.97852516352,ALLOW,0,Low,0.1,14
11,0.97852516352,1.0,Compliant,0.982820130816,ALLOW,0,Low,0.1,14
12,0.982820130816,1.0,Compliant,0.9862561046528,ALLOW,0,Low,0.1,14
13,0.9862561046528,1.0,Compliant,0.98900488372224,ALLOW,0,Low,0.1,14
14,0.98900488372224,1.0,Compliant,0.991203906977792,ALLOW,0,Low,0.1,14
15,0.991203906977792,1.0,Compliant,0.9929631255822337,ALLOW,0,Low,0.1,14
16,0.9929631255822337,1.0,Compliant,0.9943705004657869,ALLOW,0,Low,0.1,14
17,0.9943705004657869,1.0,Compliant,0.9954964003726295,ALLOW,0,Low,0.1,14
18,0.9954964003726295,1.0,Compliant,0.9963971202981037,ALLOW,0,Low,0.1,14
19,0.9963971202981037,1.0,Compliant,0.9971176962384829,ALLOW,0,Low,0.1,14
20,0.9971176962384829,1.0,Compliant,0.9976941569907863,ALLOW,0,Low,0.1,14
21,0.9976941569907863,1.0,Compliant,0.9981553255926291,ALLOW,0,Low,0.1,14
22,0.9981553255926291,1.0,Compliant,0.9985242604741033,ALLOW,0,Low,0.1,14
23,0.9985242604741033,1.0,Compliant,0.9988194083792826,ALLOW,0,Low,0.1,14
24,0.9988194083792826,1.0,Compliant,0.9990555267034261,ALLOW,0,Low,0.1,14
25,0.9990555267034261,1.0,Compliant,0.9992444213627409,ALLOW,0,Low,0.1,14
26,0.9992444213627409,1.0,Compliant,0.9993955370901928,ALLOW,0,Low,0.1,14
27,0.9993955370901928,0.0,Violation,0.7995164296721543,ALLOW,1,Low,0.1,14
28,0.7995164296721543,1.0,Compliant,0.8396131437377234,ALLOW,0,Low,0.1,14
29,0.8396131437377234,1.0,Compliant,0.8716905149901788,ALLOW,0,Low,0.1,14
30,0.8716905149901788,1.0,Compliant,0.897352411992143,ALLOW,0,Low,0.1,14
31,0.897352411992143,1.0,Compliant,0.9178819295937144,ALLOW,0,Low,0.1,14
32,0.9178819295937144,1.0,Compliant,0.9343055436749715,ALLOW,0,Low,0.1,14
33,0.9343055436749715,1.0,Compliant,0.9474444349399772,ALLOW,0,Low,0.1,14
34,0.9474444349399772,1.0,Compliant,0.9579555479519818,ALLOW,0,Low,0.1,14
35,0.9579555479519818,1.0,Compliant,0.9663644383615855,ALLOW,0,Low,0.1,14
36,0.9663644383615855,1.0,Compliant,0.9730915506892683,ALLOW,0,Low,0.1,14
37,0.9730915506892683,1.0,Compliant,0.9784732405514147,ALLOW,0,Low,0.1,14
38,0.9784732405514147,1.0,Compliant,0.9827785924411317,ALLOW,0,Low,0.1,14
39,0.9827785924411317,1.0,Compliant,0.9862228739529054,ALLOW,0,Low,0.1,14
40,0.9862228739529054,1.0,Compliant,0.9889782991623244,ALLOW,0,Low,0.1,14
41,0.9889782991623244,1.0,Compliant,0.9911826393298595,ALLOW,0,Low,0.1,14
42,0.9911826393298595,1.0,Compliant,0.9929461114638876,ALLOW,0,Low,0.1,14
43,0.9929461114638876,1.0,Compliant,0.9943568891711101,ALLOW,0,Low,0.1,14
44,0.9943568891711101,1.0,Compliant,0.9954855113368881,ALLOW,0,Low,0.1,14
45,0.9954855113368881,1.0,Compliant,0.9963884090695105,ALLOW,0,Low,0.1,14
46,0.9963884090695105,1.0,Compliant,0.9971107272556085,ALLOW,0,Low,0.1,14
47,0.9971107272556085,1.0,Compliant,0.9976885818044867,ALLOW,0,Low,0.1,14
48,0.9976885818044867,1.0,Compliant,0.9981508654435893,ALLOW,0,Low,0.1,14
49,0.9981508654435893,1.0,Compliant,0.9985206923548715,ALLOW,0,Low,0.1,14
50,0.9985206923548715,1.0,Compliant,0.9988165538838972,ALLOW,0,Low,0.1,14
51,0.9988165538838972,1.0,Compliant,0.9990532431071177,ALLOW,0,Low,0.1,14
52,0.9990532431071177,1.0,Compliant,0.9992425944856942,ALLOW,0,Low,0.1,14
53,0.9992425944856942,1.0,Compliant,0.9993940755885553,ALLOW,0,Low,0.1,14
54,0.9993940755885553,1.0,Compliant,0.9995152604708443,ALLOW,0,Low,0.1,14
55,0.9995152604708443,1.0,Compliant,0.9996122083766754,ALLOW,0,Low,0.1,14
56,0.9996122083766754,1.0,Compliant,0.9996897667013404,ALLOW,0,Low,0.1,14
57,0.9996897667013404,1.0,Compliant,0.9997518133610723,ALLOW,0,Low,0.1,14
58,0.9997518133610723,1.0,Compliant,0.9998014506888578,ALLOW,0,Low,0.1,14
59,0.9998014506888578,1.0,Compliant,0.9998411605510863,ALLOW,0,Low,0.1,14
60,0.9998411605510863,1.0,Compliant,0.9998729284408691,ALLOW,0,Low,0.1,14
61,0.9998729284408691,1.0,Compliant,0.9998983427526953,ALLOW,0,Low,0.1,14
62,0.9998983427526953,1.0,Compliant,0.9999186742021562,ALLOW,0,Low,0.1,14
63,0.9999186742021562,1.0,Compliant,0.999934939361725,ALLOW,0,Low,0.1,14
64,0.999934939361725,0.0,Violation,0.79994795148938,ALLOW,1,Low,0.1,14
65,0.79994795148938,0.0,Violation,0.6399583611915041,ALLOW,1,Low,0.1,14
66,0.6399583611915041,1.0,Compliant,0.7119666889532033,ALLOW,0,Low,0.1,14
67,0.7119666889532033,0.0,Violation,0.5695733511625626,HUMAN_REVIEW,1,Low,0.1,14
68,0.5695733511625626,1.0,Compliant,0.65565868093005,ALLOW,0,Low,0.1,14
69,0.65565868093005,1.0,Compliant,0.72452694474404,ALLOW,0,Low,0.1,14
70,0.72452694474404,1.0,Compliant,0.779621555795232,ALLOW,0,Low,0.1,14
71,0.779621555795232,1.0,Compliant,0.8236972446361855,ALLOW,0,Low,0.1,14
72,0.8236972446361855,1.0,Compliant,0.8589577957089485,ALLOW,0,Low,0.1,14
73,0.8589577957089485,1.0,Compliant,0.8871662365671588,ALLOW,0,Low,0.1,14
74,0.8871662365671588,1.0,Compliant,0.909732989253727,ALLOW,0,Low,0.1,14
75,0.909732989253727,1.0,Compliant,0.9277863914029816,ALLOW,0,Low,0.1,14
76,0.9277863914029816,1.0,Compliant,0.9422291131223852,ALLOW,0,Low,0.1,14
77,0.9422291131223852,1.0,Compliant,0.9537832904979082,ALLOW,0,Low,0.1,14
78,0.9537832904979082,1.0,Compliant,0.9630266323983265,ALLOW,0,Low,0.1,14
79,0.9630266323983265,1.0,Compliant,0.9704213059186613,ALLOW,0,Low,0.1,14
80,0.9704213059186613,1.0,Compliant,0.976337044734929,ALLOW,0,Low,0.1,14
81,0.976337044734929,1.0,Compliant,0.9810696357879432,ALLOW,0,Low,0.1,14
82,0.9810696357879432,1.0,Compliant,0.9848557086303545,ALLOW,0,Low,0.1,14
83,0.9848557086303545,1.0,Compliant,0.9878845669042836,ALLOW,0,Low,0.1,14
84,0.9878845669042836,0.0,Violation,0.7903076535234269,ALLOW,1,Low,0.1,14
85,0.7903076535234269,1.0,Compliant,0.8322461228187416,ALLOW,0,Low,0.1,14
86,0.8322461228187416,1.0,Compliant,0.8657968982549933,ALLOW,0,Low,0.1,14
87,0.8657968982549933,1.0,Compliant,0.8926375186039947,ALLOW,0,Low,0.1,14
88,0.8926375186039947,1.0,Compliant,0.9141100148831958,ALLOW,0,Low,0.1,14
89,0.9141100148831958,1.0,Compliant,0.9312880119065566,ALLOW,0,Low,0.1,14
90,0.9312880119065566,1.0,Compliant,0.9450304095252453,ALLOW,0,Low,0.1,14
91,0.9450304095252453,1.0,Compliant,0.9560243276201963,ALLOW,0,Low,0.1,14
92,0.9560243276201963,0.0,Violation,0.764819462096157,ALLOW,1,Low,0.1,14
93,0.764819462096157,1.0,Compliant,0.8118555696769256,ALLOW,0,Low,0.1,14
94,0.8118555696769256,1.0,Compliant,0.8494844557415405,ALLOW,0,Low,0.1,14
95,0.8494844557415405,1.0,Compliant,0.8795875645932324,ALLOW,0,Low,0.1,14
96,0.8795875645932324,1.0,Compliant,0.9036700516745859,ALLOW,0,Low,0.1,14
97,0.9036700516745859,0.0,Violation,0.7229360413396688,ALLOW,1,Low,0.1,14
98,0.7229360413396688,1.0,Compliant,0.7783488330717351,ALLOW,0,Low,0.1,14
99,0.7783488330717351,1.0,Compliant,0.8226790664573881,ALLOW,0,Low,0.1,14
100,0.8226790664573881,1.0,Compliant,0.8581432531659104,ALLOW,0,Low,0.1,14
1,0.8,1.0,Compliant,0.8400000000000001,ALLOW,0,Low,0.1,15
2,0.8400000000000001,1.0,Compliant,0.8720000000000001,ALLOW,0,Low,0.1,15
3,0.8720000000000001,1.0,Compliant,0.8976000000000001,ALLOW,0,Low,0.1,15
4,0.8976000000000001,0.0,Violation,0.71808,ALLOW,1,Low,0.1,15
5,0.71808,0.0,Violation,0.5744640000000001,HUMAN_REVIEW,1,Low,0.1,15
6,0.5744640000000001,1.0,Compliant,0.6595712,ALLOW,0,Low,0.1,15
7,0.6595712,1.0,Compliant,0.72765696,ALLOW,0,Low,0.1,15
8,0.72765696,1.0,Compliant,0.782125568,ALLOW,0,Low,0.1,15
9,0.782125568,1.0,Compliant,0.8257004544,ALLOW,0,Low,0.1,15
10,0.8257004544,1.0,Compliant,0.86056036352,ALLOW,0,Low,0.1,15
11,0.86056036352,1.0,Compliant,0.888448290816,ALLOW,0,Low,0.1,15
12,0.888448290816,1.0,Compliant,0.9107586326528,ALLOW,0,Low,0.1,15
13,0.9107586326528,1.0,Compliant,0.92860690612224,ALLOW,0,Low,0.1,15
14,0.92860690612224,1.0,Compliant,0.942885524897792,ALLOW,0,Low,0.1,15
15,0.942885524897792,1.0,Compliant,0.9543084199182336,ALLOW,0,Low,0.1,15
16,0.9543084199182336,1.0,Compliant,0.9634467359345869,ALLOW,0,Low,0.1,15
17,0.9634467359345869,1.0,Compliant,0.9707573887476695,ALLOW,0,Low,0.1,15
18,0.9707573887476695,1.0,Compliant,0.9766059109981355,ALLOW,0,Low,0.1,15
19,0.9766059109981355,1.0,Compliant,0.9812847287985085,ALLOW,0,Low,0.1,15
20,0.9812847287985085,1.0,Compliant,0.9850277830388068,ALLOW,0,Low,0.1,15
21,0.9850277830388068,1.0,Compliant,0.9880222264310454,ALLOW,0,Low,0.1,15
22,0.9880222264310454,1.0,Compliant,0.9904177811448364,ALLOW,0,Low,0.1,15
23,0.9904177811448364,1.0,Compliant,0.9923342249158691,ALLOW,0,Low,0.1,15
24,0.9923342249158691,1.0,Compliant,0.9938673799326952,ALLOW,0,Low,0.1,15
25,0.9938673799326952,1.0,Compliant,0.9950939039461562,ALLOW,0,Low,0.1,15
26,0.9950939039461562,1.0,Compliant,0.9960751231569249,ALLOW,0,Low,0.1,15
27,0.9960751231569249,1.0,Compliant,0.9968600985255399,ALLOW,0,Low,0.1,15
28,0.9968600985255399,1.0,Compliant,0.9974880788204319,ALLOW,0,Low,0.1,15
29,0.9974880788204319,1.0,Compliant,0.9979904630563455,ALLOW,0,Low,0.1,15
30,0.9979904630563455,1.0,Compliant,0.9983923704450764,ALLOW,0,Low,0.1,15
31,0.9983923704450764,1.0,Compliant,0.9987138963560611,ALLOW,0,Low,0.1,15
32,0.9987138963560611,1.0,Compliant,0.9989711170848489,ALLOW,0,Low,0.1,15
33,0.9989711170848489,1.0,Compliant,0.9991768936678791,ALLOW,0,Low,0.1,15
34,0.9991768936678791,1.0,Compliant,0.9993415149343032,ALLOW,0,Low,0.1,15
35,0.9993415149343032,1.0,Compliant,0.9994732119474425,ALLOW,0,Low,0.1,15
36,0.9994732119474425,1.0,Compliant,0.999578569557954,ALLOW,0,Low,0.1,15
37,0.999578569557954,1.0,Compliant,0.9996628556463631,ALLOW,0,Low,0.1,15
38,0.9996628556463631,1.0,Compliant,0.9997302845170906,ALLOW,0,Low,0.1,15
39,0.9997302845170906,1.0,Compliant,0.9997842276136725,ALLOW,0,Low,0.1,15
40,0.9997842276136725,0.0,Violation,0.7998273820909381,ALLOW,1,Low,0.1,15
41,0.7998273820909381,1.0,Compliant,0.8398619056727504,ALLOW,0,Low,0.1,15
42,0.8398619056727504,1.0,Compliant,0.8718895245382003,ALLOW,0,Low,0.1,15
43,0.8718895245382003,1.0,Compliant,0.8975116196305603,ALLOW,0,Low,0.1,15
44,0.8975116196305603,1.0,Compliant,0.9180092957044482,ALLOW,0,Low,0.1,15
45,0.9180092957044482,1.0,Compliant,0.9344074365635586,ALLOW,0,Low,0.1,15
46,0.9344074365635586,1.0,Compliant,0.9475259492508469,ALLOW,0,Low,0.1,15
47,0.9475259492508469,1.0,Compliant,0.9580207594006775,ALLOW,0,Low,0.1,15
48,0.9580207594006775,1.0,Compliant,0.966416607520542,ALLOW,0,Low,0.1,15
49,0.966416607520542,1.0,Compliant,0.9731332860164337,ALLOW,0,Low,0.1,15
50,0.9731332860164337,1.0,Compliant,0.978506628813147,ALLOW,0,Low,0.1,15
51,0.978506628813147,1.0,Compliant,0.9828053030505176,ALLOW,0,Low,0.1,15
52,0.9828053030505176,0.0,Violation,0.7862442424404141,ALLOW,1,Low,0.1,15
53,0.7862442424404141,1.0,Compliant,0.8289953939523313,ALLOW,0,Low,0.1,15
54,0.8289953939523313,1.0,Compliant,0.8631963151618651,ALLOW,0,Low,0.1,15
55,0.8631963151618651,1.0,Compliant,0.8905570521294921,ALLOW,0,Low,0.1,15
56,0.8905570521294921,1.0,Compliant,0.9124456417035937,ALLOW,0,Low,0.1,15
57,0.9124456417035937,1.0,Compliant,0.9299565133628749,ALLOW,0,Low,0.1,15
58,0.9299565133628749,1.0,Compliant,0.9439652106902999,ALLOW,0,Low,0.1,15
59,0.9439652106902999,1.0,Compliant,0.95517216855224,ALLOW,0,Low,0.1,15
60,0.95517216855224,1.0,Compliant,0.964137734841792,ALLOW,0,Low,0.1,15
61,0.964137734841792,1.0,Compliant,0.9713101878734336,ALLOW,0,Low,0.1,15
62,0.9713101878734336,1.0,Compliant,0.9770481502987469,ALLOW,0,Low,0.1,15
63,0.9770481502987469,1.0,Compliant,0.9816385202389976,ALLOW,0,Low,0.1,15
64,0.9816385202389976,1.0,Compliant,0.9853108161911981,ALLOW,0,Low,0.1,15
65,0.9853108161911981,1.0,Compliant,0.9882486529529585,ALLOW,0,Low,0.1,15
66,0.9882486529529585,1.0,Compliant,0.9905989223623668,ALLOW,0,Low,0.1,15
67,0.9905989223623668,1.0,Compliant,0.9924791378898934,ALLOW,0,Low,0.1,15
68,0.9924791378898934,1.0,Compliant,0.9939833103119147,ALLOW,0,Low,0.1,15
69,0.9939833103119147,0.0,Violation,0.7951866482495318,ALLOW,1,Low,0.1,15
70,0.7951866482495318,1.0,Compliant,0.8361493185996254,ALLOW,0,Low,0.1,15
71,0.8361493185996254,1.0,Compliant,0.8689194548797003,ALLOW,0,Low,0.1,15
72,0.8689194548797003,0.0,Violation,0.6951355639037603,ALLOW,1,Low,0.1,15
73,0.6951355639037603,1.0,Compliant,0.7561084511230082,ALLOW,0,Low,0.1,15
74,0.7561084511230082,1.0,Compliant,0.8048867608984065,ALLOW,0,Low,0.1,15
75,0.8048867608984065,1.0,Compliant,0.8439094087187252,ALLOW,0,Low,0.1,15
76,0.8439094087187252,1.0,Compliant,0.8751275269749802,ALLOW,0,Low,0.1,15
77,0.8751275269749802,1.0,Compliant,0.9001020215799842,ALLOW,0,Low,0.1,15
78,0.9001020215799842,1.0,Compliant,0.9200816172639874,ALLOW,0,Low,0.1,15
79,0.9200816172639874,1.0,Compliant,0.93606529381119,ALLOW,0,Low,0.1,15
80,0.93606529381119,1.0,Compliant,0.948852235048952,ALLOW,0,Low,0.1,15
81,0.948852235048952,1.0,Compliant,0.9590817880391616,ALLOW,0,Low,0.1,15
82,0.9590817880391616,1.0,Compliant,0.9672654304313293,ALLOW,0,Low,0.1,15
83,0.9672654304313293,1.0,Compliant,0.9738123443450635,ALLOW,0,Low,0.1,15
84,0.9738123443450635,1.0,Compliant,0.9790498754760508,ALLOW,0,Low,0.1,15
85,0.9790498754760508,1.0,Compliant,0.9832399003808406,ALLOW,0,Low,0.1,15
86,0.9832399003808406,1.0,Compliant,0.9865919203046725,ALLOW,0,Low,0.1,15
87,0.9865919203046725,1.0,Compliant,0.9892735362437379,ALLOW,0,Low,0.1,15
88,0.9892735362437379,1.0,Compliant,0.9914188289949903,ALLOW,0,Low,0.1,15
89,0.9914188289949903,1.0,Compliant,0.9931350631959923,ALLOW,0,Low,0.1,15
90,0.9931350631959923,1.0,Compliant,0.9945080505567938,ALLOW,0,Low,0.1,15
91,0.9945080505567938,1.0,Compliant,0.995606440445435,ALLOW,0,Low,0.1,15
92,0.995606440445435,1.0,Compliant,0.996485152356348,ALLOW,0,Low,0.1,15
93,0.996485152356348,1.0,Compliant,0.9971881218850784,ALLOW,0,Low,0.1,15
94,0.9971881218850784,1.0,Compliant,0.9977504975080628,ALLOW,0,Low,0.1,15
95,0.9977504975080628,1.0,Compliant,0.9982003980064502,ALLOW,0,Low,0.1,15
96,0.9982003980064502,1.0,Compliant,0.9985603184051601,ALLOW,0,Low,0.1,15
97,0.9985603184051601,1.0,Compliant,0.9988482547241281,ALLOW,0,Low,0.1,15
98,0.9988482547241281,1.0,Compliant,0.9990786037793025,ALLOW,0,Low,0.1,15
99,0.9990786037793025,1.0,Compliant,0.999262883023442,ALLOW,0,Low,0.1,15
100,0.999262883023442,1.0,Compliant,0.9994103064187536,ALLOW,0,Low,0.1,15
1,0.8,1.0,Compliant,0.8400000000000001,ALLOW,0,Low,0.1,16
2,0.8400000000000001,1.0,Compliant,0.8720000000000001,ALLOW,0,Low,0.1,16
3,0.8720000000000001,1.0,Compliant,0.8976000000000001,ALLOW,0,Low,0.1,16
4,0.8976000000000001,1.0,Compliant,0.91808,ALLOW,0,Low,0.1,16
5,0.91808,1.0,Compliant,0.934464,ALLOW,0,Low,0.1,16
6,0.934464,1.0,Compliant,0.9475712,ALLOW,0,Low,0.1,16
7,0.9475712,1.0,Compliant,0.95805696,ALLOW,0,Low,0.1,16
8,0.95805696,1.0,Compliant,0.9664455679999999,ALLOW,0,Low,0.1,16
9,0.9664455679999999,1.0,Compliant,0.9731564544,ALLOW,0,Low,0.1,16
10,0.9731564544,1.0,Compliant,0.97852516352,ALLOW,0,Low,0.1,16
11,0.97852516352,1.0,Compliant,0.982820130816,ALLOW,0,Low,0.1,16
12,0.982820130816,0.0,Violation,0.7862561046528,ALLOW,1,Low,0.1,16
13,0.7862561046528,1.0,Compliant,0.82900488372224,ALLOW,0,Low,0.1,16
14,0.82900488372224,1.0,Compliant,0.863203906977792,ALLOW,0,Low,0.1,16
15,0.863203906977792,1.0,Compliant,0.8905631255822336,ALLOW,0,Low,0.1,16
16,0.8905631255822336,1.0,Compliant,0.9124505004657869,ALLOW,0,Low,0.1,16
17,0.9124505004657869,1.0,Compliant,0.9299604003726295,ALLOW,0,Low,0.1,16
18,0.9299604003726295,1.0,Compliant,0.9439683202981036,ALLOW,0,Low,0.1,16
19,0.9439683202981036,1.0,Compliant,0.9551746562384829,ALLOW,0,Low,0.1,16
20,0.9551746562384829,1.0,Compliant,0.9641397249907863,ALLOW,0,Low,0.1,16
21,0.9641397249907863,1.0,Compliant,0.971311779992629,ALLOW,0,Low,0.1,16
22,0.971311779992629,0.0,Violation,0.7770494239941033,ALLOW,1,Low,0.1,16
23,0.7770494239941033,1.0,Compliant,0.8216395391952827,ALLOW,0,Low,0.1,16
24,0.8216395391952827,0.0,Violation,0.6573116313562262,ALLOW,1,Low,0.1,16
25,0.6573116313562262,1.0,Compliant,0.7258493050849809,ALLOW,0,Low,0.1,16
26,0.7258493050849809,1.0,Compliant,0.7806794440679847,ALLOW,0,Low,0.1,16
27,0.7806794440679847,1.0,Compliant,0.8245435552543878,ALLOW,0,Low,0.1,16
28,0.8245435552543878,1.0,Compliant,0.8596348442035102,ALLOW,0,Low,0.1,16
29,0.8596348442035102,1.0,Compliant,0.8877078753628082,ALLOW,0,Low,0.1,16
30,0.8877078753628082,1.0,Compliant,0.9101663002902465,ALLOW,0,Low,0.1,16
31,0.9101663002902465,0.0,Violation,0.7281330402321973,ALLOW,1,Low,0.1,16
32,0.7281330402321973,1.0,Compliant,0.7825064321857578,ALLOW,0,Low,0.1,16
33,0.7825064321857578,1.0,Compliant,0.8260051457486062,ALLOW,0,Low,0.1,16
34,0.8260051457486062,1.0,Compliant,0.8608041165988849,ALLOW,0,Low,0.1,16
35,0.8608041165988849,1.0,Compliant,0.888643293279108,ALLOW,0,Low,0.1,16
36,0.888643293279108,1.0,Compliant,0.9109146346232864,ALLOW,0,Low,0.1,16
37,0.9109146346232864,1.0,Compliant,0.9287317076986291,ALLOW,0,Low,0.1,16
38,0.9287317076986291,1.0,Compliant,0.9429853661589033,ALLOW,0,Low,0.1,16
39,0.9429853661589033,0.0,Violation,0.7543882929271226,ALLOW,1,Low,0.1,16
40,0.7543882929271226,1.0,Compliant,0.8035106343416981,ALLOW,0,Low,0.1,16
41,0.8035106343416981,1.0,Compliant,0.8428085074733584,ALLOW,0,Low,0.1,16
42,0.8428085074733584,1.0,Compliant,0.8742468059786868,ALLOW,0,Low,0.1,16
43,0.8742468059786868,1.0,Compliant,0.8993974447829494,ALLOW,0,Low,0.1,16
44,0.8993974447829494,1.0,Compliant,0.9195179558263595,ALLOW,0,Low,0.1,16
45,0.9195179558263595,1.0,Compliant,0.9356143646610876,ALLOW,0,Low,0.1,16
46,0.9356143646610876,1.0,Compliant,0.94849149172887,ALLOW,0,Low,0.1,16
47,0.94849149172887,1.0,Compliant,0.958793193383096,ALLOW,0,Low,0.1,16
48,0.958793193383096,1.0,Compliant,0.9670345547064768,ALLOW,0,Low,0.1,16
49,0.9670345547064768,1.0,Compliant,0.9736276437651814,ALLOW,0,Low,0.1,16
50,0.9736276437651814,1.0,Compliant,0.9789021150121451,ALLOW,0,Low,0.1,16
51,0.9789021150121451,1.0,Compliant,0.9831216920097161,ALLOW,0,Low,0.1,16
52,0.9831216920097161,1.0,Compliant,0.9864973536077729,ALLOW,0,Low,0.1,16
53,0.9864973536077729,1.0,Compliant,0.9891978828862183,ALLOW,0,Low,0.1,16
54,0.9891978828862183,1.0,Compliant,0.9913583063089747,ALLOW,0,Low,0.1,16
55,0.9913583063089747,1.0,Compliant,0.9930866450471798,ALLOW,0,Low,0.1,16
56,0.9930866450471798,1.0,Compliant,0.9944693160377438,ALLOW,0,Low,0.1,16
57,0.9944693160377438,1.0,Compliant,0.995575452830195,ALLOW,0,Low,0.1,16
58,0.995575452830195,1.0,Compliant,0.996460362264156,ALLOW,0,Low,0.1,16
59,0.996460362264156,1.0,Compliant,0.9971682898113248,ALLOW,0,Low,0.1,16
60,0.9971682898113248,1.0,Compliant,0.9977346318490599,ALLOW,0,Low,0.1,16
61,0.9977346318490599,1.0,Compliant,0.9981877054792478,ALLOW,0,Low,0.1,16
62,0.9981877054792478,1.0,Compliant,0.9985501643833983,ALLOW,0,Low,0.1,16
63,0.9985501643833983,1.0,Compliant,0.9988401315067186,ALLOW,0,Low,0.1,16
64,0.9988401315067186,1.0,Compliant,0.9990721052053748,ALLOW,0,Low,0.1,16
65,0.9990721052053748,1.0,Compliant,0.9992576841642998,ALLOW,0,Low,0.1,16
66,0.9992576841642998,1.0,Compliant,0.9994061473314398,ALLOW,0,Low,0.1,16
67,0.9994061473314398,1.0,Compliant,0.9995249178651519,ALLOW,0,Low,0.1,16
68,0.9995249178651519,1.0,Compliant,0.9996199342921215,ALLOW,0,Low,0.1,16
69,0.9996199342921215,1.0,Compliant,0.9996959474336972,ALLOW,0,Low,0.1,16
70,0.9996959474336972,1.0,Compliant,0.9997567579469577,ALLOW,0,Low,0.1,16
71,0.9997567579469577,1.0,Compliant,0.9998054063575662,ALLOW,0,Low,0.1,16
72,0.9998054063575662,1.0,Compliant,0.9998443250860529,ALLOW,0,Low,0.1,16
73,0.9998443250860529,1.0,Compliant,0.9998754600688423,ALLOW,0,Low,0.1,16
74,0.9998754600688423,1.0,Compliant,0.9999003680550739,ALLOW,0,Low,0.1,16
75,0.9999003680550739,1.0,Compliant,0.999920294444059,ALLOW,0,Low,0.1,16
76,0.999920294444059,1.0,Compliant,0.9999362355552472,ALLOW,0,Low,0.1,16
77,0.9999362355552472,1.0,Compliant,0.9999489884441978,ALLOW,0,Low,0.1,16
78,0.9999489884441978,1.0,Compliant,0.9999591907553582,ALLOW,0,Low,0.1,16
79,0.9999591907553582,1.0,Compliant,0.9999673526042866,ALLOW,0,Low,0.1,16
80,0.9999673526042866,1.0,Compliant,0.9999738820834293,ALLOW,0,Low,0.1,16
81,0.9999738820834293,0.0,Violation,0.7999791056667435,ALLOW,1,Low,0.1,16
82,0.7999791056667435,1.0,Compliant,0.8399832845333948,ALLOW,0,Low,0.1,16
83,0.8399832845333948,1.0,Compliant,0.8719866276267159,ALLOW,0,Low,0.1,16
84,0.8719866276267159,1.0,Compliant,0.8975893021013727,ALLOW,0,Low,0.1,16
85,0.8975893021013727,1.0,Compliant,0.9180714416810981,ALLOW,0,Low,0.1,16
86,0.9180714416810981,1.0,Compliant,0.9344571533448784,ALLOW,0,Low,0.1,16
87,0.9344571533448784,1.0,Compliant,0.9475657226759028,ALLOW,0,Low,0.1,16
88,0.9475657226759028,1.0,Compliant,0.9580525781407222,ALLOW,0,Low,0.1,16
89,0.9580525781407222,1.0,Compliant,0.9664420625125778,ALLOW,0,Low,0.1,16
90,0.9664420625125778,0.0,Violation,0.7731536500100623,ALLOW,1,Low,0.1,16
91,0.7731536500100623,1.0,Compliant,0.8185229200080498,ALLOW,0,Low,0.1,16
92,0.8185229200080498,1.0,Compliant,0.8548183360064399,ALLOW,0,Low,0.1,16
93,0.8548183360064399,1.0,Compliant,0.8838546688051518,ALLOW,0,Low,0.1,16
94,0.8838546688051518,1.0,Compliant,0.9070837350441214,ALLOW,0,Low,0.1,16
95,0.9070837350441214,1.0,Compliant,0.9256669880352971,ALLOW,0,Low,0.1,16
96,0.9256669880352971,1.0,Compliant,0.9405335904282377,ALLOW,0,Low,0.1,16
97,0.9405335904282377,0.0,Violation,0.7524268723425902,ALLOW,1,Low,0.1,16
98,0.7524268723425902,1.0,Compliant,0.8019414978740722,ALLOW,0,Low,0.1,16
99,0.8019414978740722,0.0,Violation,0.6415531982992578,ALLOW,1,Low,0.1,16
100,0.6415531982992578,1.0,Compliant,0.7132425586394062,ALLOW,0,Low,0.1,16
1,0.8,1.0,Compliant,0.8400000000000001,ALLOW,0,Low,0.1,17
2,0.8400000000000001,1.0,Compliant,0.8720000000000001,ALLOW,0,Low,0.1,17
3,0.8720000000000001,1.0,Compliant,0.8976000000000001,ALLOW,0,Low,0.1,17
4,0.8976000000000001,1.0,Compliant,0.91808,ALLOW,0,Low,0.1,17
5,0.91808,0.0,Violation,0.734464,ALLOW,1,Low,0.1,17
6,0.734464,1.0,Compliant,0.7875712,ALLOW,0,Low,0.1,17
7,0.7875712,1.0,Compliant,0.8300569600000001,ALLOW,0,Low,0.1,17
8,0.8300569600000001,1.0,Compliant,0.8640455680000001,ALLOW,0,Low,0.1,17
9,0.8640455680000001,1.0,Compliant,0.8912364544000001,ALLOW,0,Low,0.1,17
10,0.8912364544000001,1.0,Compliant,0.91298916352,ALLOW,0,Low,0.1,17
11,0.91298916352,1.0,Compliant,0.930391330816,ALLOW,0,Low,0.1,17
12,0.930391330816,1.0,Compliant,0.9443130646528,ALLOW,0,Low,0.1,17
13,0.9443130646528,1.0,Compliant,0.95545045172224,ALLOW,0,Low,0.1,17
14,0.95545045172224,1.0,Compliant,0.964360361377792,ALLOW,0,Low,0.1,17
15,0.964360361377792,1.0,Compliant,0.9714882891022336,ALLOW,0,Low,0.1,17
16,0.9714882891022336,1.0,Compliant,0.9771906312817868,ALLOW,0,Low,0.1,17
17,0.9771906312817868,1.0,Compliant,0.9817525050254294,ALLOW,0,Low,0.1,17
18,0.9817525050254294,0.0,Violation,0.7854020040203435,ALLOW,1,Low,0.1,17
19,0.7854020040203435,0.0,Violation,0.6283216032162748,ALLOW,1,Low,0.1,17
20,0.6283216032162748,1.0,Compliant,0.7026572825730198,ALLOW,0,Low,0.1,17
21,0.7026572825730198,1.0,Compliant,0.7621258260584158,ALLOW,0,Low,0.1,17
22,0.7621258260584158,1.0,Compliant,0.8097006608467326,ALLOW,0,Low,0.1,17
23,0.8097006608467326,0.0,Violation,0.6477605286773862,ALLOW,1,Low,0.1,17
24,0.6477605286773862,1.0,Compliant,0.7182084229419089,ALLOW,0,Low,0.1,17
25,0.7182084229419089,1.0,Compliant,0.7745667383535271,ALLOW,0,Low,0.1,17
26,0.7745667383535271,1.0,Compliant,0.8196533906828216,ALLOW,0,Low,0.1,17
27,0.8196533906828216,1.0,Compliant,0.8557227125462573,ALLOW,0,Low,0.1,17
28,0.8557227125462573,0.0,Violation,0.6845781700370059,ALLOW,1,Low,0.1,17
29,0.6845781700370059,1.0,Compliant,0.7476625360296048,ALLOW,0,Low,0.1,17
30,0.7476625360296048,1.0,Compliant,0.7981300288236838,ALLOW,0,Low,0.1,17
31,0.7981300288236838,1.0,Compliant,0.838504023058947,ALLOW,0,Low,0.1,17
32,0.838504023058947,1.0,Compliant,0.8708032184471576,ALLOW,0,Low,0.1,17
33,0.8708032184471576,1.0,Compliant,0.896642574757726,ALLOW,0,Low,0.1,17
34,0.896642574757726,1.0,Compliant,0.9173140598061809,ALLOW,0,Low,0.1,17
35,0.9173140598061809,1.0,Compliant,0.9338512478449447,ALLOW,0,Low,0.1,17
36,0.9338512478449447,1.0,Compliant,0.9470809982759557,ALLOW,0,Low,0.1,17
37,0.9470809982759557,0.0,Violation,0.7576647986207646,ALLOW,1,Low,0.1,17
38,0.7576647986207646,1.0,Compliant,0.8061318388966117,ALLOW,0,Low,0.1,17
39,0.8061318388966117,1.0,Compliant,0.8449054711172893,ALLOW,0,Low,0.1,17
40,0.8449054711172893,1.0,Compliant,0.8759243768938314,ALLOW,0,Low,0.1,17
41,0.8759243768938314,1.0,Compliant,0.9007395015150651,ALLOW,0,Low,0.1,17
42,0.9007395015150651,1.0,Compliant,0.9205916012120521,ALLOW,0,Low,0.1,17
43,0.9205916012120521,1.0,Compliant,0.9364732809696417,ALLOW,0,Low,0.1,17
44,0.9364732809696417,0.0,Violation,0.7491786247757134,ALLOW,1,Low,0.1,17
45,0.7491786247757134,1.0,Compliant,0.7993428998205707,ALLOW,0,Low,0.1,17
46,0.7993428998205707,1.0,Compliant,0.8394743198564566,ALLOW,0,Low,0.1,17
47,0.8394743198564566,1.0,Compliant,0.8715794558851653,ALLOW,0,Low,0.1,17
48,0.8715794558851653,1.0,Compliant,0.8972635647081322,ALLOW,0,Low,0.1,17
49,0.8972635647081322,1.0,Compliant,0.9178108517665058,ALLOW,0,Low,0.1,17
50,0.9178108517665058,0.0,Violation,0.7342486814132047,ALLOW,1,Low,0.1,17
51,0.7342486814132047,1.0,Compliant,0.7873989451305637,ALLOW,0,Low,0.1,17
52,0.7873989451305637,1.0,Compliant,0.829919156104451,ALLOW,0,Low,0.1,17
53,0.829919156104451,0.0,Violation,0.6639353248835609,ALLOW,1,Low,0.1,17
54,0.6639353248835609,1.0,Compliant,0.7311482599068487,ALLOW,0,Low,0.1,17
55,0.7311482599068487,1.0,Compliant,0.784918607925479,ALLOW,0,Low,0.1,17
56,0.784918607925479,1.0,Compliant,0.8279348863403831,ALLOW,0,Low,0.1,17
57,0.8279348863403831,1.0,Compliant,0.8623479090723065,ALLOW,0,Low,0.1,17
58,0.8623479090723065,1.0,Compliant,0.8898783272578452,ALLOW,0,Low,0.1,17
59,0.8898783272578452,1.0,Compliant,0.9119026618062762,ALLOW,0,Low,0.1,17
60,0.9119026618062762,1.0,Compliant,0.929522129445021,ALLOW,0,Low,0.1,17
61,0.929522129445021,1.0,Compliant,0.9436177035560168,ALLOW,0,Low,0.1,17
62,0.9436177035560168,1.0,Compliant,0.9548941628448134,ALLOW,0,Low,0.1,17
63,0.9548941628448134,1.0,Compliant,0.9639153302758507,ALLOW,0,Low,0.1,17
64,0.9639153302758507,1.0,Compliant,0.9711322642206806,ALLOW,0,Low,0.1,17
65,0.9711322642206806,1.0,Compliant,0.9769058113765444,ALLOW,0,Low,0.1,17
66,0.9769058113765444,1.0,Compliant,0.9815246491012355,ALLOW,0,Low,0.1,17
67,0.9815246491012355,0.0,Violation,0.7852197192809884,ALLOW,1,Low,0.1,17
68,0.7852197192809884,1.0,Compliant,0.8281757754247907,ALLOW,0,Low,0.1,17
69,0.8281757754247907,1.0,Compliant,0.8625406203398326,ALLOW,0,Low,0.1,17
70,0.8625406203398326,1.0,Compliant,0.8900324962718661,ALLOW,0,Low,0.1,17
71,0.8900324962718661,1.0,Compliant,0.9120259970174929,ALLOW,0,Low,0.1,17
72,0.9120259970174929,1.0,Compliant,0.9296207976139943,ALLOW,0,Low,0.1,17
73,0.9296207976139943,1.0,Compliant,0.9436966380911954,ALLOW,0,Low,0.1,17
74,0.9436966380911954,1.0,Compliant,0.9549573104729563,ALLOW,0,Low,0.1,17
75,0.9549573104729563,1.0,Compliant,0.9639658483783651,ALLOW,0,Low,0.1,17
76,0.9639658483783651,1.0,Compliant,0.9711726787026921,ALLOW,0,Low,0.1,17
77,0.9711726787026921,1.0,Compliant,0.9769381429621536,ALLOW,0,Low,0.1,17
78,0.9769381429621536,1.0,Compliant,0.981550514369723,ALLOW,0,Low,0.1,17
79,0.981550514369723,1.0,Compliant,0.9852404114957783,ALLOW,0,Low,0.1,17
80,0.9852404114957783,1.0,Compliant,0.9881923291966227,ALLOW,0,Low,0.1,17
81,0.9881923291966227,1.0,Compliant,0.9905538633572981,ALLOW,0,Low,0.1,17
82,0.9905538633572981,0.0,Violation,0.7924430906858385,ALLOW,1,Low,0.1,17
83,0.7924430906858385,1.0,Compliant,0.8339544725486708,ALLOW,0,Low,0.1,17
84,0.8339544725486708,1.0,Compliant,0.8671635780389366,ALLOW,0,Low,0.1,17
85,0.8671635780389366,1.0,Compliant,0.8937308624311493,ALLOW,0,Low,0.1,17
86,0.8937308624311493,1.0,Compliant,0.9149846899449194,ALLOW,0,Low,0.1,17
87,0.9149846899449194,1.0,Compliant,0.9319877519559355,ALLOW,0,Low,0.1,17
88,0.9319877519559355,1.0,Compliant,0.9455902015647484,ALLOW,0,Low,0.1,17
89,0.9455902015647484,0.0,Violation,0.7564721612517987,ALLOW,1,Low,0.1,17
90,0.7564721612517987,1.0,Compliant,0.805177729001439,ALLOW,0,Low,0.1,17
91,0.805177729001439,1.0,Compliant,0.8441421832011512,ALLOW,0,Low,0.1,17
92,0.8441421832011512,1.0,Compliant,0.875313746560921,ALLOW,0,Low,0.1,17
93,0.875313746560921,1.0,Compliant,0.9002509972487368,ALLOW,0,Low,0.1,17
94,0.9002509972487368,1.0,Compliant,0.9202007977989894,ALLOW,0,Low,0.1,17
95,0.9202007977989894,1.0,Compliant,0.9361606382391916,ALLOW,0,Low,0.1,17
96,0.9361606382391916,1.0,Compliant,0.9489285105913533,ALLOW,0,Low,0.1,17
97,0.9489285105913533,1.0,Compliant,0.9591428084730826,ALLOW,0,Low,0.1,17
98,0.9591428084730826,0.0,Violation,0.7673142467784662,ALLOW,1,Low,0.1,17
99,0.7673142467784662,1.0,Compliant,0.8138513974227729,ALLOW,0,Low,0.1,17
100,0.8138513974227729,0.0,Violation,0.6510811179382183,ALLOW,1,Low,0.1,17
1,0.8,1.0,Compliant,0.8400000000000001,ALLOW,0,Low,0.1,18
2,0.8400000000000001,1.0,Compliant,0.8720000000000001,ALLOW,0,Low,0.1,18
3,0.8720000000000001,1.0,Compliant,0.8976000000000001,ALLOW,0,Low,0.1,18
4,0.8976000000000001,1.0,Compliant,0.91808,ALLOW,0,Low,0.1,18
5,0.91808,1.0,Compliant,0.934464,ALLOW,0,Low,0.1,18
6,0.934464,1.0,Compliant,0.9475712,ALLOW,0,Low,0.1,18
7,0.9475712,1.0,Compliant,0.95805696,ALLOW,0,Low,0.1,18
8,0.95805696,1.0,Compliant,0.9664455679999999,ALLOW,0,Low,0.1,18
9,0.9664455679999999,1.0,Compliant,0.9731564544,ALLOW,0,Low,0.1,18
10,0.9731564544,1.0,Compliant,0.97852516352,ALLOW,0,Low,0.1,18
11,0.97852516352,1.0,Compliant,0.982820130816,ALLOW,0,Low,0.1,18
12,0.982820130816,1.0,Compliant,0.9862561046528,ALLOW,0,Low,0.1,18
13,0.9862561046528,0.0,Violation,0.7890048837222401,ALLOW,1,Low,0.1,18
14,0.7890048837222401,1.0,Compliant,0.8312039069777921,ALLOW,0,Low,0.1,18
15,0.8312039069777921,1.0,Compliant,0.8649631255822336,ALLOW,0,Low,0.1,18
16,0.8649631255822336,1.0,Compliant,0.891970500465787,ALLOW,0,Low,0.1,18
17,0.891970500465787,0.0,Violation,0.7135764003726296,ALLOW,1,Low,0.1,18
18,0.7135764003726296,0.0,Violation,0.5708611202981037,HUMAN_REVIEW,1,Low,0.1,18
19,0.5708611202981037,1.0,Compliant,0.6566888962384829,ALLOW,0,Low,0.1,18
20,0.6566888962384829,1.0,Compliant,0.7253511169907864,ALLOW,0,Low,0.1,18
21,0.7253511169907864,1.0,Compliant,0.7802808935926291,ALLOW,0,Low,0.1,18
22,0.7802808935926291,1.0,Compliant,0.8242247148741033,ALLOW,0,Low,0.1,18
23,0.8242247148741033,1.0,Compliant,0.8593797718992826,ALLOW,0,Low,0.1,18
24,0.8593797718992826,1.0,Compliant,0.8875038175194261,ALLOW,0,Low,0.1,18
25,0.8875038175194261,1.0,Compliant,0.9100030540155408,ALLOW,0,Low,0.1,18
26,0.9100030540155408,1.0,Compliant,0.9280024432124326,ALLOW,0,Low,0.1,18
27,0.9280024432124326,1.0,Compliant,0.9424019545699461,ALLOW,0,Low,0.1,18
28,0.9424019545699461,1.0,Compliant,0.9539215636559569,ALLOW,0,Low,0.1,18
29,0.9539215636559569,1.0,Compliant,0.9631372509247655,ALLOW,0,Low,0.1,18
30,0.9631372509247655,0.0,Violation,0.7705098007398125,ALLOW,1,Low,0.1,18
31,0.7705098007398125,1.0,Compliant,0.81640784059185,ALLOW,0,Low,0.1,18
32,0.81640784059185,1.0,Compliant,0.85312627247348,ALLOW,0,Low,0.1,18
33,0.85312627247348,1.0,Compliant,0.882501017978784,ALLOW,0,Low,0.1,18
34,0.882501017978784,1.0,Compliant,0.9060008143830272,ALLOW,0,Low,0.1,18
35,0.9060008143830272,1.0,Compliant,0.9248006515064218,ALLOW,0,Low,0.1,18
36,0.9248006515064218,1.0,Compliant,0.9398405212051374,ALLOW,0,Low,0.1,18
37,0.9398405212051374,1.0,Compliant,0.95187241696411,ALLOW,0,Low,0.1,18
38,0.95187241696411,1.0,Compliant,0.961497933571288,ALLOW,0,Low,0.1,18
39,0.961497933571288,1.0,Compliant,0.9691983468570304,ALLOW,0,Low,0.1,18
40,0.9691983468570304,0.0,Violation,0.7753586774856244,ALLOW,1,Low,0.1,18
41,0.7753586774856244,1.0,Compliant,0.8202869419884995,ALLOW,0,Low,0.1,18
42,0.8202869419884995,1.0,Compliant,0.8562295535907996,ALLOW,0,Low,0.1,18
43,0.8562295535907996,1.0,Compliant,0.8849836428726396,ALLOW,0,Low,0.1,18
44,0.8849836428726396,1.0,Compliant,0.9079869142981117,ALLOW,0,Low,0.1,18
45,0.9079869142981117,1.0,Compliant,0.9263895314384893,ALLOW,0,Low,0.1,18
46,0.9263895314384893,1.0,Compliant,0.9411116251507915,ALLOW,0,Low,0.1,18
47,0.9411116251507915,1.0,Compliant,0.9528893001206332,ALLOW,0,Low,0.1,18
48,0.9528893001206332,1.0,Compliant,0.9623114400965066,ALLOW,0,Low,0.1,18
49,0.9623114400965066,1.0,Compliant,0.9698491520772052,ALLOW,0,Low,0.1,18
50,0.9698491520772052,1.0,Compliant,0.9758793216617642,ALLOW,0,Low,0.1,18
51,0.9758793216617642,1.0,Compliant,0.9807034573294113,ALLOW,0,Low,0.1,18
52,0.9807034573294113,1.0,Compliant,0.9845627658635291,ALLOW,0,Low,0.1,18
53,0.9845627658635291,1.0,Compliant,0.9876502126908233,ALLOW,0,Low,0.1,18
54,0.9876502126908233,1.0,Compliant,0.9901201701526586,ALLOW,0,Low,0.1,18
55,0.9901201701526586,1.0,Compliant,0.9920961361221269,ALLOW,0,Low,0.1,18
56,0.9920961361221269,1.0,Compliant,0.9936769088977015,ALLOW,0,Low,0.1,18
57,0.9936769088977015,1.0,Compliant,0.9949415271181612,ALLOW,0,Low,0.1,18
58,0.9949415271181612,1.0,Compliant,0.9959532216945289,ALLOW,0,Low,0.1,18
59,0.9959532216945289,0.0,Violation,0.7967625773556232,ALLOW,1,Low,0.1,18
60,0.7967625773556232,1.0,Compliant,0.8374100618844985,ALLOW,0,Low,0.1,18
61,0.8374100618844985,0.0,Violation,0.6699280495075989,ALLOW,1,Low,0.1,18
62,0.6699280495075989,1.0,Compliant,0.7359424396060791,ALLOW,0,Low,0.1,18
63,0.7359424396060791,1.0,Compliant,0.7887539516848633,ALLOW,0,Low,0.1,18
64,0.7887539516848633,1.0,Compliant,0.8310031613478907,ALLOW,0,Low,0.1,18
65,0.8310031613478907,1.0,Compliant,0.8648025290783126,ALLOW,0,Low,0.1,18
66,0.8648025290783126,1.0,Compliant,0.89184202326265,ALLOW,0,Low,0.1,18
67,0.89184202326265,1.0,Compliant,0.91347361861012,ALLOW,0,Low,0.1,18
68,0.91347361861012,0.0,Violation,0.730778894888096,ALLOW,1,Low,0.1,18
69,0.730778894888096,1.0,Compliant,0.7846231159104767,ALLOW,0,Low,0.1,18
70,0.7846231159104767,1.0,Compliant,0.8276984927283814,ALLOW,0,Low,0.1,18
71,0.8276984927283814,1.0,Compliant,0.8621587941827051,ALLOW,0,Low,0.1,18
72,0.8621587941827051,1.0,Compliant,0.8897270353461642,ALLOW,0,Low,0.1,18
73,0.8897270353461642,1.0,Compliant,0.9117816282769313,ALLOW,0,Low,0.1,18
74,0.9117816282769313,0.0,Violation,0.7294253026215451,ALLOW,1,Low,0.1,18
75,0.7294253026215451,1.0,Compliant,0.783540242097236,ALLOW,0,Low,0.1,18
76,0.783540242097236,1.0,Compliant,0.8268321936777888,ALLOW,0,Low,0.1,18
77,0.8268321936777888,1.0,Compliant,0.8614657549422311,ALLOW,0,Low,0.1,18
78,0.8614657549422311,1.0,Compliant,0.8891726039537848,ALLOW,0,Low,0.1,18
79,0.8891726039537848,1.0,Compliant,0.9113380831630279,ALLOW,0,Low,0.1,18
80,0.9113380831630279,1.0,Compliant,0.9290704665304224,ALLOW,0,Low,0.1,18
81,0.9290704665304224,1.0,Compliant,0.9432563732243379,ALLOW,0,Low,0.1,18
82,0.9432563732243379,1.0,Compliant,0.9546050985794703,ALLOW,0,Low,0.1,18
83,0.9546050985794703,1.0,Compliant,0.9636840788635762,ALLOW,0,Low,0.1,18
84,0.9636840788635762,1.0,Compliant,0.970947263090861,ALLOW,0,Low,0.1,18
85,0.970947263090861,1.0,Compliant,0.9767578104726888,ALLOW,0,Low,0.1,18
86,0.9767578104726888,1.0,Compliant,0.981406248378151,ALLOW,0,Low,0.1,18
87,0.981406248378151,1.0,Compliant,0.9851249987025208,ALLOW,0,Low,0.1,18
88,0.9851249987025208,1.0,Compliant,0.9880999989620166,ALLOW,0,Low,0.1,18
89,0.9880999989620166,1.0,Compliant,0.9904799991696133,ALLOW,0,Low,0.1,18
90,0.9904799991696133,1.0,Compliant,0.9923839993356907,ALLOW,0,Low,0.1,18
91,0.9923839993356907,1.0,Compliant,0.9939071994685525,ALLOW,0,Low,0.1,18
92,0.9939071994685525,1.0,Compliant,0.9951257595748421,ALLOW,0,Low,0.1,18
93,0.9951257595748421,1.0,Compliant,0.9961006076598736,ALLOW,0,Low,0.1,18
94,0.9961006076598736,1.0,Compliant,0.9968804861278989,ALLOW,0,Low,0.1,18
95,0.9968804861278989,1.0,Compliant,0.9975043889023192,ALLOW,0,Low,0.1,18
96,0.9975043889023192,1.0,Compliant,0.9980035111218554,ALLOW,0,Low,0.1,18
97,0.9980035111218554,1.0,Compliant,0.9984028088974843,ALLOW,0,Low,0.1,18
98,0.9984028088974843,1.0,Compliant,0.9987222471179875,ALLOW,0,Low,0.1,18
99,0.9987222471179875,1.0,Compliant,0.99897779769439,ALLOW,0,Low,0.1,18
100,0.99897779769439,1.0,Compliant,0.999182238155512,ALLOW,0,Low,0.1,18
1,0.8,1.0,Compliant,0.8400000000000001,ALLOW,0,Low,0.1,19
2,0.8400000000000001,1.0,Compliant,0.8720000000000001,ALLOW,0,Low,0.1,19
3,0.8720000000000001,1.0,Compliant,0.8976000000000001,ALLOW,0,Low,0.1,19
4,0.8976000000000001,1.0,Compliant,0.91808,ALLOW,0,Low,0.1,19
5,0.91808,1.0,Compliant,0.934464,ALLOW,0,Low,0.1,19
6,0.934464,1.0,Compliant,0.9475712,ALLOW,0,Low,0.1,19
7,0.9475712,1.0,Compliant,0.95805696,ALLOW,0,Low,0.1,19
8,0.95805696,1.0,Compliant,0.9664455679999999,ALLOW,0,Low,0.1,19
9,0.9664455679999999,1.0,Compliant,0.9731564544,ALLOW,0,Low,0.1,19
10,0.9731564544,1.0,Compliant,0.97852516352,ALLOW,0,Low,0.1,19
11,0.97852516352,1.0,Compliant,0.982820130816,ALLOW,0,Low,0.1,19
12,0.982820130816,1.0,Compliant,0.9862561046528,ALLOW,0,Low,0.1,19
13,0.9862561046528,1.0,Compliant,0.98900488372224,ALLOW,0,Low,0.1,19
14,0.98900488372224,1.0,Compliant,0.991203906977792,ALLOW,0,Low,0.1,19
15,0.991203906977792,1.0,Compliant,0.9929631255822337,ALLOW,0,Low,0.1,19
16,0.9929631255822337,1.0,Compliant,0.9943705004657869,ALLOW,0,Low,0.1,19
17,0.9943705004657869,1.0,Compliant,0.9954964003726295,ALLOW,0,Low,0.1,19
18,0.9954964003726295,0.0,Violation,0.7963971202981037,ALLOW,1,Low,0.1,19
19,0.7963971202981037,1.0,Compliant,0.837117696238483,ALLOW,0,Low,0.1,19
20,0.837117696238483,1.0,Compliant,0.8696941569907863,ALLOW,0,Low,0.1,19
21,0.8696941569907863,1.0,Compliant,0.895755325592629,ALLOW,0,Low,0.1,19
22,0.895755325592629,1.0,Compliant,0.9166042604741033,ALLOW,0,Low,0.1,19
23,0.9166042604741033,1.0,Compliant,0.9332834083792826,ALLOW,0,Low,0.1,19
24,0.9332834083792826,1.0,Compliant,0.9466267267034261,ALLOW,0,Low,0.1,19
25,0.9466267267034261,1.0,Compliant,0.9573013813627409,ALLOW,0,Low,0.1,19
26,0.9573013813627409,1.0,Compliant,0.9658411050901927,ALLOW,0,Low,0.1,19
27,0.9658411050901927,1.0,Compliant,0.9726728840721541,ALLOW,0,Low,0.1,19
28,0.9726728840721541,1.0,Compliant,0.9781383072577233,ALLOW,0,Low,0.1,19
29,0.9781383072577233,1.0,Compliant,0.9825106458061786,ALLOW,0,Low,0.1,19
30,0.9825106458061786,1.0,Compliant,0.9860085166449429,ALLOW,0,Low,0.1,19
31,0.9860085166449429,1.0,Compliant,0.9888068133159543,ALLOW,0,Low,0.1,19
32,0.9888068133159543,0.0,Violation,0.7910454506527635,ALLOW,1,Low,0.1,19
33,0.7910454506527635,1.0,Compliant,0.8328363605222109,ALLOW,0,Low,0.1,19
34,0.8328363605222109,1.0,Compliant,0.8662690884177687,ALLOW,0,Low,0.1,19
35,0.8662690884177687,1.0,Compliant,0.8930152707342149,ALLOW,0,Low,0.1,19
36,0.8930152707342149,1.0,Compliant,0.9144122165873719,ALLOW,0,Low,0.1,19
37,0.9144122165873719,1.0,Compliant,0.9315297732698975,ALLOW,0,Low,0.1,19
38,0.9315297732698975,1.0,Compliant,0.945223818615918,ALLOW,0,Low,0.1,19
39,0.945223818615918,1.0,Compliant,0.9561790548927344,ALLOW,0,Low,0.1,19
40,0.9561790548927344,1.0,Compliant,0.9649432439141875,ALLOW,0,Low,0.1,19
41,0.9649432439141875,1.0,Compliant,0.97195459513135,ALLOW,0,Low,0.1,19
42,0.97195459513135,1.0,Compliant,0.97756367610508,ALLOW,0,Low,0.1,19
43,0.97756367610508,0.0,Violation,0.782050940884064,ALLOW,1,Low,0.1,19
44,0.782050940884064,1.0,Compliant,0.8256407527072512,ALLOW,0,Low,0.1,19
45,0.8256407527072512,1.0,Compliant,0.8605126021658009,ALLOW,0,Low,0.1,19
46,0.8605126021658009,1.0,Compliant,0.8884100817326408,ALLOW,0,Low,0.1,19
47,0.8884100817326408,1.0,Compliant,0.9107280653861126,ALLOW,0,Low,0.1,19
48,0.9107280653861126,1.0,Compliant,0.9285824523088901,ALLOW,0,Low,0.1,19
49,0.9285824523088901,1.0,Compliant,0.9428659618471121,ALLOW,0,Low,0.1,19
50,0.9428659618471121,1.0,Compliant,0.9542927694776897,ALLOW,0,Low,0.1,19
51,0.9542927694776897,1.0,Compliant,0.9634342155821518,ALLOW,0,Low,0.1,19
52,0.9634342155821518,1.0,Compliant,0.9707473724657214,ALLOW,0,Low,0.1,19
53,0.9707473724657214,1.0,Compliant,0.9765978979725771,ALLOW,0,Low,0.1,19
54,0.9765978979725771,1.0,Compliant,0.9812783183780617,ALLOW,0,Low,0.1,19
55,0.9812783183780617,1.0,Compliant,0.9850226547024493,ALLOW,0,Low,0.1,19
56,0.9850226547024493,1.0,Compliant,0.9880181237619594,ALLOW,0,Low,0.1,19
57,0.9880181237619594,1.0,Compliant,0.9904144990095676,ALLOW,0,Low,0.1,19
58,0.9904144990095676,1.0,Compliant,0.992331599207654,ALLOW,0,Low,0.1,19
59,0.992331599207654,1.0,Compliant,0.9938652793661232,ALLOW,0,Low,0.1,19
60,0.9938652793661232,1.0,Compliant,0.9950922234928986,ALLOW,0,Low,0.1,19
61,0.9950922234928986,0.0,Violation,0.796073778794319,ALLOW,1,Low,0.1,19
62,0.796073778794319,0.0,Violation,0.6368590230354552,ALLOW,1,Low,0.1,19
63,0.6368590230354552,0.0,Violation,0.5094872184283642,HUMAN_REVIEW,1,Low,0.1,19
64,0.5094872184283642,1.0,Compliant,0.6075897747426913,ALLOW,0,Low,0.1,19
65,0.6075897747426913,1.0,Compliant,0.686071819794153,ALLOW,0,Low,0.1,19
66,0.686071819794153,1.0,Compliant,0.7488574558353224,ALLOW,0,Low,0.1,19
67,0.7488574558353224,1.0,Compliant,0.7990859646682579,ALLOW,0,Low,0.1,19
68,0.7990859646682579,0.0,Violation,0.6392687717346064,ALLOW,1,Low,0.1,19
69,0.6392687717346064,1.0,Compliant,0.7114150173876851,ALLOW,0,Low,0.1,19
70,0.7114150173876851,1.0,Compliant,0.7691320139101481,ALLOW,0,Low,0.1,19
71,0.7691320139101481,1.0,Compliant,0.8153056111281185,ALLOW,0,Low,0.1,19
72,0.8153056111281185,1.0,Compliant,0.8522444889024948,ALLOW,0,Low,0.1,19
73,0.8522444889024948,1.0,Compliant,0.8817955911219959,ALLOW,0,Low,0.1,19
74,0.8817955911219959,1.0,Compliant,0.9054364728975968,ALLOW,0,Low,0.1,19
75,0.9054364728975968,1.0,Compliant,0.9243491783180774,ALLOW,0,Low,0.1,19
76,0.9243491783180774,1.0,Compliant,0.9394793426544619,ALLOW,0,Low,0.1,19
77,0.9394793426544619,1.0,Compliant,0.9515834741235695,ALLOW,0,Low,0.1,19
78,0.9515834741235695,1.0,Compliant,0.9612667792988556,ALLOW,0,Low,0.1,19
79,0.9612667792988556,1.0,Compliant,0.9690134234390845,ALLOW,0,Low,0.1,19
80,0.9690134234390845,1.0,Compliant,0.9752107387512676,ALLOW,0,Low,0.1,19
81,0.9752107387512676,1.0,Compliant,0.9801685910010141,ALLOW,0,Low,0.1,19
82,0.9801685910010141,1.0,Compliant,0.9841348728008112,ALLOW,0,Low,0.1,19
83,0.9841348728008112,0.0,Violation,0.7873078982406491,ALLOW,1,Low,0.1,19
84,0.7873078982406491,1.0,Compliant,0.8298463185925192,ALLOW,0,Low,0.1,19
85,0.8298463185925192,1.0,Compliant,0.8638770548740153,ALLOW,0,Low,0.1,19
86,0.8638770548740153,1.0,Compliant,0.8911016438992123,ALLOW,0,Low,0.1,19
87,0.8911016438992123,1.0,Compliant,0.9128813151193699,ALLOW,0,Low,0.1,19
88,0.9128813151193699,1.0,Compliant,0.9303050520954959,ALLOW,0,Low,0.1,19
89,0.9303050520954959,1.0,Compliant,0.9442440416763966,ALLOW,0,Low,0.1,19
90,0.9442440416763966,1.0,Compliant,0.9553952333411173,ALLOW,0,Low,0.1,19
91,0.9553952333411173,1.0,Compliant,0.9643161866728939,ALLOW,0,Low,0.1,19
92,0.9643161866728939,1.0,Compliant,0.971452949338315,ALLOW,0,Low,0.1,19
93,0.971452949338315,1.0,Compliant,0.977162359470652,ALLOW,0,Low,0.1,19
94,0.977162359470652,1.0,Compliant,0.9817298875765216,ALLOW,0,Low,0.1,19
95,0.9817298875765216,1.0,Compliant,0.9853839100612173,ALLOW,0,Low,0.1,19
96,0.9853839100612173,0.0,Violation,0.7883071280489738,ALLOW,1,Low,0.1,19
97,0.7883071280489738,1.0,Compliant,0.8306457024391791,ALLOW,0,Low,0.1,19
98,0.8306457024391791,1.0,Compliant,0.8645165619513433,ALLOW,0,Low,0.1,19
99,0.8645165619513433,0.0,Violation,0.6916132495610747,ALLOW,1,Low,0.1,19
100,0.6916132495610747,0.0,Violation,0.5532905996488598,HUMAN_REVIEW,1,Low,0.1,19
1,0.8,1.0,Compliant,0.8400000000000001,ALLOW,0,Low,0.1,20
2,0.8400000000000001,1.0,Compliant,0.8720000000000001,ALLOW,0,Low,0.1,20
3,0.8720000000000001,0.0,Violation,0.6976000000000001,ALLOW,1,Low,0.1,20
4,0.6976000000000001,1.0,Compliant,0.7580800000000001,ALLOW,0,Low,0.1,20
5,0.7580800000000001,0.0,Violation,0.6064640000000001,ALLOW,1,Low,0.1,20
6,0.6064640000000001,1.0,Compliant,0.6851712000000001,ALLOW,0,Low,0.1,20
7,0.6851712000000001,1.0,Compliant,0.7481369600000001,ALLOW,0,Low,0.1,20
8,0.7481369600000001,1.0,Compliant,0.7985095680000001,ALLOW,0,Low,0.1,20
9,0.7985095680000001,1.0,Compliant,0.8388076544,ALLOW,0,Low,0.1,20
10,0.8388076544,1.0,Compliant,0.87104612352,ALLOW,0,Low,0.1,20
11,0.87104612352,1.0,Compliant,0.896836898816,ALLOW,0,Low,0.1,20
12,0.896836898816,1.0,Compliant,0.9174695190528,ALLOW,0,Low,0.1,20
13,0.9174695190528,0.0,Violation,0.7339756152422401,ALLOW,1,Low,0.1,20
14,0.7339756152422401,1.0,Compliant,0.787180492193792,ALLOW,0,Low,0.1,20
15,0.787180492193792,1.0,Compliant,0.8297443937550336,ALLOW,0,Low,0.1,20
16,0.8297443937550336,1.0,Compliant,0.8637955150040268,ALLOW,0,Low,0.1,20
17,0.8637955150040268,1.0,Compliant,0.8910364120032215,ALLOW,0,Low,0.1,20
18,0.8910364120032215,1.0,Compliant,0.9128291296025772,ALLOW,0,Low,0.1,20
19,0.9128291296025772,1.0,Compliant,0.9302633036820618,ALLOW,0,Low,0.1,20
20,0.9302633036820618,1.0,Compliant,0.9442106429456494,ALLOW,0,Low,0.1,20
21,0.9442106429456494,1.0,Compliant,0.9553685143565195,ALLOW,0,Low,0.1,20
22,0.9553685143565195,1.0,Compliant,0.9642948114852156,ALLOW,0,Low,0.1,20
23,0.9642948114852156,1.0,Compliant,0.9714358491881725,ALLOW,0,Low,0.1,20
24,0.9714358491881725,1.0,Compliant,0.977148679350538,ALLOW,0,Low,0.1,20
25,0.977148679350538,1.0,Compliant,0.9817189434804303,ALLOW,0,Low,0.1,20
26,0.9817189434804303,1.0,Compliant,0.9853751547843442,ALLOW,0,Low,0.1,20
27,0.9853751547843442,1.0,Compliant,0.9883001238274753,ALLOW,0,Low,0.1,20
28,0.9883001238274753,1.0,Compliant,0.9906400990619803,ALLOW,0,Low,0.1,20
29,0.9906400990619803,1.0,Compliant,0.9925120792495842,ALLOW,0,Low,0.1,20
30,0.9925120792495842,1.0,Compliant,0.9940096633996673,ALLOW,0,Low,0.1,20
31,0.9940096633996673,1.0,Compliant,0.9952077307197339,ALLOW,0,Low,0.1,20
32,0.9952077307197339,1.0,Compliant,0.9961661845757871,ALLOW,0,Low,0.1,20
33,0.9961661845757871,1.0,Compliant,0.9969329476606297,ALLOW,0,Low,0.1,20
34,0.9969329476606297,1.0,Compliant,0.9975463581285038,ALLOW,0,Low,0.1,20
35,0.9975463581285038,1.0,Compliant,0.998037086502803,ALLOW,0,Low,0.1,20
36,0.998037086502803,1.0,Compliant,0.9984296692022424,ALLOW,0,Low,0.1,20
37,0.9984296692022424,1.0,Compliant,0.998743735361794,ALLOW,0,Low,0.1,20
38,0.998743735361794,1.0,Compliant,0.9989949882894351,ALLOW,0,Low,0.1,20
39,0.9989949882894351,1.0,Compliant,0.9991959906315481,ALLOW,0,Low,0.1,20
40,0.9991959906315481,1.0,Compliant,0.9993567925052385,ALLOW,0,Low,0.1,20
41,0.9993567925052385,1.0,Compliant,0.9994854340041908,ALLOW,0,Low,0.1,20
42,0.9994854340041908,1.0,Compliant,0.9995883472033527,ALLOW,0,Low,0.1,20
43,0.9995883472033527,1.0,Compliant,0.9996706777626821,ALLOW,0,Low,0.1,20
44,0.9996706777626821,1.0,Compliant,0.9997365422101457,ALLOW,0,Low,0.1,20
45,0.9997365422101457,1.0,Compliant,0.9997892337681166,ALLOW,0,Low,0.1,20
46,0.9997892337681166,1.0,Compliant,0.9998313870144933,ALLOW,0,Low,0.1,20
47,0.9998313870144933,1.0,Compliant,0.9998651096115946,ALLOW,0,Low,0.1,20
48,0.9998651096115946,1.0,Compliant,0.9998920876892756,ALLOW,0,Low,0.1,20
49,0.9998920876892756,1.0,Compliant,0.9999136701514205,ALLOW,0,Low,0.1,20
50,0.9999136701514205,1.0,Compliant,0.9999309361211364,ALLOW,0,Low,0.1,20
51,0.9999309361211364,1.0,Compliant,0.9999447488969091,ALLOW,0,Low,0.1,20
52,0.9999447488969091,1.0,Compliant,0.9999557991175273,ALLOW,0,Low,0.1,20
53,0.9999557991175273,1.0,Compliant,0.9999646392940218,ALLOW,0,Low,0.1,20
54,0.9999646392940218,1.0,Compliant,0.9999717114352175,ALLOW,0,Low,0.1,20
55,0.9999717114352175,1.0,Compliant,0.9999773691481739,ALLOW,0,Low,0.1,20
56,0.9999773691481739,1.0,Compliant,0.9999818953185391,ALLOW,0,Low,0.1,20
57,0.9999818953185391,0.0,Violation,0.7999855162548313,ALLOW,1,Low,0.1,20
58,0.7999855162548313,1.0,Compliant,0.8399884130038651,ALLOW,0,Low,0.1,20
59,0.8399884130038651,0.0,Violation,0.6719907304030921,ALLOW,1,Low,0.1,20
60,0.6719907304030921,0.0,Violation,0.5375925843224737,HUMAN_REVIEW,1,Low,0.1,20
61,0.5375925843224737,1.0,Compliant,0.630074067457979,ALLOW,0,Low,0.1,20
62,0.630074067457979,1.0,Compliant,0.7040592539663831,ALLOW,0,Low,0.1,20
63,0.7040592539663831,1.0,Compliant,0.7632474031731065,ALLOW,0,Low,0.1,20
64,0.7632474031731065,1.0,Compliant,0.8105979225384852,ALLOW,0,Low,0.1,20
65,0.8105979225384852,0.0,Violation,0.6484783380307881,ALLOW,1,Low,0.1,20
66,0.6484783380307881,1.0,Compliant,0.7187826704246305,ALLOW,0,Low,0.1,20
67,0.7187826704246305,0.0,Violation,0.5750261363397045,HUMAN_REVIEW,1,Low,0.1,20
68,0.5750261363397045,1.0,Compliant,0.6600209090717635,ALLOW,0,Low,0.1,20
69,0.6600209090717635,1.0,Compliant,0.7280167272574107,ALLOW,0,Low,0.1,20
70,0.7280167272574107,1.0,Compliant,0.7824133818059286,ALLOW,0,Low,0.1,20
71,0.7824133818059286,1.0,Compliant,0.8259307054447429,ALLOW,0,Low,0.1,20
72,0.8259307054447429,1.0,Compliant,0.8607445643557943,ALLOW,0,Low,0.1,20
73,0.8607445643557943,1.0,Compliant,0.8885956514846354,ALLOW,0,Low,0.1,20
74,0.8885956514846354,1.0,Compliant,0.9108765211877083,ALLOW,0,Low,0.1,20
75,0.9108765211877083,0.0,Violation,0.7287012169501668,ALLOW,1,Low,0.1,20
76,0.7287012169501668,1.0,Compliant,0.7829609735601334,ALLOW,0,Low,0.1,20
77,0.7829609735601334,1.0,Compliant,0.8263687788481067,ALLOW,0,Low,0.1,20
78,0.8263687788481067,1.0,Compliant,0.8610950230784853,ALLOW,0,Low,0.1,20
79,0.8610950230784853,1.0,Compliant,0.8888760184627882,ALLOW,0,Low,0.1,20
80,0.8888760184627882,1.0,Compliant,0.9111008147702305,ALLOW,0,Low,0.1,20
81,0.9111008147702305,1.0,Compliant,0.9288806518161844,ALLOW,0,Low,0.1,20
82,0.9288806518161844,1.0,Compliant,0.9431045214529475,ALLOW,0,Low,0.1,20
83,0.9431045214529475,1.0,Compliant,0.9544836171623581,ALLOW,0,Low,0.1,20
84,0.9544836171623581,1.0,Compliant,0.9635868937298865,ALLOW,0,Low,0.1,20
85,0.9635868937298865,1.0,Compliant,0.9708695149839092,ALLOW,0,Low,0.1,20
86,0.9708695149839092,1.0,Compliant,0.9766956119871273,ALLOW,0,Low,0.1,20
87,0.9766956119871273,1.0,Compliant,0.9813564895897018,ALLOW,0,Low,0.1,20
88,0.9813564895897018,1.0,Compliant,0.9850851916717615,ALLOW,0,Low,0.1,20
89,0.9850851916717615,1.0,Compliant,0.9880681533374092,ALLOW,0,Low,0.1,20
90,0.9880681533374092,1.0,Compliant,0.9904545226699273,ALLOW,0,Low,0.1,20
91,0.9904545226699273,1.0,Compliant,0.9923636181359419,ALLOW,0,Low,0.1,20
92,0.9923636181359419,1.0,Compliant,0.9938908945087535,ALLOW,0,Low,0.1,20
93,0.9938908945087535,1.0,Compliant,0.9951127156070028,ALLOW,0,Low,0.1,20
94,0.9951127156070028,1.0,Compliant,0.9960901724856022,ALLOW,0,Low,0.1,20
95,0.9960901724856022,1.0,Compliant,0.9968721379884817,ALLOW,0,Low,0.1,20
96,0.9968721379884817,1.0,Compliant,0.9974977103907854,ALLOW,0,Low,0.1,20
97,0.9974977103907854,1.0,Compliant,0.9979981683126283,ALLOW,0,Low,0.1,20
98,0.9979981683126283,1.0,Compliant,0.9983985346501026,ALLOW,0,Low,0.1,20
99,0.9983985346501026,1.0,Compliant,0.9987188277200821,ALLOW,0,Low,0.1,20
100,0.9987188277200821,1.0,Compliant,0.9989750621760657,ALLOW,0,Low,0.1,20
1,0.8,1.0,Compliant,0.8400000000000001,ALLOW,0,Low,0.1,21
2,0.8400000000000001,0.0,Violation,0.6720000000000002,ALLOW,1,Low,0.1,21
3,0.6720000000000002,1.0,Compliant,0.7376000000000001,ALLOW,0,Low,0.1,21
4,0.7376000000000001,1.0,Compliant,0.7900800000000001,ALLOW,0,Low,0.1,21
5,0.7900800000000001,1.0,Compliant,0.8320640000000001,ALLOW,0,Low,0.1,21
6,0.8320640000000001,1.0,Compliant,0.8656512000000001,ALLOW,0,Low,0.1,21
7,0.8656512000000001,1.0,Compliant,0.89252096,ALLOW,0,Low,0.1,21
8,0.89252096,1.0,Compliant,0.914016768,ALLOW,0,Low,0.1,21
9,0.914016768,1.0,Compliant,0.9312134143999999,ALLOW,0,Low,0.1,21
10,0.9312134143999999,1.0,Compliant,0.94497073152,ALLOW,0,Low,0.1,21
11,0.94497073152,1.0,Compliant,0.955976585216,ALLOW,0,Low,0.1,21
12,0.955976585216,0.0,Violation,0.7647812681728001,ALLOW,1,Low,0.1,21
13,0.7647812681728001,1.0,Compliant,0.8118250145382401,ALLOW,0,Low,0.1,21
14,0.8118250145382401,1.0,Compliant,0.849460011630592,ALLOW,0,Low,0.1,21
15,0.849460011630592,1.0,Compliant,0.8795680093044737,ALLOW,0,Low,0.1,21
16,0.8795680093044737,1.0,Compliant,0.9036544074435789,ALLOW,0,Low,0.1,21
17,0.9036544074435789,1.0,Compliant,0.9229235259548632,ALLOW,0,Low,0.1,21
18,0.9229235259548632,1.0,Compliant,0.9383388207638905,ALLOW,0,Low,0.1,21
19,0.9383388207638905,1.0,Compliant,0.9506710566111124,ALLOW,0,Low,0.1,21
20,0.9506710566111124,0.0,Violation,0.76053684528889,ALLOW,1,Low,0.1,21
21,0.76053684528889,1.0,Compliant,0.8084294762311119,ALLOW,0,Low,0.1,21
22,0.8084294762311119,1.0,Compliant,0.8467435809848896,ALLOW,0,Low,0.1,21
23,0.8467435809848896,1.0,Compliant,0.8773948647879116,ALLOW,0,Low,0.1,21
24,0.8773948647879116,1.0,Compliant,0.9019158918303293,ALLOW,0,Low,0.1,21
25,0.9019158918303293,1.0,Compliant,0.9215327134642635,ALLOW,0,Low,0.1,21
26,0.9215327134642635,1.0,Compliant,0.9372261707714108,ALLOW,0,Low,0.1,21
27,0.9372261707714108,1.0,Compliant,0.9497809366171286,ALLOW,0,Low,0.1,21
28,0.9497809366171286,1.0,Compliant,0.9598247492937029,ALLOW,0,Low,0.1,21
29,0.9598247492937029,1.0,Compliant,0.9678597994349623,ALLOW,0,Low,0.1,21
30,0.9678597994349623,1.0,Compliant,0.9742878395479698,ALLOW,0,Low,0.1,21
31,0.9742878395479698,1.0,Compliant,0.9794302716383758,ALLOW,0,Low,0.1,21
32,0.9794302716383758,1.0,Compliant,0.9835442173107006,ALLOW,0,Low,0.1,21
33,0.9835442173107006,1.0,Compliant,0.9868353738485605,ALLOW,0,Low,0.1,21
34,0.9868353738485605,1.0,Compliant,0.9894682990788484,ALLOW,0,Low,0.1,21
35,0.9894682990788484,1.0,Compliant,0.9915746392630786,ALLOW,0,Low,0.1,21
36,0.9915746392630786,0.0,Violation,0.7932597114104629,ALLOW,1,Low,0.1,21
37,0.7932597114104629,1.0,Compliant,0.8346077691283703,ALLOW,0,Low,0.1,21
38,0.8346077691283703,1.0,Compliant,0.8676862153026963,ALLOW,0,Low,0.1,21
39,0.8676862153026963,1.0,Compliant,0.8941489722421571,ALLOW,0,Low,0.1,21
40,0.8941489722421571,1.0,Compliant,0.9153191777937256,ALLOW,0,Low,0.1,21
41,0.9153191777937256,1.0,Compliant,0.9322553422349805,ALLOW,0,Low,0.1,21
42,0.9322553422349805,0.0,Violation,0.7458042737879844,ALLOW,1,Low,0.1,21
43,0.7458042737879844,1.0,Compliant,0.7966434190303875,ALLOW,0,Low,0.1,21
44,0.7966434190303875,1.0,Compliant,0.83731473522431,ALLOW,0,Low,0.1,21
45,0.83731473522431,1.0,Compliant,0.869851788179448,ALLOW,0,Low,0.1,21
46,0.869851788179448,1.0,Compliant,0.8958814305435584,ALLOW,0,Low,0.1,21
47,0.8958814305435584,1.0,Compliant,0.9167051444348467,ALLOW,0,Low,0.1,21
48,0.9167051444348467,1.0,Compliant,0.9333641155478773,ALLOW,0,Low,0.1,21
49,0.9333641155478773,1.0,Compliant,0.9466912924383019,ALLOW,0,Low,0.1,21
50,0.9466912924383019,1.0,Compliant,0.9573530339506415,ALLOW,0,Low,0.1,21
51,0.9573530339506415,1.0,Compliant,0.9658824271605132,ALLOW,0,Low,0.1,21
52,0.9658824271605132,1.0,Compliant,0.9727059417284105,ALLOW,0,Low,0.1,21
53,0.9727059417284105,1.0,Compliant,0.9781647533827285,ALLOW,0,Low,0.1,21
54,0.9781647533827285,1.0,Compliant,0.9825318027061828,ALLOW,0,Low,0.1,21
55,0.9825318027061828,1.0,Compliant,0.9860254421649463,ALLOW,0,Low,0.1,21
56,0.9860254421649463,1.0,Compliant,0.988820353731957,ALLOW,0,Low,0.1,21
57,0.988820353731957,0.0,Violation,0.7910562829855656,ALLOW,1,Low,0.1,21
58,0.7910562829855656,0.0,Violation,0.6328450263884525,ALLOW,1,Low,0.1,21
59,0.6328450263884525,1.0,Compliant,0.706276021110762,ALLOW,0,Low,0.1,21
60,0.706276021110762,1.0,Compliant,0.7650208168886096,ALLOW,0,Low,0.1,21
61,0.7650208168886096,0.0,Violation,0.6120166535108877,ALLOW,1,Low,0.1,21
62,0.6120166535108877,1.0,Compliant,0.6896133228087102,ALLOW,0,Low,0.1,21
63,0.6896133228087102,1.0,Compliant,0.7516906582469681,ALLOW,0,Low,0.1,21
64,0.7516906582469681,1.0,Compliant,0.8013525265975745,ALLOW,0,Low,0.1,21
65,0.8013525265975745,1.0,Compliant,0.8410820212780596,ALLOW,0,Low,0.1,21
66,0.8410820212780596,1.0,Compliant,0.8728656170224477,ALLOW,0,Low,0.1,21
67,0.8728656170224477,1.0,Compliant,0.8982924936179582,ALLOW,0,Low,0.1,21
68,0.8982924936179582,1.0,Compliant,0.9186339948943665,ALLOW,0,Low,0.1,21
69,0.9186339948943665,1.0,Compliant,0.9349071959154932,ALLOW,0,Low,0.1,21
70,0.9349071959154932,1.0,Compliant,0.9479257567323945,ALLOW,0,Low,0.1,21
71,0.9479257567323945,1.0,Compliant,0.9583406053859156,ALLOW,0,Low,0.1,21
72,0.9583406053859156,1.0,Compliant,0.9666724843087324,ALLOW,0,Low,0.1,21
73,0.9666724843087324,1.0,Compliant,0.973337987446986,ALLOW,0,Low,0.1,21
74,0.973337987446986,1.0,Compliant,0.9786703899575888,ALLOW,0,Low,0.1,21
75,0.9786703899575888,1.0,Compliant,0.982936311966071,ALLOW,0,Low,0.1,21
76,0.982936311966071,1.0,Compliant,0.9863490495728569,ALLOW,0,Low,0.1,21
77,0.9863490495728569,1.0,Compliant,0.9890792396582855,ALLOW,0,Low,0.1,21
78,0.9890792396582855,1.0,Compliant,0.9912633917266284,ALLOW,0,Low,0.1,21
79,0.9912633917266284,1.0,Compliant,0.9930107133813026,ALLOW,0,Low,0.1,21
80,0.9930107133813026,1.0,Compliant,0.9944085707050421,ALLOW,0,Low,0.1,21
81,0.9944085707050421,1.0,Compliant,0.9955268565640336,ALLOW,0,Low,0.1,21
82,0.9955268565640336,1.0,Compliant,0.9964214852512269,ALLOW,0,Low,0.1,21
83,0.9964214852512269,1.0,Compliant,0.9971371882009815,ALLOW,0,Low,0.1,21
84,0.9971371882009815,1.0,Compliant,0.9977097505607853,ALLOW,0,Low,0.1,21
85,0.9977097505607853,1.0,Compliant,0.9981678004486282,ALLOW,0,Low,0.1,21
86,0.9981678004486282,1.0,Compliant,0.9985342403589026,ALLOW,0,Low,0.1,21
87,0.9985342403589026,1.0,Compliant,0.998827392287122,ALLOW,0,Low,0.1,21
88,0.998827392287122,1.0,Compliant,0.9990619138296977,ALLOW,0,Low,0.1,21
89,0.9990619138296977,1.0,Compliant,0.9992495310637581,ALLOW,0,Low,0.1,21
90,0.9992495310637581,1.0,Compliant,0.9993996248510065,ALLOW,0,Low,0.1,21
91,0.9993996248510065,1.0,Compliant,0.9995196998808052,ALLOW,0,Low,0.1,21
92,0.9995196998808052,1.0,Compliant,0.9996157599046442,ALLOW,0,Low,0.1,21
93,0.9996157599046442,1.0,Compliant,0.9996926079237154,ALLOW,0,Low,0.1,21
94,0.9996926079237154,1.0,Compliant,0.9997540863389723,ALLOW,0,Low,0.1,21
95,0.9997540863389723,1.0,Compliant,0.9998032690711779,ALLOW,0,Low,0.1,21
96,0.9998032690711779,1.0,Compliant,0.9998426152569423,ALLOW,0,Low,0.1,21
97,0.9998426152569423,1.0,Compliant,0.9998740922055538,ALLOW,0,Low,0.1,21
98,0.9998740922055538,1.0,Compliant,0.999899273764443,ALLOW,0,Low,0.1,21
99,0.999899273764443,1.0,Compliant,0.9999194190115543,ALLOW,0,Low,0.1,21
100,0.9999194190115543,1.0,Compliant,0.9999355352092435,ALLOW,0,Low,0.1,21
1,0.8,0.0,Violation,0.6400000000000001,ALLOW,1,Low,0.1,22
2,0.6400000000000001,1.0,Compliant,0.7120000000000001,ALLOW,0,Low,0.1,22
3,0.7120000000000001,1.0,Compliant,0.7696000000000001,ALLOW,0,Low,0.1,22
4,0.7696000000000001,1.0,Compliant,0.8156800000000001,ALLOW,0,Low,0.1,22
5,0.8156800000000001,1.0,Compliant,0.8525440000000001,ALLOW,0,Low,0.1,22
6,0.8525440000000001,1.0,Compliant,0.8820352,ALLOW,0,Low,0.1,22
7,0.8820352,1.0,Compliant,0.90562816,ALLOW,0,Low,0.1,22
8,0.90562816,1.0,Compliant,0.924502528,ALLOW,0,Low,0.1,22
9,0.924502528,1.0,Compliant,0.9396020224,ALLOW,0,Low,0.1,22
10,0.9396020224,1.0,Compliant,0.9516816179200001,ALLOW,0,Low,0.1,22
11,0.9516816179200001,1.0,Compliant,0.961345294336,ALLOW,0,Low,0.1,22
12,0.961345294336,1.0,Compliant,0.9690762354688001,ALLOW,0,Low,0.1,22
13,0.9690762354688001,1.0,Compliant,0.97526098837504,ALLOW,0,Low,0.1,22
14,0.97526098837504,1.0,Compliant,0.9802087907000321,ALLOW,0,Low,0.1,22
15,0.9802087907000321,1.0,Compliant,0.9841670325600257,ALLOW,0,Low,0.1,22
16,0.9841670325600257,1.0,Compliant,0.9873336260480206,ALLOW,0,Low,0.1,22
17,0.9873336260480206,1.0,Compliant,0.9898669008384164,ALLOW,0,Low,0.1,22
18,0.9898669008384164,1.0,Compliant,0.9918935206707331,ALLOW,0,Low,0.1,22
19,0.9918935206707331,1.0,Compliant,0.9935148165365865,ALLOW,0,Low,0.1,22
20,0.9935148165365865,1.0,Compliant,0.9948118532292691,ALLOW,0,Low,0.1,22
21,0.9948118532292691,0.0,Violation,0.7958494825834154,ALLOW,1,Low,0.1,22
22,0.7958494825834154,1.0,Compliant,0.8366795860667323,ALLOW,0,Low,0.1,22
23,0.8366795860667323,1.0,Compliant,0.8693436688533859,ALLOW,0,Low,0.1,22
24,0.8693436688533859,1.0,Compliant,0.8954749350827087,ALLOW,0,Low,0.1,22
25,0.8954749350827087,1.0,Compliant,0.916379948066167,ALLOW,0,Low,0.1,22
26,0.916379948066167,1.0,Compliant,0.9331039584529336,ALLOW,0,Low,0.1,22
27,0.9331039584529336,1.0,Compliant,0.9464831667623469,ALLOW,0,Low,0.1,22
28,0.9464831667623469,1.0,Compliant,0.9571865334098775,ALLOW,0,Low,0.1,22
29,0.9571865334098775,1.0,Compliant,0.965749226727902,ALLOW,0,Low,0.1,22
30,0.965749226727902,1.0,Compliant,0.9725993813823216,ALLOW,0,Low,0.1,22
31,0.9725993813823216,1.0,Compliant,0.9780795051058573,ALLOW,0,Low,0.1,22
32,0.9780795051058573,1.0,Compliant,0.9824636040846858,ALLOW,0,Low,0.1,22
33,0.9824636040846858,1.0,Compliant,0.9859708832677486,ALLOW,0,Low,0.1,22
34,0.9859708832677486,1.0,Compliant,0.9887767066141989,ALLOW,0,Low,0.1,22
35,0.9887767066141989,1.0,Compliant,0.9910213652913591,ALLOW,0,Low,0.1,22
36,0.9910213652913591,1.0,Compliant,0.9928170922330872,ALLOW,0,Low,0.1,22
37,0.9928170922330872,1.0,Compliant,0.9942536737864698,ALLOW,0,Low,0.1,22
38,0.9942536737864698,1.0,Compliant,0.9954029390291759,ALLOW,0,Low,0.1,22
39,0.9954029390291759,0.0,Violation,0.7963223512233407,ALLOW,1,Low,0.1,22
40,0.7963223512233407,0.0,Violation,0.6370578809786727,ALLOW,1,Low,0.1,22
41,0.6370578809786727,1.0,Compliant,0.7096463047829381,ALLOW,0,Low,0.1,22
42,0.7096463047829381,1.0,Compliant,0.7677170438263504,ALLOW,0,Low,0.1,22
43,0.7677170438263504,1.0,Compliant,0.8141736350610803,ALLOW,0,Low,0.1,22
44,0.8141736350610803,0.0,Violation,0.6513389080488643,ALLOW,1,Low,0.1,22
45,0.6513389080488643,1.0,Compliant,0.7210711264390914,ALLOW,0,Low,0.1,22
46,0.7210711264390914,1.0,Compliant,0.7768569011512731,ALLOW,0,Low,0.1,22
47,0.7768569011512731,1.0,Compliant,0.8214855209210186,ALLOW,0,Low,0.1,22
48,0.8214855209210186,1.0,Compliant,0.8571884167368149,ALLOW,0,Low,0.1,22
49,0.8571884167368149,1.0,Compliant,0.8857507333894519,ALLOW,0,Low,0.1,22
50,0.8857507333894519,0.0,Violation,0.7086005867115616,ALLOW,1,Low,0.1,22
51,0.7086005867115616,1.0,Compliant,0.7668804693692493,ALLOW,0,Low,0.1,22
52,0.7668804693692493,1.0,Compliant,0.8135043754953994,ALLOW,0,Low,0.1,22
53,0.8135043754953994,1.0,Compliant,0.8508035003963196,ALLOW,0,Low,0.1,22
54,0.8508035003963196,1.0,Compliant,0.8806428003170557,ALLOW,0,Low,0.1,22
55,0.8806428003170557,1.0,Compliant,0.9045142402536446,ALLOW,0,Low,0.1,22
56,0.9045142402536446,1.0,Compliant,0.9236113922029157,ALLOW,0,Low,0.1,22
57,0.9236113922029157,1.0,Compliant,0.9388891137623325,ALLOW,0,Low,0.1,22
58,0.9388891137623325,1.0,Compliant,0.951111291009866,ALLOW,0,Low,0.1,22
59,0.951111291009866,1.0,Compliant,0.9608890328078928,ALLOW,0,Low,0.1,22
60,0.9608890328078928,1.0,Compliant,0.9687112262463142,ALLOW,0,Low,0.1,22
61,0.9687112262463142,1.0,Compliant,0.9749689809970514,ALLOW,0,Low,0.1,22
62,0.9749689809970514,1.0,Compliant,0.9799751847976411,ALLOW,0,Low,0.1,22
63,0.9799751847976411,1.0,Compliant,0.9839801478381129,ALLOW,0,Low,0.1,22
64,0.9839801478381129,1.0,Compliant,0.9871841182704904,ALLOW,0,Low,0.1,22
65,0.9871841182704904,1.0,Compliant,0.9897472946163923,ALLOW,0,Low,0.1,22
66,0.9897472946163923,1.0,Compliant,0.9917978356931139,ALLOW,0,Low,0.1,22
67,0.9917978356931139,0.0,Violation,0.7934382685544912,ALLOW,1,Low,0.1,22
68,0.7934382685544912,1.0,Compliant,0.8347506148435929,ALLOW,0,Low,0.1,22
69,0.8347506148435929,1.0,Compliant,0.8678004918748743,ALLOW,0,Low,0.1,22
70,0.8678004918748743,1.0,Compliant,0.8942403934998995,ALLOW,0,Low,0.1,22
71,0.8942403934998995,1.0,Compliant,0.9153923147999196,ALLOW,0,Low,0.1,22
72,0.9153923147999196,0.0,Violation,0.7323138518399357,ALLOW,1,Low,0.1,22
73,0.7323138518399357,1.0,Compliant,0.7858510814719485,ALLOW,0,Low,0.1,22
74,0.7858510814719485,1.0,Compliant,0.8286808651775588,ALLOW,0,Low,0.1,22
75,0.8286808651775588,1.0,Compliant,0.862944692142047,ALLOW,0,Low,0.1,22
76,0.862944692142047,1.0,Compliant,0.8903557537136376,ALLOW,0,Low,0.1,22
77,0.8903557537136376,1.0,Compliant,0.9122846029709101,ALLOW,0,Low,0.1,22
78,0.9122846029709101,1.0,Compliant,0.9298276823767281,ALLOW,0,Low,0.1,22
79,0.9298276823767281,1.0,Compliant,0.9438621459013825,ALLOW,0,Low,0.1,22
80,0.9438621459013825,0.0,Violation,0.755089716721106,ALLOW,1,Low,0.1,22
81,0.755089716721106,1.0,Compliant,0.8040717733768848,ALLOW,0,Low,0.1,22
82,0.8040717733768848,0.0,Violation,0.6432574187015079,ALLOW,1,Low,0.1,22
83,0.6432574187015079,1.0,Compliant,0.7146059349612063,ALLOW,0,Low,0.1,22
84,0.7146059349612063,1.0,Compliant,0.771684747968965,ALLOW,0,Low,0.1,22
85,0.771684747968965,1.0,Compliant,0.817347798375172,ALLOW,0,Low,0.1,22
86,0.817347798375172,1.0,Compliant,0.8538782387001376,ALLOW,0,Low,0.1,22
87,0.8538782387001376,1.0,Compliant,0.88310259096011,ALLOW,0,Low,0.1,22
88,0.88310259096011,1.0,Compliant,0.906482072768088,ALLOW,0,Low,0.1,22
89,0.906482072768088,1.0,Compliant,0.9251856582144704,ALLOW,0,Low,0.1,22
90,0.9251856582144704,1.0,Compliant,0.9401485265715763,ALLOW,0,Low,0.1,22
91,0.9401485265715763,1.0,Compliant,0.9521188212572611,ALLOW,0,Low,0.1,22
92,0.9521188212572611,1.0,Compliant,0.9616950570058089,ALLOW,0,Low,0.1,22
93,0.9616950570058089,1.0,Compliant,0.9693560456046472,ALLOW,0,Low,0.1,22
94,0.9693560456046472,1.0,Compliant,0.9754848364837178,ALLOW,0,Low,0.1,22
95,0.9754848364837178,1.0,Compliant,0.9803878691869742,ALLOW,0,Low,0.1,22
96,0.9803878691869742,1.0,Compliant,0.9843102953495794,ALLOW,0,Low,0.1,22
97,0.9843102953495794,1.0,Compliant,0.9874482362796635,ALLOW,0,Low,0.1,22
98,0.9874482362796635,1.0,Compliant,0.9899585890237308,ALLOW,0,Low,0.1,22
99,0.9899585890237308,1.0,Compliant,0.9919668712189846,ALLOW,0,Low,0.1,22
100,0.9919668712189846,1.0,Compliant,0.9935734969751877,ALLOW,0,Low,0.1,22
1,0.8,1.0,Compliant,0.8400000000000001,ALLOW,0,Low,0.1,23
2,0.8400000000000001,1.0,Compliant,0.8720000000000001,ALLOW,0,Low,0.1,23
3,0.8720000000000001,1.0,Compliant,0.8976000000000001,ALLOW,0,Low,0.1,23
4,0.8976000000000001,1.0,Compliant,0.91808,ALLOW,0,Low,0.1,23
5,0.91808,1.0,Compliant,0.934464,ALLOW,0,Low,0.1,23
6,0.934464,1.0,Compliant,0.9475712,ALLOW,0,Low,0.1,23
7,0.9475712,0.0,Violation,0.75805696,ALLOW,1,Low,0.1,23
8,0.75805696,1.0,Compliant,0.806445568,ALLOW,0,Low,0.1,23
9,0.806445568,1.0,Compliant,0.8451564544,ALLOW,0,Low,0.1,23
10,0.8451564544,1.0,Compliant,0.87612516352,ALLOW,0,Low,0.1,23
11,0.87612516352,1.0,Compliant,0.9009001308160001,ALLOW,0,Low,0.1,23
12,0.9009001308160001,1.0,Compliant,0.9207201046528001,ALLOW,0,Low,0.1,23
13,0.9207201046528001,1.0,Compliant,0.9365760837222401,ALLOW,0,Low,0.1,23
14,0.9365760837222401,1.0,Compliant,0.9492608669777921,ALLOW,0,Low,0.1,23
15,0.9492608669777921,1.0,Compliant,0.9594086935822337,ALLOW,0,Low,0.1,23
16,0.9594086935822337,1.0,Compliant,0.967526954865787,ALLOW,0,Low,0.1,23
17,0.967526954865787,1.0,Compliant,0.9740215638926296,ALLOW,0,Low,0.1,23
18,0.9740215638926296,1.0,Compliant,0.9792172511141037,ALLOW,0,Low,0.1,23
19,0.9792172511141037,1.0,Compliant,0.983373800891283,ALLOW,0,Low,0.1,23
20,0.983373800891283,1.0,Compliant,0.9866990407130264,ALLOW,0,Low,0.1,23
21,0.9866990407130264,1.0,Compliant,0.9893592325704211,ALLOW,0,Low,0.1,23
22,0.9893592325704211,1.0,Compliant,0.9914873860563369,ALLOW,0,Low,0.1,23
23,0.9914873860563369,0.0,Violation,0.7931899088450696,ALLOW,1,Low,0.1,23
24,0.7931899088450696,1.0,Compliant,0.8345519270760556,ALLOW,0,Low,0.1,23
25,0.8345519270760556,1.0,Compliant,0.8676415416608445,ALLOW,0,Low,0.1,23
26,0.8676415416608445,1.0,Compliant,0.8941132333286756,ALLOW,0,Low,0.1,23
27,0.8941132333286756,1.0,Compliant,0.9152905866629405,ALLOW,0,Low,0.1,23
28,0.9152905866629405,0.0,Violation,0.7322324693303525,ALLOW,1,Low,0.1,23
29,0.7322324693303525,1.0,Compliant,0.785785975464282,ALLOW,0,Low,0.1,23
30,0.785785975464282,1.0,Compliant,0.8286287803714256,ALLOW,0,Low,0.1,23
31,0.8286287803714256,1.0,Compliant,0.8629030242971405,ALLOW,0,Low,0.1,23
32,0.8629030242971405,1.0,Compliant,0.8903224194377124,ALLOW,0,Low,0.1,23
33,0.8903224194377124,1.0,Compliant,0.9122579355501699,ALLOW,0,Low,0.1,23
34,0.9122579355501699,1.0,Compliant,0.9298063484401359,ALLOW,0,Low,0.1,23
35,0.9298063484401359,1.0,Compliant,0.9438450787521087,ALLOW,0,Low,0.1,23
36,0.9438450787521087,0.0,Violation,0.755076063001687,ALLOW,1,Low,0.1,23
37,0.755076063001687,1.0,Compliant,0.8040608504013496,ALLOW,0,Low,0.1,23
38,0.8040608504013496,1.0,Compliant,0.8432486803210797,ALLOW,0,Low,0.1,23
39,0.8432486803210797,1.0,Compliant,0.8745989442568638,ALLOW,0,Low,0.1,23
40,0.8745989442568638,1.0,Compliant,0.899679155405491,ALLOW,0,Low,0.1,23
41,0.899679155405491,1.0,Compliant,0.9197433243243929,ALLOW,0,Low,0.1,23
42,0.9197433243243929,1.0,Compliant,0.9357946594595143,ALLOW,0,Low,0.1,23
43,0.9357946594595143,1.0,Compliant,0.9486357275676115,ALLOW,0,Low,0.1,23
44,0.9486357275676115,1.0,Compliant,0.9589085820540892,ALLOW,0,Low,0.1,23
45,0.9589085820540892,1.0,Compliant,0.9671268656432714,ALLOW,0,Low,0.1,23
46,0.9671268656432714,1.0,Compliant,0.9737014925146171,ALLOW,0,Low,0.1,23
47,0.9737014925146171,1.0,Compliant,0.9789611940116937,ALLOW,0,Low,0.1,23
48,0.9789611940116937,1.0,Compliant,0.983168955209355,ALLOW,0,Low,0.1,23
49,0.983168955209355,1.0,Compliant,0.986535164167484,ALLOW,0,Low,0.1,23
50,0.986535164167484,1.0,Compliant,0.9892281313339872,ALLOW,0,Low,0.1,23
51,0.9892281313339872,1.0,Compliant,0.9913825050671898,ALLOW,0,Low,0.1,23
52,0.9913825050671898,0.0,Violation,0.7931060040537519,ALLOW,1,Low,0.1,23
53,0.7931060040537519,1.0,Compliant,0.8344848032430014,ALLOW,0,Low,0.1,23
54,0.8344848032430014,1.0,Compliant,0.8675878425944011,ALLOW,0,Low,0.1,23
55,0.8675878425944011,1.0,Compliant,0.8940702740755209,ALLOW,0,Low,0.1,23
56,0.8940702740755209,1.0,Compliant,0.9152562192604167,ALLOW,0,Low,0.1,23
57,0.9152562192604167,1.0,Compliant,0.9322049754083334,ALLOW,0,Low,0.1,23
58,0.9322049754083334,1.0,Compliant,0.9457639803266666,ALLOW,0,Low,0.1,23
59,0.9457639803266666,1.0,Compliant,0.9566111842613333,ALLOW,0,Low,0.1,23
60,0.9566111842613333,1.0,Compliant,0.9652889474090667,ALLOW,0,Low,0.1,23
61,0.9652889474090667,0.0,Violation,0.7722311579272534,ALLOW,1,Low,0.1,23
62,0.7722311579272534,1.0,Compliant,0.8177849263418027,ALLOW,0,Low,0.1,23
63,0.8177849263418027,1.0,Compliant,0.8542279410734421,ALLOW,0,Low,0.1,23
64,0.8542279410734421,1.0,Compliant,0.8833823528587537,ALLOW,0,Low,0.1,23
65,0.8833823528587537,1.0,Compliant,0.9067058822870029,ALLOW,0,Low,0.1,23
66,0.9067058822870029,1.0,Compliant,0.9253647058296023,ALLOW,0,Low,0.1,23
67,0.9253647058296023,1.0,Compliant,0.9402917646636818,ALLOW,0,Low,0.1,23
68,0.9402917646636818,1.0,Compliant,0.9522334117309454,ALLOW,0,Low,0.1,23
69,0.9522334117309454,1.0,Compliant,0.9617867293847564,ALLOW,0,Low,0.1,23
70,0.9617867293847564,1.0,Compliant,0.9694293835078052,ALLOW,0,Low,0.1,23
71,0.9694293835078052,1.0,Compliant,0.9755435068062441,ALLOW,0,Low,0.1,23
72,0.9755435068062441,0.0,Violation,0.7804348054449953,ALLOW,1,Low,0.1,23
73,0.7804348054449953,1.0,Compliant,0.8243478443559963,ALLOW,0,Low,0.1,23
74,0.8243478443559963,1.0,Compliant,0.859478275484797,ALLOW,0,Low,0.1,23
75,0.859478275484797,1.0,Compliant,0.8875826203878376,ALLOW,0,Low,0.1,23
76,0.8875826203878376,1.0,Compliant,0.9100660963102701,ALLOW,0,Low,0.1,23
77,0.9100660963102701,1.0,Compliant,0.9280528770482162,ALLOW,0,Low,0.1,23
78,0.9280528770482162,1.0,Compliant,0.9424423016385729,ALLOW,0,Low,0.1,23
79,0.9424423016385729,1.0,Compliant,0.9539538413108584,ALLOW,0,Low,0.1,23
80,0.9539538413108584,1.0,Compliant,0.9631630730486866,ALLOW,0,Low,0.1,23
81,0.9631630730486866,0.0,Violation,0.7705304584389494,ALLOW,1,Low,0.1,23
82,0.7705304584389494,0.0,Violation,0.6164243667511595,ALLOW,1,Low,0.1,23
83,0.6164243667511595,1.0,Compliant,0.6931394934009276,ALLOW,0,Low,0.1,23
84,0.6931394934009276,1.0,Compliant,0.754511594720742,ALLOW,0,Low,0.1,23
85,0.754511594720742,1.0,Compliant,0.8036092757765936,ALLOW,0,Low,0.1,23
86,0.8036092757765936,1.0,Compliant,0.8428874206212749,ALLOW,0,Low,0.1,23
87,0.8428874206212749,1.0,Compliant,0.8743099364970199,ALLOW,0,Low,0.1,23
88,0.8743099364970199,1.0,Compliant,0.899447949197616,ALLOW,0,Low,0.1,23
89,0.899447949197616,1.0,Compliant,0.9195583593580927,ALLOW,0,Low,0.1,23
90,0.9195583593580927,1.0,Compliant,0.9356466874864742,ALLOW,0,Low,0.1,23
91,0.9356466874864742,1.0,Compliant,0.9485173499891794,ALLOW,0,Low,0.1,23
92,0.9485173499891794,1.0,Compliant,0.9588138799913435,ALLOW,0,Low,0.1,23
93,0.9588138799913435,1.0,Compliant,0.9670511039930748,ALLOW,0,Low,0.1,23
94,0.9670511039930748,1.0,Compliant,0.9736408831944598,ALLOW,0,Low,0.1,23
95,0.9736408831944598,0.0,Violation,0.7789127065555679,ALLOW,1,Low,0.1,23
96,0.7789127065555679,1.0,Compliant,0.8231301652444543,ALLOW,0,Low,0.1,23
97,0.8231301652444543,1.0,Compliant,0.8585041321955634,ALLOW,0,Low,0.1,23
98,0.8585041321955634,1.0,Compliant,0.8868033057564507,ALLOW,0,Low,0.1,23
99,0.8868033057564507,1.0,Compliant,0.9094426446051606,ALLOW,0,Low,0.1,23
100,0.9094426446051606,1.0,Compliant,0.9275541156841285,ALLOW,0,Low,0.1,23
1,0.8,1.0,Compliant,0.8400000000000001,ALLOW,0,Low,0.1,24
2,0.8400000000000001,1.0,Compliant,0.8720000000000001,ALLOW,0,Low,0.1,24
3,0.8720000000000001,1.0,Compliant,0.8976000000000001,ALLOW,0,Low,0.1,24
4,0.8976000000000001,1.0,Compliant,0.91808,ALLOW,0,Low,0.1,24
5,0.91808,1.0,Compliant,0.934464,ALLOW,0,Low,0.1,24
6,0.934464,0.0,Violation,0.7475712,ALLOW,1,Low,0.1,24
7,0.7475712,1.0,Compliant,0.7980569599999999,ALLOW,0,Low,0.1,24
8,0.7980569599999999,1.0,Compliant,0.8384455679999999,ALLOW,0,Low,0.1,24
9,0.8384455679999999,1.0,Compliant,0.8707564543999999,ALLOW,0,Low,0.1,24
10,0.8707564543999999,1.0,Compliant,0.89660516352,ALLOW,0,Low,0.1,24
11,0.89660516352,1.0,Compliant,0.917284130816,ALLOW,0,Low,0.1,24
12,0.917284130816,1.0,Compliant,0.9338273046528001,ALLOW,0,Low,0.1,24
13,0.9338273046528001,1.0,Compliant,0.94706184372224,ALLOW,0,Low,0.1,24
14,0.94706184372224,1.0,Compliant,0.957649474977792,ALLOW,0,Low,0.1,24
15,0.957649474977792,1.0,Compliant,0.9661195799822335,ALLOW,0,Low,0.1,24
16,0.9661195799822335,1.0,Compliant,0.9728956639857869,ALLOW,0,Low,0.1,24
17,0.9728956639857869,1.0,Compliant,0.9783165311886295,ALLOW,0,Low,0.1,24
18,0.9783165311886295,1.0,Compliant,0.9826532249509036,ALLOW,0,Low,0.1,24
19,0.9826532249509036,1.0,Compliant,0.9861225799607228,ALLOW,0,Low,0.1,24
20,0.9861225799607228,1.0,Compliant,0.9888980639685783,ALLOW,0,Low,0.1,24
21,0.9888980639685783,1.0,Compliant,0.9911184511748626,ALLOW,0,Low,0.1,24
22,0.9911184511748626,0.0,Violation,0.7928947609398902,ALLOW,1,Low,0.1,24
23,0.7928947609398902,1.0,Compliant,0.8343158087519121,ALLOW,0,Low,0.1,24
24,0.8343158087519121,1.0,Compliant,0.8674526470015297,ALLOW,0,Low,0.1,24
25,0.8674526470015297,1.0,Compliant,0.8939621176012238,ALLOW,0,Low,0.1,24
26,0.8939621176012238,1.0,Compliant,0.915169694080979,ALLOW,0,Low,0.1,24
27,0.915169694080979,1.0,Compliant,0.9321357552647832,ALLOW,0,Low,0.1,24
28,0.9321357552647832,1.0,Compliant,0.9457086042118266,ALLOW,0,Low,0.1,24
29,0.9457086042118266,1.0,Compliant,0.9565668833694613,ALLOW,0,Low,0.1,24
30,0.9565668833694613,1.0,Compliant,0.965253506695569,ALLOW,0,Low,0.1,24
31,0.965253506695569,1.0,Compliant,0.9722028053564552,ALLOW,0,Low,0.1,24
32,0.9722028053564552,1.0,Compliant,0.9777622442851641,ALLOW,0,Low,0.1,24
33,0.9777622442851641,1.0,Compliant,0.9822097954281312,ALLOW,0,Low,0.1,24
34,0.9822097954281312,1.0,Compliant,0.985767836342505,ALLOW,0,Low,0.1,24
35,0.985767836342505,0.0,Violation,0.788614269074004,ALLOW,1,Low,0.1,24
36,0.788614269074004,1.0,Compliant,0.8308914152592032,ALLOW,0,Low,0.1,24
37,0.8308914152592032,1.0,Compliant,0.8647131322073626,ALLOW,0,Low,0.1,24
38,0.8647131322073626,1.0,Compliant,0.89177050576589,ALLOW,0,Low,0.1,24
39,0.89177050576589,1.0,Compliant,0.913416404612712,ALLOW,0,Low,0.1,24
40,0.913416404612712,1.0,Compliant,0.9307331236901696,ALLOW,0,Low,0.1,24
41,0.9307331236901696,1.0,Compliant,0.9445864989521356,ALLOW,0,Low,0.1,24
42,0.9445864989521356,1.0,Compliant,0.9556691991617086,ALLOW,0,Low,0.1,24
43,0.9556691991617086,1.0,Compliant,0.9645353593293668,ALLOW,0,Low,0.1,24
44,0.9645353593293668,1.0,Compliant,0.9716282874634935,ALLOW,0,Low,0.1,24
45,0.9716282874634935,1.0,Compliant,0.9773026299707948,ALLOW,0,Low,0.1,24
46,0.9773026299707948,1.0,Compliant,0.9818421039766358,ALLOW,0,Low,0.1,24
47,0.9818421039766358,1.0,Compliant,0.9854736831813087,ALLOW,0,Low,0.1,24
48,0.9854736831813087,1.0,Compliant,0.988378946545047,ALLOW,0,Low,0.1,24
49,0.988378946545047,1.0,Compliant,0.9907031572360376,ALLOW,0,Low,0.1,24
50,0.9907031572360376,0.0,Violation,0.7925625257888301,ALLOW,1,Low,0.1,24
51,0.7925625257888301,1.0,Compliant,0.8340500206310641,ALLOW,0,Low,0.1,24
52,0.8340500206310641,1.0,Compliant,0.8672400165048513,ALLOW,0,Low,0.1,24
53,0.8672400165048513,1.0,Compliant,0.893792013203881,ALLOW,0,Low,0.1,24
54,0.893792013203881,1.0,Compliant,0.9150336105631048,ALLOW,0,Low,0.1,24
55,0.9150336105631048,1.0,Compliant,0.9320268884504839,ALLOW,0,Low,0.1,24
56,0.9320268884504839,1.0,Compliant,0.9456215107603871,ALLOW,0,Low,0.1,24
57,0.9456215107603871,1.0,Compliant,0.9564972086083097,ALLOW,0,Low,0.1,24
58,0.9564972086083097,1.0,Compliant,0.9651977668866477,ALLOW,0,Low,0.1,24
59,0.9651977668866477,1.0,Compliant,0.9721582135093182,ALLOW,0,Low,0.1,24
60,0.9721582135093182,1.0,Compliant,0.9777265708074545,ALLOW,0,Low,0.1,24
61,0.9777265708074545,1.0,Compliant,0.9821812566459636,ALLOW,0,Low,0.1,24
62,0.9821812566459636,1.0,Compliant,0.9857450053167709,ALLOW,0,Low,0.1,24
63,0.9857450053167709,1.0,Compliant,0.9885960042534168,ALLOW,0,Low,0.1,24
64,0.9885960042534168,1.0,Compliant,0.9908768034027334,ALLOW,0,Low,0.1,24
65,0.9908768034027334,1.0,Compliant,0.9927014427221867,ALLOW,0,Low,0.1,24
66,0.9927014427221867,1.0,Compliant,0.9941611541777494,ALLOW,0,Low,0.1,24
67,0.9941611541777494,1.0,Compliant,0.9953289233421996,ALLOW,0,Low,0.1,24
68,0.9953289233421996,0.0,Violation,0.7962631386737598,ALLOW,1,Low,0.1,24
69,0.7962631386737598,1.0,Compliant,0.8370105109390078,ALLOW,0,Low,0.1,24
70,0.8370105109390078,1.0,Compliant,0.8696084087512063,ALLOW,0,Low,0.1,24
71,0.8696084087512063,1.0,Compliant,0.895686727000965,ALLOW,0,Low,0.1,24
72,0.895686727000965,1.0,Compliant,0.9165493816007719,ALLOW,0,Low,0.1,24
73,0.9165493816007719,1.0,Compliant,0.9332395052806175,ALLOW,0,Low,0.1,24
74,0.9332395052806175,1.0,Compliant,0.946591604224494,ALLOW,0,Low,0.1,24
75,0.946591604224494,1.0,Compliant,0.9572732833795952,ALLOW,0,Low,0.1,24
76,0.9572732833795952,1.0,Compliant,0.9658186267036761,ALLOW,0,Low,0.1,24
77,0.9658186267036761,0.0,Violation,0.7726549013629409,ALLOW,1,Low,0.1,24
78,0.7726549013629409,1.0,Compliant,0.8181239210903527,ALLOW,0,Low,0.1,24
79,0.8181239210903527,1.0,Compliant,0.8544991368722822,ALLOW,0,Low,0.1,24
80,0.8544991368722822,1.0,Compliant,0.8835993094978257,ALLOW,0,Low,0.1,24
81,0.8835993094978257,1.0,Compliant,0.9068794475982606,ALLOW,0,Low,0.1,24
82,0.9068794475982606,0.0,Violation,0.7255035580786084,ALLOW,1,Low,0.1,24
83,0.7255035580786084,1.0,Compliant,0.7804028464628867,ALLOW,0,Low,0.1,24
84,0.7804028464628867,1.0,Compliant,0.8243222771703094,ALLOW,0,Low,0.1,24
85,0.8243222771703094,1.0,Compliant,0.8594578217362475,ALLOW,0,Low,0.1,24
86,0.8594578217362475,1.0,Compliant,0.887566257388998,ALLOW,0,Low,0.1,24
87,0.887566257388998,1.0,Compliant,0.9100530059111984,ALLOW,0,Low,0.1,24
88,0.9100530059111984,1.0,Compliant,0.9280424047289587,ALLOW,0,Low,0.1,24
89,0.9280424047289587,1.0,Compliant,0.9424339237831669,ALLOW,0,Low,0.1,24
90,0.9424339237831669,1.0,Compliant,0.9539471390265335,ALLOW,0,Low,0.1,24
91,0.9539471390265335,1.0,Compliant,0.9631577112212268,ALLOW,0,Low,0.1,24
92,0.9631577112212268,1.0,Compliant,0.9705261689769815,ALLOW,0,Low,0.1,24
93,0.9705261689769815,1.0,Compliant,0.9764209351815852,ALLOW,0,Low,0.1,24
94,0.9764209351815852,1.0,Compliant,0.9811367481452682,ALLOW,0,Low,0.1,24
95,0.9811367481452682,1.0,Compliant,0.9849093985162145,ALLOW,0,Low,0.1,24
96,0.9849093985162145,0.0,Violation,0.7879275188129716,ALLOW,1,Low,0.1,24
97,0.7879275188129716,1.0,Compliant,0.8303420150503773,ALLOW,0,Low,0.1,24
98,0.8303420150503773,1.0,Compliant,0.8642736120403018,ALLOW,0,Low,0.1,24
99,0.8642736120403018,1.0,Compliant,0.8914188896322415,ALLOW,0,Low,0.1,24
100,0.8914188896322415,1.0,Compliant,0.9131351117057932,ALLOW,0,Low,0.1,24
1,0.8,1.0,Compliant,0.8400000000000001,ALLOW,0,Low,0.1,25
2,0.8400000000000001,1.0,Compliant,0.8720000000000001,ALLOW,0,Low,0.1,25
3,0.8720000000000001,1.0,Compliant,0.8976000000000001,ALLOW,0,Low,0.1,25
4,0.8976000000000001,1.0,Compliant,0.91808,ALLOW,0,Low,0.1,25
5,0.91808,1.0,Compliant,0.934464,ALLOW,0,Low,0.1,25
6,0.934464,1.0,Compliant,0.9475712,ALLOW,0,Low,0.1,25
7,0.9475712,1.0,Compliant,0.95805696,ALLOW,0,Low,0.1,25
8,0.95805696,0.0,Violation,0.766445568,ALLOW,1,Low,0.1,25
9,0.766445568,1.0,Compliant,0.8131564544,ALLOW,0,Low,0.1,25
10,0.8131564544,1.0,Compliant,0.85052516352,ALLOW,0,Low,0.1,25
11,0.85052516352,1.0,Compliant,0.880420130816,ALLOW,0,Low,0.1,25
12,0.880420130816,1.0,Compliant,0.9043361046528,ALLOW,0,Low,0.1,25
13,0.9043361046528,1.0,Compliant,0.92346888372224,ALLOW,0,Low,0.1,25
14,0.92346888372224,1.0,Compliant,0.938775106977792,ALLOW,0,Low,0.1,25
15,0.938775106977792,1.0,Compliant,0.9510200855822336,ALLOW,0,Low,0.1,25
16,0.9510200855822336,1.0,Compliant,0.9608160684657869,ALLOW,0,Low,0.1,25
17,0.9608160684657869,0.0,Violation,0.7686528547726296,ALLOW,1,Low,0.1,25
18,0.7686528547726296,1.0,Compliant,0.8149222838181036,ALLOW,0,Low,0.1,25
19,0.8149222838181036,1.0,Compliant,0.8519378270544828,ALLOW,0,Low,0.1,25
20,0.8519378270544828,0.0,Violation,0.6815502616435863,ALLOW,1,Low,0.1,25
21,0.6815502616435863,1.0,Compliant,0.745240209314869,ALLOW,0,Low,0.1,25
22,0.745240209314869,1.0,Compliant,0.7961921674518951,ALLOW,0,Low,0.1,25
23,0.7961921674518951,1.0,Compliant,0.8369537339615161,ALLOW,0,Low,0.1,25
24,0.8369537339615161,1.0,Compliant,0.8695629871692129,ALLOW,0,Low,0.1,25
25,0.8695629871692129,0.0,Violation,0.6956503897353703,ALLOW,1,Low,0.1,25
26,0.6956503897353703,1.0,Compliant,0.7565203117882963,ALLOW,0,Low,0.1,25
27,0.7565203117882963,1.0,Compliant,0.805216249430637,ALLOW,0,Low,0.1,25
28,0.805216249430637,1.0,Compliant,0.8441729995445095,ALLOW,0,Low,0.1,25
29,0.8441729995445095,1.0,Compliant,0.8753383996356077,ALLOW,0,Low,0.1,25
30,0.8753383996356077,1.0,Compliant,0.9002707197084862,ALLOW,0,Low,0.1,25
31,0.9002707197084862,1.0,Compliant,0.920216575766789,ALLOW,0,Low,0.1,25
32,0.920216575766789,1.0,Compliant,0.9361732606134312,ALLOW,0,Low,0.1,25
33,0.9361732606134312,1.0,Compliant,0.948938608490745,ALLOW,0,Low,0.1,25
34,0.948938608490745,1.0,Compliant,0.959150886792596,ALLOW,0,Low,0.1,25
35,0.959150886792596,1.0,Compliant,0.9673207094340768,ALLOW,0,Low,0.1,25
36,0.9673207094340768,1.0,Compliant,0.9738565675472615,ALLOW,0,Low,0.1,25
37,0.9738565675472615,1.0,Compliant,0.9790852540378092,ALLOW,0,Low,0.1,25
38,0.9790852540378092,1.0,Compliant,0.9832682032302473,ALLOW,0,Low,0.1,25
39,0.9832682032302473,1.0,Compliant,0.9866145625841979,ALLOW,0,Low,0.1,25
40,0.9866145625841979,1.0,Compliant,0.9892916500673583,ALLOW,0,Low,0.1,25
41,0.9892916500673583,1.0,Compliant,0.9914333200538866,ALLOW,0,Low,0.1,25
42,0.9914333200538866,1.0,Compliant,0.9931466560431093,ALLOW,0,Low,0.1,25
43,0.9931466560431093,1.0,Compliant,0.9945173248344874,ALLOW,0,Low,0.1,25
44,0.9945173248344874,1.0,Compliant,0.9956138598675899,ALLOW,0,Low,0.1,25
45,0.9956138598675899,1.0,Compliant,0.9964910878940719,ALLOW,0,Low,0.1,25
46,0.9964910878940719,1.0,Compliant,0.9971928703152575,ALLOW,0,Low,0.1,25
47,0.9971928703152575,1.0,Compliant,0.997754296252206,ALLOW,0,Low,0.1,25
48,0.997754296252206,1.0,Compliant,0.9982034370017648,ALLOW,0,Low,0.1,25
49,0.9982034370017648,1.0,Compliant,0.9985627496014119,ALLOW,0,Low,0.1,25
50,0.9985627496014119,1.0,Compliant,0.9988501996811295,ALLOW,0,Low,0.1,25
51,0.9988501996811295,1.0,Compliant,0.9990801597449036,ALLOW,0,Low,0.1,25
52,0.9990801597449036,0.0,Violation,0.7992641277959229,ALLOW,1,Low,0.1,25
53,0.7992641277959229,1.0,Compliant,0.8394113022367383,ALLOW,0,Low,0.1,25
54,0.8394113022367383,1.0,Compliant,0.8715290417893906,ALLOW,0,Low,0.1,25
55,0.8715290417893906,0.0,Violation,0.6972232334315125,ALLOW,1,Low,0.1,25
56,0.6972232334315125,1.0,Compliant,0.7577785867452099,ALLOW,0,Low,0.1,25
57,0.7577785867452099,1.0,Compliant,0.8062228693961679,ALLOW,0,Low,0.1,25
58,0.8062228693961679,1.0,Compliant,0.8449782955169344,ALLOW,0,Low,0.1,25
59,0.8449782955169344,1.0,Compliant,0.8759826364135475,ALLOW,0,Low,0.1,25
60,0.8759826364135475,1.0,Compliant,0.900786109130838,ALLOW,0,Low,0.1,25
61,0.900786109130838,1.0,Compliant,0.9206288873046704,ALLOW,0,Low,0.1,25
62,0.9206288873046704,1.0,Compliant,0.9365031098437363,ALLOW,0,Low,0.1,25
63,0.9365031098437363,1.0,Compliant,0.9492024878749891,ALLOW,0,Low,0.1,25
64,0.9492024878749891,1.0,Compliant,0.9593619902999913,ALLOW,0,Low,0.1,25
65,0.9593619902999913,1.0,Compliant,0.967489592239993,ALLOW,0,Low,0.1,25
66,0.967489592239993,1.0,Compliant,0.9739916737919944,ALLOW,0,Low,0.1,25
67,0.9739916737919944,0.0,Violation,0.7791933390335956,ALLOW,1,Low,0.1,25
68,0.7791933390335956,1.0,Compliant,0.8233546712268764,ALLOW,0,Low,0.1,25
69,0.8233546712268764,1.0,Compliant,0.8586837369815011,ALLOW,0,Low,0.1,25
70,0.8586837369815011,1.0,Compliant,0.8869469895852009,ALLOW,0,Low,0.1,25
71,0.8869469895852009,1.0,Compliant,0.9095575916681607,ALLOW,0,Low,0.1,25
72,0.9095575916681607,1.0,Compliant,0.9276460733345286,ALLOW,0,Low,0.1,25
73,0.9276460733345286,1.0,Compliant,0.942116858667623,ALLOW,0,Low,0.1,25
74,0.942116858667623,1.0,Compliant,0.9536934869340984,ALLOW,0,Low,0.1,25
75,0.9536934869340984,0.0,Violation,0.7629547895472788,ALLOW,1,Low,0.1,25
76,0.7629547895472788,1.0,Compliant,0.810363831637823,ALLOW,0,Low,0.1,25
77,0.810363831637823,1.0,Compliant,0.8482910653102584,ALLOW,0,Low,0.1,25
78,0.8482910653102584,0.0,Violation,0.6786328522482068,ALLOW,1,Low,0.1,25
79,0.6786328522482068,1.0,Compliant,0.7429062817985654,ALLOW,0,Low,0.1,25
80,0.7429062817985654,1.0,Compliant,0.7943250254388523,ALLOW,0,Low,0.1,25
81,0.7943250254388523,0.0,Violation,0.6354600203510818,ALLOW,1,Low,0.1,25
82,0.6354600203510818,1.0,Compliant,0.7083680162808654,ALLOW,0,Low,0.1,25
83,0.7083680162808654,1.0,Compliant,0.7666944130246923,ALLOW,0,Low,0.1,25
84,0.7666944130246923,0.0,Violation,0.6133555304197539,ALLOW,1,Low,0.1,25
85,0.6133555304197539,1.0,Compliant,0.690684424335803,ALLOW,0,Low,0.1,25
86,0.690684424335803,1.0,Compliant,0.7525475394686424,ALLOW,0,Low,0.1,25
87,0.7525475394686424,1.0,Compliant,0.8020380315749139,ALLOW,0,Low,0.1,25
88,0.8020380315749139,1.0,Compliant,0.8416304252599311,ALLOW,0,Low,0.1,25
89,0.8416304252599311,1.0,Compliant,0.8733043402079449,ALLOW,0,Low,0.1,25
90,0.8733043402079449,1.0,Compliant,0.8986434721663559,ALLOW,0,Low,0.1,25
91,0.8986434721663559,1.0,Compliant,0.9189147777330847,ALLOW,0,Low,0.1,25
92,0.9189147777330847,1.0,Compliant,0.9351318221864677,ALLOW,0,Low,0.1,25
93,0.9351318221864677,1.0,Compliant,0.9481054577491742,ALLOW,0,Low,0.1,25
94,0.9481054577491742,1.0,Compliant,0.9584843661993394,ALLOW,0,Low,0.1,25
95,0.9584843661993394,1.0,Compliant,0.9667874929594715,ALLOW,0,Low,0.1,25
96,0.9667874929594715,1.0,Compliant,0.9734299943675773,ALLOW,0,Low,0.1,25
97,0.9734299943675773,1.0,Compliant,0.9787439954940618,ALLOW,0,Low,0.1,25
98,0.9787439954940618,1.0,Compliant,0.9829951963952495,ALLOW,0,Low,0.1,25
99,0.9829951963952495,0.0,Violation,0.7863961571161996,ALLOW,1,Low,0.1,25
100,0.7863961571161996,0.0,Violation,0.6291169256929597,ALLOW,1,Low,0.1,25
1,0.8,1.0,Compliant,0.8400000000000001,ALLOW,0,Low,0.1,26
2,0.8400000000000001,1.0,Compliant,0.8720000000000001,ALLOW,0,Low,0.1,26
3,0.8720000000000001,1.0,Compliant,0.8976000000000001,ALLOW,0,Low,0.1,26
4,0.8976000000000001,0.0,Violation,0.71808,ALLOW,1,Low,0.1,26
5,0.71808,1.0,Compliant,0.774464,ALLOW,0,Low,0.1,26
6,0.774464,1.0,Compliant,0.8195712,ALLOW,0,Low,0.1,26
7,0.8195712,1.0,Compliant,0.85565696,ALLOW,0,Low,0.1,26
8,0.85565696,1.0,Compliant,0.884525568,ALLOW,0,Low,0.1,26
9,0.884525568,1.0,Compliant,0.9076204544,ALLOW,0,Low,0.1,26
10,0.9076204544,1.0,Compliant,0.92609636352,ALLOW,0,Low,0.1,26
11,0.92609636352,1.0,Compliant,0.940877090816,ALLOW,0,Low,0.1,26
12,0.940877090816,1.0,Compliant,0.9527016726528,ALLOW,0,Low,0.1,26
13,0.9527016726528,1.0,Compliant,0.96216133812224,ALLOW,0,Low,0.1,26
14,0.96216133812224,0.0,Violation,0.769729070497792,ALLOW,1,Low,0.1,26
15,0.769729070497792,1.0,Compliant,0.8157832563982337,ALLOW,0,Low,0.1,26
16,0.8157832563982337,1.0,Compliant,0.8526266051185869,ALLOW,0,Low,0.1,26
17,0.8526266051185869,1.0,Compliant,0.8821012840948695,ALLOW,0,Low,0.1,26
18,0.8821012840948695,1.0,Compliant,0.9056810272758956,ALLOW,0,Low,0.1,26
19,0.9056810272758956,1.0,Compliant,0.9245448218207165,ALLOW,0,Low,0.1,26
20,0.9245448218207165,1.0,Compliant,0.9396358574565732,ALLOW,0,Low,0.1,26
21,0.9396358574565732,1.0,Compliant,0.9517086859652586,ALLOW,0,Low,0.1,26
22,0.9517086859652586,1.0,Compliant,0.9613669487722069,ALLOW,0,Low,0.1,26
23,0.9613669487722069,0.0,Violation,0.7690935590177655,ALLOW,1,Low,0.1,26
24,0.7690935590177655,0.0,Violation,0.6152748472142124,ALLOW,1,Low,0.1,26
25,0.6152748472142124,1.0,Compliant,0.69221987777137,ALLOW,0,Low,0.1,26
26,0.69221987777137,1.0,Compliant,0.7537759022170959,ALLOW,0,Low,0.1,26
27,0.7537759022170959,1.0,Compliant,0.8030207217736767,ALLOW,0,Low,0.1,26
28,0.8030207217736767,1.0,Compliant,0.8424165774189414,ALLOW,0,Low,0.1,26
29,0.8424165774189414,1.0,Compliant,0.8739332619351531,ALLOW,0,Low,0.1,26
30,0.8739332619351531,1.0,Compliant,0.8991466095481224,ALLOW,0,Low,0.1,26
31,0.8991466095481224,1.0,Compliant,0.919317287638498,ALLOW,0,Low,0.1,26
32,0.919317287638498,0.0,Violation,0.7354538301107985,ALLOW,1,Low,0.1,26
33,0.7354538301107985,1.0,Compliant,0.7883630640886388,ALLOW,0,Low,0.1,26
34,0.7883630640886388,1.0,Compliant,0.830690451270911,ALLOW,0,Low,0.1,26
35,0.830690451270911,1.0,Compliant,0.8645523610167288,ALLOW,0,Low,0.1,26
36,0.8645523610167288,0.0,Violation,0.6916418888133831,ALLOW,1,Low,0.1,26
37,0.6916418888133831,1.0,Compliant,0.7533135110507064,ALLOW,0,Low,0.1,26
38,0.7533135110507064,1.0,Compliant,0.8026508088405652,ALLOW,0,Low,0.1,26
39,0.8026508088405652,1.0,Compliant,0.8421206470724522,ALLOW,0,Low,0.1,26
40,0.8421206470724522,0.0,Violation,0.6736965176579618,ALLOW,1,Low,0.1,26
41,0.6736965176579618,1.0,Compliant,0.7389572141263694,ALLOW,0,Low,0.1,26
42,0.7389572141263694,1.0,Compliant,0.7911657713010954,ALLOW,0,Low,0.1,26
43,0.7911657713010954,0.0,Violation,0.6329326170408764,ALLOW,1,Low,0.1,26
44,0.6329326170408764,1.0,Compliant,0.7063460936327012,ALLOW,0,Low,0.1,26
45,0.7063460936327012,1.0,Compliant,0.7650768749061609,ALLOW,0,Low,0.1,26
46,0.7650768749061609,1.0,Compliant,0.8120614999249287,ALLOW,0,Low,0.1,26
47,0.8120614999249287,1.0,Compliant,0.8496491999399429,ALLOW,0,Low,0.1,26
48,0.8496491999399429,1.0,Compliant,0.8797193599519544,ALLOW,0,Low,0.1,26
49,0.8797193599519544,1.0,Compliant,0.9037754879615635,ALLOW,0,Low,0.1,26
50,0.9037754879615635,1.0,Compliant,0.9230203903692508,ALLOW,0,Low,0.1,26
51,0.9230203903692508,1.0,Compliant,0.9384163122954006,ALLOW,0,Low,0.1,26
52,0.9384163122954006,1.0,Compliant,0.9507330498363205,ALLOW,0,Low,0.1,26
53,0.9507330498363205,1.0,Compliant,0.9605864398690563,ALLOW,0,Low,0.1,26
54,0.9605864398690563,1.0,Compliant,0.9684691518952451,ALLOW,0,Low,0.1,26
55,0.9684691518952451,1.0,Compliant,0.9747753215161961,ALLOW,0,Low,0.1,26
56,0.9747753215161961,0.0,Violation,0.7798202572129569,ALLOW,1,Low,0.1,26
57,0.7798202572129569,1.0,Compliant,0.8238562057703656,ALLOW,0,Low,0.1,26
58,0.8238562057703656,1.0,Compliant,0.8590849646162925,ALLOW,0,Low,0.1,26
59,0.8590849646162925,0.0,Violation,0.687267971693034,ALLOW,1,Low,0.1,26
60,0.687267971693034,1.0,Compliant,0.7498143773544271,ALLOW,0,Low,0.1,26
61,0.7498143773544271,1.0,Compliant,0.7998515018835417,ALLOW,0,Low,0.1,26
62,0.7998515018835417,1.0,Compliant,0.8398812015068333,ALLOW,0,Low,0.1,26
63,0.8398812015068333,1.0,Compliant,0.8719049612054667,ALLOW,0,Low,0.1,26
64,0.8719049612054667,1.0,Compliant,0.8975239689643734,ALLOW,0,Low,0.1,26
65,0.8975239689643734,1.0,Compliant,0.9180191751714987,ALLOW,0,Low,0.1,26
66,0.9180191751714987,1.0,Compliant,0.934415340137199,ALLOW,0,Low,0.1,26
67,0.934415340137199,0.0,Violation,0.7475322721097593,ALLOW,1,Low,0.1,26
68,0.7475322721097593,1.0,Compliant,0.7980258176878073,ALLOW,0,Low,0.1,26
69,0.7980258176878073,1.0,Compliant,0.8384206541502459,ALLOW,0,Low,0.1,26
70,0.8384206541502459,1.0,Compliant,0.8707365233201967,ALLOW,0,Low,0.1,26
71,0.8707365233201967,0.0,Violation,0.6965892186561574,ALLOW,1,Low,0.1,26
72,0.6965892186561574,1.0,Compliant,0.7572713749249259,ALLOW,0,Low,0.1,26
73,0.7572713749249259,1.0,Compliant,0.8058170999399408,ALLOW,0,Low,0.1,26
74,0.8058170999399408,0.0,Violation,0.6446536799519527,ALLOW,1,Low,0.1,26
75,0.6446536799519527,1.0,Compliant,0.7157229439615621,ALLOW,0,Low,0.1,26
76,0.7157229439615621,0.0,Violation,0.5725783551692497,HUMAN_REVIEW,1,Low,0.1,26
77,0.5725783551692497,1.0,Compliant,0.6580626841353998,ALLOW,0,Low,0.1,26
78,0.6580626841353998,1.0,Compliant,0.7264501473083198,ALLOW,0,Low,0.1,26
79,0.7264501473083198,1.0,Compliant,0.7811601178466558,ALLOW,0,Low,0.1,26
80,0.7811601178466558,1.0,Compliant,0.8249280942773247,ALLOW,0,Low,0.1,26
81,0.8249280942773247,1.0,Compliant,0.8599424754218598,ALLOW,0,Low,0.1,26
82,0.8599424754218598,1.0,Compliant,0.8879539803374878,ALLOW,0,Low,0.1,26
83,0.8879539803374878,1.0,Compliant,0.9103631842699903,ALLOW,0,Low,0.1,26
84,0.9103631842699903,1.0,Compliant,0.9282905474159923,ALLOW,0,Low,0.1,26
85,0.9282905474159923,1.0,Compliant,0.9426324379327938,ALLOW,0,Low,0.1,26
86,0.9426324379327938,1.0,Compliant,0.954105950346235,ALLOW,0,Low,0.1,26
87,0.954105950346235,1.0,Compliant,0.9632847602769881,ALLOW,0,Low,0.1,26
88,0.9632847602769881,1.0,Compliant,0.9706278082215904,ALLOW,0,Low,0.1,26
89,0.9706278082215904,1.0,Compliant,0.9765022465772724,ALLOW,0,Low,0.1,26
90,0.9765022465772724,1.0,Compliant,0.9812017972618179,ALLOW,0,Low,0.1,26
91,0.9812017972618179,1.0,Compliant,0.9849614378094543,ALLOW,0,Low,0.1,26
92,0.9849614378094543,1.0,Compliant,0.9879691502475635,ALLOW,0,Low,0.1,26
93,0.9879691502475635,1.0,Compliant,0.9903753201980507,ALLOW,0,Low,0.1,26
94,0.9903753201980507,1.0,Compliant,0.9923002561584406,ALLOW,0,Low,0.1,26
95,0.9923002561584406,1.0,Compliant,0.9938402049267525,ALLOW,0,Low,0.1,26
96,0.9938402049267525,1.0,Compliant,0.995072163941402,ALLOW,0,Low,0.1,26
97,0.995072163941402,1.0,Compliant,0.9960577311531216,ALLOW,0,Low,0.1,26
98,0.9960577311531216,1.0,Compliant,0.9968461849224972,ALLOW,0,Low,0.1,26
99,0.9968461849224972,0.0,Violation,0.7974769479379978,ALLOW,1,Low,0.1,26
100,0.7974769479379978,1.0,Compliant,0.8379815583503982,ALLOW,0,Low,0.1,26
1,0.8,0.0,Violation,0.6400000000000001,ALLOW,1,Low,0.1,27
2,0.6400000000000001,1.0,Compliant,0.7120000000000001,ALLOW,0,Low,0.1,27
3,0.7120000000000001,1.0,Compliant,0.7696000000000001,ALLOW,0,Low,0.1,27
4,0.7696000000000001,0.0,Violation,0.6156800000000001,ALLOW,1,Low,0.1,27
5,0.6156800000000001,1.0,Compliant,0.692544,ALLOW,0,Low,0.1,27
6,0.692544,1.0,Compliant,0.7540352,ALLOW,0,Low,0.1,27
7,0.7540352,1.0,Compliant,0.80322816,ALLOW,0,Low,0.1,27
8,0.80322816,1.0,Compliant,0.842582528,ALLOW,0,Low,0.1,27
9,0.842582528,0.0,Violation,0.6740660224,ALLOW,1,Low,0.1,27
10,0.6740660224,1.0,Compliant,0.73925281792,ALLOW,0,Low,0.1,27
11,0.73925281792,1.0,Compliant,0.791402254336,ALLOW,0,Low,0.1,27
12,0.791402254336,1.0,Compliant,0.8331218034687999,ALLOW,0,Low,0.1,27
13,0.8331218034687999,1.0,Compliant,0.8664974427750399,ALLOW,0,Low,0.1,27
14,0.8664974427750399,1.0,Compliant,0.8931979542200319,ALLOW,0,Low,0.1,27
15,0.8931979542200319,1.0,Compliant,0.9145583633760255,ALLOW,0,Low,0.1,27
16,0.9145583633760255,1.0,Compliant,0.9316466907008204,ALLOW,0,Low,0.1,27
17,0.9316466907008204,1.0,Compliant,0.9453173525606563,ALLOW,0,Low,0.1,27
18,0.9453173525606563,1.0,Compliant,0.956253882048525,ALLOW,0,Low,0.1,27
19,0.956253882048525,1.0,Compliant,0.96500310563882,ALLOW,0,Low,0.1,27
20,0.96500310563882,1.0,Compliant,0.972002484511056,ALLOW,0,Low,0.1,27
21,0.972002484511056,1.0,Compliant,0.9776019876088448,ALLOW,0,Low,0.1,27
22,0.9776019876088448,1.0,Compliant,0.9820815900870759,ALLOW,0,Low,0.1,27
23,0.9820815900870759,0.0,Violation,0.7856652720696607,ALLOW,1,Low,0.1,27
24,0.7856652720696607,1.0,Compliant,0.8285322176557286,ALLOW,0,Low,0.1,27
25,0.8285322176557286,0.0,Violation,0.6628257741245829,ALLOW,1,Low,0.1,27
26,0.6628257741245829,0.0,Violation,0.5302606192996663,HUMAN_REVIEW,1,Low,0.1,27
27,0.5302606192996663,1.0,Compliant,0.624208495439733,ALLOW,0,Low,0.1,27
28,0.624208495439733,1.0,Compliant,0.6993667963517864,ALLOW,0,Low,0.1,27
29,0.6993667963517864,0.0,Violation,0.5594934370814292,HUMAN_REVIEW,1,Low,0.1,27
30,0.5594934370814292,1.0,Compliant,0.6475947496651433,ALLOW,0,Low,0.1,27
31,0.6475947496651433,1.0,Compliant,0.7180757997321147,ALLOW,0,Low,0.1,27
32,0.7180757997321147,1.0,Compliant,0.7744606397856917,ALLOW,0,Low,0.1,27
33,0.7744606397856917,1.0,Compliant,0.8195685118285534,ALLOW,0,Low,0.1,27
34,0.8195685118285534,1.0,Compliant,0.8556548094628427,ALLOW,0,Low,0.1,27
35,0.8556548094628427,1.0,Compliant,0.8845238475702741,ALLOW,0,Low,0.1,27
36,0.8845238475702741,1.0,Compliant,0.9076190780562193,ALLOW,0,Low,0.1,27
37,0.9076190780562193,1.0,Compliant,0.9260952624449754,ALLOW,0,Low,0.1,27
38,0.9260952624449754,1.0,Compliant,0.9408762099559803,ALLOW,0,Low,0.1,27
39,0.9408762099559803,1.0,Compliant,0.9527009679647842,ALLOW,0,Low,0.1,27
40,0.9527009679647842,1.0,Compliant,0.9621607743718273,ALLOW,0,Low,0.1,27
41,0.9621607743718273,1.0,Compliant,0.9697286194974619,ALLOW,0,Low,0.1,27
42,0.9697286194974619,1.0,Compliant,0.9757828955979695,ALLOW,0,Low,0.1,27
43,0.9757828955979695,1.0,Compliant,0.9806263164783756,ALLOW,0,Low,0.1,27
44,0.9806263164783756,1.0,Compliant,0.9845010531827005,ALLOW,0,Low,0.1,27
45,0.9845010531827005,1.0,Compliant,0.9876008425461604,ALLOW,0,Low,0.1,27
46,0.9876008425461604,1.0,Compliant,0.9900806740369283,ALLOW,0,Low,0.1,27
47,0.9900806740369283,0.0,Violation,0.7920645392295427,ALLOW,1,Low,0.1,27
48,0.7920645392295427,1.0,Compliant,0.8336516313836342,ALLOW,0,Low,0.1,27
49,0.8336516313836342,1.0,Compliant,0.8669213051069073,ALLOW,0,Low,0.1,27
50,0.8669213051069073,1.0,Compliant,0.8935370440855259,ALLOW,0,Low,0.1,27
51,0.8935370440855259,1.0,Compliant,0.9148296352684208,ALLOW,0,Low,0.1,27
52,0.9148296352684208,1.0,Compliant,0.9318637082147366,ALLOW,0,Low,0.1,27
53,0.9318637082147366,1.0,Compliant,0.9454909665717893,ALLOW,0,Low,0.1,27
54,0.9454909665717893,1.0,Compliant,0.9563927732574314,ALLOW,0,Low,0.1,27
55,0.9563927732574314,1.0,Compliant,0.9651142186059452,ALLOW,0,Low,0.1,27
56,0.9651142186059452,1.0,Compliant,0.9720913748847562,ALLOW,0,Low,0.1,27
57,0.9720913748847562,1.0,Compliant,0.9776730999078049,ALLOW,0,Low,0.1,27
58,0.9776730999078049,1.0,Compliant,0.9821384799262439,ALLOW,0,Low,0.1,27
59,0.9821384799262439,0.0,Violation,0.7857107839409951,ALLOW,1,Low,0.1,27
60,0.7857107839409951,1.0,Compliant,0.8285686271527961,ALLOW,0,Low,0.1,27
61,0.8285686271527961,1.0,Compliant,0.8628549017222369,ALLOW,0,Low,0.1,27
62,0.8628549017222369,1.0,Compliant,0.8902839213777896,ALLOW,0,Low,0.1,27
63,0.8902839213777896,1.0,Compliant,0.9122271371022317,ALLOW,0,Low,0.1,27
64,0.9122271371022317,0.0,Violation,0.7297817096817854,ALLOW,1,Low,0.1,27
65,0.7297817096817854,1.0,Compliant,0.7838253677454282,ALLOW,0,Low,0.1,27
66,0.7838253677454282,1.0,Compliant,0.8270602941963425,ALLOW,0,Low,0.1,27
67,0.8270602941963425,1.0,Compliant,0.861648235357074,ALLOW,0,Low,0.1,27
68,0.861648235357074,1.0,Compliant,0.8893185882856592,ALLOW,0,Low,0.1,27
69,0.8893185882856592,1.0,Compliant,0.9114548706285274,ALLOW,0,Low,0.1,27
70,0.9114548706285274,1.0,Compliant,0.9291638965028219,ALLOW,0,Low,0.1,27
71,0.9291638965028219,1.0,Compliant,0.9433311172022576,ALLOW,0,Low,0.1,27
72,0.9433311172022576,1.0,Compliant,0.9546648937618061,ALLOW,0,Low,0.1,27
73,0.9546648937618061,1.0,Compliant,0.9637319150094449,ALLOW,0,Low,0.1,27
74,0.9637319150094449,1.0,Compliant,0.9709855320075559,ALLOW,0,Low,0.1,27
75,0.9709855320075559,1.0,Compliant,0.9767884256060447,ALLOW,0,Low,0.1,27
76,0.9767884256060447,1.0,Compliant,0.9814307404848358,ALLOW,0,Low,0.1,27
77,0.9814307404848358,1.0,Compliant,0.9851445923878687,ALLOW,0,Low,0.1,27
78,0.9851445923878687,0.0,Violation,0.788115673910295,ALLOW,1,Low,0.1,27
79,0.788115673910295,1.0,Compliant,0.8304925391282361,ALLOW,0,Low,0.1,27
80,0.8304925391282361,1.0,Compliant,0.8643940313025888,ALLOW,0,Low,0.1,27
81,0.8643940313025888,1.0,Compliant,0.891515225042071,ALLOW,0,Low,0.1,27
82,0.891515225042071,1.0,Compliant,0.9132121800336568,ALLOW,0,Low,0.1,27
83,0.9132121800336568,1.0,Compliant,0.9305697440269254,ALLOW,0,Low,0.1,27
84,0.9305697440269254,1.0,Compliant,0.9444557952215403,ALLOW,0,Low,0.1,27
85,0.9444557952215403,1.0,Compliant,0.9555646361772323,ALLOW,0,Low,0.1,27
86,0.9555646361772323,1.0,Compliant,0.9644517089417859,ALLOW,0,Low,0.1,27
87,0.9644517089417859,0.0,Violation,0.7715613671534287,ALLOW,1,Low,0.1,27
88,0.7715613671534287,0.0,Violation,0.6172490937227431,ALLOW,1,Low,0.1,27
89,0.6172490937227431,1.0,Compliant,0.6937992749781945,ALLOW,0,Low,0.1,27
90,0.6937992749781945,1.0,Compliant,0.7550394199825555,ALLOW,0,Low,0.1,27
91,0.7550394199825555,1.0,Compliant,0.8040315359860444,ALLOW,0,Low,0.1,27
92,0.8040315359860444,1.0,Compliant,0.8432252287888355,ALLOW,0,Low,0.1,27
93,0.8432252287888355,1.0,Compliant,0.8745801830310684,ALLOW,0,Low,0.1,27
94,0.8745801830310684,1.0,Compliant,0.8996641464248547,ALLOW,0,Low,0.1,27
95,0.8996641464248547,1.0,Compliant,0.9197313171398838,ALLOW,0,Low,0.1,27
96,0.9197313171398838,1.0,Compliant,0.935785053711907,ALLOW,0,Low,0.1,27
97,0.935785053711907,1.0,Compliant,0.9486280429695256,ALLOW,0,Low,0.1,27
98,0.9486280429695256,0.0,Violation,0.7589024343756205,ALLOW,1,Low,0.1,27
99,0.7589024343756205,1.0,Compliant,0.8071219475004965,ALLOW,0,Low,0.1,27
100,0.8071219475004965,1.0,Compliant,0.8456975580003971,ALLOW,0,Low,0.1,27
1,0.8,1.0,Compliant,0.8400000000000001,ALLOW,0,Low,0.1,28
2,0.8400000000000001,1.0,Compliant,0.8720000000000001,ALLOW,0,Low,0.1,28
3,0.8720000000000001,1.0,Compliant,0.8976000000000001,ALLOW,0,Low,0.1,28
4,0.8976000000000001,1.0,Compliant,0.91808,ALLOW,0,Low,0.1,28
5,0.91808,1.0,Compliant,0.934464,ALLOW,0,Low,0.1,28
6,0.934464,1.0,Compliant,0.9475712,ALLOW,0,Low,0.1,28
7,0.9475712,1.0,Compliant,0.95805696,ALLOW,0,Low,0.1,28
8,0.95805696,1.0,Compliant,0.9664455679999999,ALLOW,0,Low,0.1,28
9,0.9664455679999999,1.0,Compliant,0.9731564544,ALLOW,0,Low,0.1,28
10,0.9731564544,1.0,Compliant,0.97852516352,ALLOW,0,Low,0.1,28
11,0.97852516352,1.0,Compliant,0.982820130816,ALLOW,0,Low,0.1,28
12,0.982820130816,1.0,Compliant,0.9862561046528,ALLOW,0,Low,0.1,28
13,0.9862561046528,1.0,Compliant,0.98900488372224,ALLOW,0,Low,0.1,28
14,0.98900488372224,1.0,Compliant,0.991203906977792,ALLOW,0,Low,0.1,28
15,0.991203906977792,1.0,Compliant,0.9929631255822337,ALLOW,0,Low,0.1,28
16,0.9929631255822337,1.0,Compliant,0.9943705004657869,ALLOW,0,Low,0.1,28
17,0.9943705004657869,1.0,Compliant,0.9954964003726295,ALLOW,0,Low,0.1,28
18,0.9954964003726295,1.0,Compliant,0.9963971202981037,ALLOW,0,Low,0.1,28
19,0.9963971202981037,1.0,Compliant,0.9971176962384829,ALLOW,0,Low,0.1,28
20,0.9971176962384829,0.0,Violation,0.7976941569907864,ALLOW,1,Low,0.1,28
21,0.7976941569907864,1.0,Compliant,0.8381553255926291,ALLOW,0,Low,0.1,28
22,0.8381553255926291,1.0,Compliant,0.8705242604741033,ALLOW,0,Low,0.1,28
23,0.8705242604741033,1.0,Compliant,0.8964194083792826,ALLOW,0,Low,0.1,28
24,0.8964194083792826,1.0,Compliant,0.917135526703426,ALLOW,0,Low,0.1,28
25,0.917135526703426,1.0,Compliant,0.9337084213627408,ALLOW,0,Low,0.1,28
26,0.9337084213627408,1.0,Compliant,0.9469667370901926,ALLOW,0,Low,0.1,28
27,0.9469667370901926,1.0,Compliant,0.9575733896721541,ALLOW,0,Low,0.1,28
28,0.9575733896721541,1.0,Compliant,0.9660587117377233,ALLOW,0,Low,0.1,28
29,0.9660587117377233,1.0,Compliant,0.9728469693901787,ALLOW,0,Low,0.1,28
30,0.9728469693901787,1.0,Compliant,0.9782775755121429,ALLOW,0,Low,0.1,28
31,0.9782775755121429,1.0,Compliant,0.9826220604097143,ALLOW,0,Low,0.1,28
32,0.9826220604097143,1.0,Compliant,0.9860976483277715,ALLOW,0,Low,0.1,28
33,0.9860976483277715,1.0,Compliant,0.9888781186622172,ALLOW,0,Low,0.1,28
34,0.9888781186622172,1.0,Compliant,0.9911024949297738,ALLOW,0,Low,0.1,28
35,0.9911024949297738,0.0,Violation,0.792881995943819,ALLOW,1,Low,0.1,28
36,0.792881995943819,1.0,Compliant,0.8343055967550552,ALLOW,0,Low,0.1,28
37,0.8343055967550552,1.0,Compliant,0.8674444774040442,ALLOW,0,Low,0.1,28
38,0.8674444774040442,1.0,Compliant,0.8939555819232353,ALLOW,0,Low,0.1,28
39,0.8939555819232353,1.0,Compliant,0.9151644655385882,ALLOW,0,Low,0.1,28
40,0.9151644655385882,1.0,Compliant,0.9321315724308705,ALLOW,0,Low,0.1,28
41,0.9321315724308705,1.0,Compliant,0.9457052579446964,ALLOW,0,Low,0.1,28
42,0.9457052579446964,1.0,Compliant,0.9565642063557571,ALLOW,0,Low,0.1,28
43,0.9565642063557571,1.0,Compliant,0.9652513650846057,ALLOW,0,Low,0.1,28
44,0.9652513650846057,1.0,Compliant,0.9722010920676846,ALLOW,0,Low,0.1,28
45,0.9722010920676846,1.0,Compliant,0.9777608736541477,ALLOW,0,Low,0.1,28
46,0.9777608736541477,1.0,Compliant,0.9822086989233181,ALLOW,0,Low,0.1,28
47,0.9822086989233181,1.0,Compliant,0.9857669591386544,ALLOW,0,Low,0.1,28
48,0.9857669591386544,1.0,Compliant,0.9886135673109235,ALLOW,0,Low,0.1,28
49,0.9886135673109235,1.0,Compliant,0.9908908538487389,ALLOW,0,Low,0.1,28
50,0.9908908538487389,1.0,Compliant,0.9927126830789911,ALLOW,0,Low,0.1,28
51,0.9927126830789911,1.0,Compliant,0.9941701464631929,ALLOW,0,Low,0.1,28
52,0.9941701464631929,0.0,Violation,0.7953361171705544,ALLOW,1,Low,0.1,28
53,0.7953361171705544,1.0,Compliant,0.8362688937364435,ALLOW,0,Low,0.1,28
54,0.8362688937364435,1.0,Compliant,0.8690151149891548,ALLOW,0,Low,0.1,28
55,0.8690151149891548,1.0,Compliant,0.8952120919913239,ALLOW,0,Low,0.1,28
56,0.8952120919913239,1.0,Compliant,0.9161696735930591,ALLOW,0,Low,0.1,28
57,0.9161696735930591,1.0,Compliant,0.9329357388744473,ALLOW,0,Low,0.1,28
58,0.9329357388744473,1.0,Compliant,0.9463485910995578,ALLOW,0,Low,0.1,28
59,0.9463485910995578,1.0,Compliant,0.9570788728796462,ALLOW,0,Low,0.1,28
60,0.9570788728796462,1.0,Compliant,0.965663098303717,ALLOW,0,Low,0.1,28
61,0.965663098303717,1.0,Compliant,0.9725304786429736,ALLOW,0,Low,0.1,28
62,0.9725304786429736,0.0,Violation,0.7780243829143789,ALLOW,1,Low,0.1,28
63,0.7780243829143789,1.0,Compliant,0.8224195063315032,ALLOW,0,Low,0.1,28
64,0.8224195063315032,1.0,Compliant,0.8579356050652025,ALLOW,0,Low,0.1,28
65,0.8579356050652025,1.0,Compliant,0.886348484052162,ALLOW,0,Low,0.1,28
66,0.886348484052162,1.0,Compliant,0.9090787872417296,ALLOW,0,Low,0.1,28
67,0.9090787872417296,1.0,Compliant,0.9272630297933837,ALLOW,0,Low,0.1,28
68,0.9272630297933837,1.0,Compliant,0.9418104238347069,ALLOW,0,Low,0.1,28
69,0.9418104238347069,1.0,Compliant,0.9534483390677655,ALLOW,0,Low,0.1,28
70,0.9534483390677655,1.0,Compliant,0.9627586712542124,ALLOW,0,Low,0.1,28
71,0.9627586712542124,1.0,Compliant,0.9702069370033699,ALLOW,0,Low,0.1,28
72,0.9702069370033699,1.0,Compliant,0.976165549602696,ALLOW,0,Low,0.1,28
73,0.976165549602696,1.0,Compliant,0.9809324396821568,ALLOW,0,Low,0.1,28
74,0.9809324396821568,1.0,Compliant,0.9847459517457254,ALLOW,0,Low,0.1,28
75,0.9847459517457254,1.0,Compliant,0.9877967613965803,ALLOW,0,Low,0.1,28
76,0.9877967613965803,1.0,Compliant,0.9902374091172643,ALLOW,0,Low,0.1,28
77,0.9902374091172643,1.0,Compliant,0.9921899272938115,ALLOW,0,Low,0.1,28
78,0.9921899272938115,1.0,Compliant,0.9937519418350492,ALLOW,0,Low,0.1,28
79,0.9937519418350492,1.0,Compliant,0.9950015534680394,ALLOW,0,Low,0.1,28
80,0.9950015534680394,1.0,Compliant,0.9960012427744316,ALLOW,0,Low,0.1,28
81,0.9960012427744316,1.0,Compliant,0.9968009942195453,ALLOW,0,Low,0.1,28
82,0.9968009942195453,1.0,Compliant,0.9974407953756362,ALLOW,0,Low,0.1,28
83,0.9974407953756362,1.0,Compliant,0.997952636300509,ALLOW,0,Low,0.1,28
84,0.997952636300509,1.0,Compliant,0.9983621090404072,ALLOW,0,Low,0.1,28
85,0.9983621090404072,1.0,Compliant,0.9986896872323258,ALLOW,0,Low,0.1,28
86,0.9986896872323258,1.0,Compliant,0.9989517497858607,ALLOW,0,Low,0.1,28
87,0.9989517497858607,1.0,Compliant,0.9991613998286886,ALLOW,0,Low,0.1,28
88,0.9991613998286886,1.0,Compliant,0.9993291198629508,ALLOW,0,Low,0.1,28
89,0.9993291198629508,1.0,Compliant,0.9994632958903606,ALLOW,0,Low,0.1,28
90,0.9994632958903606,1.0,Compliant,0.9995706367122885,ALLOW,0,Low,0.1,28
91,0.9995706367122885,1.0,Compliant,0.9996565093698309,ALLOW,0,Low,0.1,28
92,0.9996565093698309,1.0,Compliant,0.9997252074958647,ALLOW,0,Low,0.1,28
93,0.9997252074958647,1.0,Compliant,0.9997801659966917,ALLOW,0,Low,0.1,28
94,0.9997801659966917,1.0,Compliant,0.9998241327973534,ALLOW,0,Low,0.1,28
95,0.9998241327973534,0.0,Violation,0.7998593062378827,ALLOW,1,Low,0.1,28
96,0.7998593062378827,1.0,Compliant,0.8398874449903062,ALLOW,0,Low,0.1,28
97,0.8398874449903062,1.0,Compliant,0.871909955992245,ALLOW,0,Low,0.1,28
98,0.871909955992245,1.0,Compliant,0.8975279647937959,ALLOW,0,Low,0.1,28
99,0.8975279647937959,1.0,Compliant,0.9180223718350368,ALLOW,0,Low,0.1,28
100,0.9180223718350368,1.0,Compliant,0.9344178974680294,ALLOW,0,Low,0.1,28
1,0.8,1.0,Compliant,0.8400000000000001,ALLOW,0,Low,0.1,29
2,0.8400000000000001,1.0,Compliant,0.8720000000000001,ALLOW,0,Low,0.1,29
3,0.8720000000000001,0.0,Violation,0.6976000000000001,ALLOW,1,Low,0.1,29
4,0.6976000000000001,1.0,Compliant,0.7580800000000001,ALLOW,0,Low,0.1,29
5,0.7580800000000001,1.0,Compliant,0.8064640000000001,ALLOW,0,Low,0.1,29
6,0.8064640000000001,1.0,Compliant,0.8451712,ALLOW,0,Low,0.1,29
7,0.8451712,1.0,Compliant,0.87613696,ALLOW,0,Low,0.1,29
8,0.87613696,1.0,Compliant,0.900909568,ALLOW,0,Low,0.1,29
9,0.900909568,1.0,Compliant,0.9207276544,ALLOW,0,Low,0.1,29
10,0.9207276544,1.0,Compliant,0.93658212352,ALLOW,0,Low,0.1,29
11,0.93658212352,1.0,Compliant,0.949265698816,ALLOW,0,Low,0.1,29
12,0.949265698816,1.0,Compliant,0.9594125590528,ALLOW,0,Low,0.1,29
13,0.9594125590528,1.0,Compliant,0.96753004724224,ALLOW,0,Low,0.1,29
14,0.96753004724224,1.0,Compliant,0.974024037793792,ALLOW,0,Low,0.1,29
15,0.974024037793792,0.0,Violation,0.7792192302350336,ALLOW,1,Low,0.1,29
16,0.7792192302350336,1.0,Compliant,0.8233753841880269,ALLOW,0,Low,0.1,29
17,0.8233753841880269,1.0,Compliant,0.8587003073504216,ALLOW,0,Low,0.1,29
18,0.8587003073504216,1.0,Compliant,0.8869602458803373,ALLOW,0,Low,0.1,29
19,0.8869602458803373,1.0,Compliant,0.9095681967042698,ALLOW,0,Low,0.1,29
20,0.9095681967042698,1.0,Compliant,0.9276545573634158,ALLOW,0,Low,0.1,29
21,0.9276545573634158,1.0,Compliant,0.9421236458907327,ALLOW,0,Low,0.1,29
22,0.9421236458907327,1.0,Compliant,0.9536989167125862,ALLOW,0,Low,0.1,29
23,0.9536989167125862,1.0,Compliant,0.962959133370069,ALLOW,0,Low,0.1,29
24,0.962959133370069,1.0,Compliant,0.9703673066960552,ALLOW,0,Low,0.1,29
25,0.9703673066960552,1.0,Compliant,0.9762938453568442,ALLOW,0,Low,0.1,29
26,0.9762938453568442,1.0,Compliant,0.9810350762854754,ALLOW,0,Low,0.1,29
27,0.9810350762854754,1.0,Compliant,0.9848280610283803,ALLOW,0,Low,0.1,29
28,0.9848280610283803,1.0,Compliant,0.9878624488227042,ALLOW,0,Low,0.1,29
29,0.9878624488227042,1.0,Compliant,0.9902899590581634,ALLOW,0,Low,0.1,29
30,0.9902899590581634,1.0,Compliant,0.9922319672465307,ALLOW,0,Low,0.1,29
31,0.9922319672465307,1.0,Compliant,0.9937855737972245,ALLOW,0,Low,0.1,29
32,0.9937855737972245,1.0,Compliant,0.9950284590377796,ALLOW,0,Low,0.1,29
33,0.9950284590377796,0.0,Violation,0.7960227672302237,ALLOW,1,Low,0.1,29
34,0.7960227672302237,1.0,Compliant,0.836818213784179,ALLOW,0,Low,0.1,29
35,0.836818213784179,1.0,Compliant,0.8694545710273431,ALLOW,0,Low,0.1,29
36,0.8694545710273431,1.0,Compliant,0.8955636568218746,ALLOW,0,Low,0.1,29
37,0.8955636568218746,1.0,Compliant,0.9164509254574996,ALLOW,0,Low,0.1,29
38,0.9164509254574996,1.0,Compliant,0.9331607403659997,ALLOW,0,Low,0.1,29
39,0.9331607403659997,1.0,Compliant,0.9465285922927997,ALLOW,0,Low,0.1,29
40,0.9465285922927997,1.0,Compliant,0.9572228738342398,ALLOW,0,Low,0.1,29
41,0.9572228738342398,1.0,Compliant,0.9657782990673918,ALLOW,0,Low,0.1,29
42,0.9657782990673918,1.0,Compliant,0.9726226392539135,ALLOW,0,Low,0.1,29
43,0.9726226392539135,1.0,Compliant,0.9780981114031307,ALLOW,0,Low,0.1,29
44,0.9780981114031307,1.0,Compliant,0.9824784891225046,ALLOW,0,Low,0.1,29
45,0.9824784891225046,1.0,Compliant,0.9859827912980037,ALLOW,0,Low,0.1,29
46,0.9859827912980037,1.0,Compliant,0.988786233038403,ALLOW,0,Low,0.1,29
47,0.988786233038403,1.0,Compliant,0.9910289864307223,ALLOW,0,Low,0.1,29
48,0.9910289864307223,1.0,Compliant,0.9928231891445779,ALLOW,0,Low,0.1,29
49,0.9928231891445779,1.0,Compliant,0.9942585513156623,ALLOW,0,Low,0.1,29
50,0.9942585513156623,1.0,Compliant,0.9954068410525299,ALLOW,0,Low,0.1,29
51,0.9954068410525299,1.0,Compliant,0.9963254728420239,ALLOW,0,Low,0.1,29
52,0.9963254728420239,1.0,Compliant,0.9970603782736192,ALLOW,0,Low,0.1,29
53,0.9970603782736192,1.0,Compliant,0.9976483026188954,ALLOW,0,Low,0.1,29
54,0.9976483026188954,0.0,Violation,0.7981186420951163,ALLOW,1,Low,0.1,29
55,0.7981186420951163,0.0,Violation,0.6384949136760931,ALLOW,1,Low,0.1,29
56,0.6384949136760931,1.0,Compliant,0.7107959309408745,ALLOW,0,Low,0.1,29
57,0.7107959309408745,1.0,Compliant,0.7686367447526995,ALLOW,0,Low,0.1,29
58,0.7686367447526995,1.0,Compliant,0.8149093958021596,ALLOW,0,Low,0.1,29
59,0.8149093958021596,1.0,Compliant,0.8519275166417277,ALLOW,0,Low,0.1,29
60,0.8519275166417277,1.0,Compliant,0.8815420133133822,ALLOW,0,Low,0.1,29
61,0.8815420133133822,0.0,Violation,0.7052336106507058,ALLOW,1,Low,0.1,29
62,0.7052336106507058,1.0,Compliant,0.7641868885205646,ALLOW,0,Low,0.1,29
63,0.7641868885205646,1.0,Compliant,0.8113495108164517,ALLOW,0,Low,0.1,29
64,0.8113495108164517,1.0,Compliant,0.8490796086531613,ALLOW,0,Low,0.1,29
65,0.8490796086531613,0.0,Violation,0.6792636869225291,ALLOW,1,Low,0.1,29
66,0.6792636869225291,1.0,Compliant,0.7434109495380233,ALLOW,0,Low,0.1,29
67,0.7434109495380233,1.0,Compliant,0.7947287596304187,ALLOW,0,Low,0.1,29
68,0.7947287596304187,1.0,Compliant,0.8357830077043349,ALLOW,0,Low,0.1,29
69,0.8357830077043349,1.0,Compliant,0.8686264061634679,ALLOW,0,Low,0.1,29
70,0.8686264061634679,1.0,Compliant,0.8949011249307743,ALLOW,0,Low,0.1,29
71,0.8949011249307743,1.0,Compliant,0.9159208999446194,ALLOW,0,Low,0.1,29
72,0.9159208999446194,1.0,Compliant,0.9327367199556955,ALLOW,0,Low,0.1,29
73,0.9327367199556955,1.0,Compliant,0.9461893759645564,ALLOW,0,Low,0.1,29
74,0.9461893759645564,1.0,Compliant,0.9569515007716451,ALLOW,0,Low,0.1,29
75,0.9569515007716451,1.0,Compliant,0.9655612006173161,ALLOW,0,Low,0.1,29
76,0.9655612006173161,1.0,Compliant,0.9724489604938529,ALLOW,0,Low,0.1,29
77,0.9724489604938529,1.0,Compliant,0.9779591683950823,ALLOW,0,Low,0.1,29
78,0.9779591683950823,0.0,Violation,0.7823673347160659,ALLOW,1,Low,0.1,29
79,0.7823673347160659,1.0,Compliant,0.8258938677728527,ALLOW,0,Low,0.1,29
80,0.8258938677728527,1.0,Compliant,0.8607150942182822,ALLOW,0,Low,0.1,29
81,0.8607150942182822,1.0,Compliant,0.8885720753746258,ALLOW,0,Low,0.1,29
82,0.8885720753746258,0.0,Violation,0.7108576602997007,ALLOW,1,Low,0.1,29
83,0.7108576602997007,1.0,Compliant,0.7686861282397605,ALLOW,0,Low,0.1,29
84,0.7686861282397605,1.0,Compliant,0.8149489025918084,ALLOW,0,Low,0.1,29
85,0.8149489025918084,1.0,Compliant,0.8519591220734467,ALLOW,0,Low,0.1,29
86,0.8519591220734467,1.0,Compliant,0.8815672976587574,ALLOW,0,Low,0.1,29
87,0.8815672976587574,1.0,Compliant,0.9052538381270059,ALLOW,0,Low,0.1,29
88,0.9052538381270059,1.0,Compliant,0.9242030705016047,ALLOW,0,Low,0.1,29
89,0.9242030705016047,1.0,Compliant,0.9393624564012837,ALLOW,0,Low,0.1,29
90,0.9393624564012837,1.0,Compliant,0.9514899651210269,ALLOW,0,Low,0.1,29
91,0.9514899651210269,1.0,Compliant,0.9611919720968215,ALLOW,0,Low,0.1,29
92,0.9611919720968215,1.0,Compliant,0.9689535776774572,ALLOW,0,Low,0.1,29
93,0.9689535776774572,0.0,Violation,0.7751628621419657,ALLOW,1,Low,0.1,29
94,0.7751628621419657,1.0,Compliant,0.8201302897135726,ALLOW,0,Low,0.1,29
95,0.8201302897135726,1.0,Compliant,0.856104231770858,ALLOW,0,Low,0.1,29
96,0.856104231770858,1.0,Compliant,0.8848833854166864,ALLOW,0,Low,0.1,29
97,0.8848833854166864,1.0,Compliant,0.9079067083333492,ALLOW,0,Low,0.1,29
98,0.9079067083333492,1.0,Compliant,0.9263253666666793,ALLOW,0,Low,0.1,29
99,0.9263253666666793,1.0,Compliant,0.9410602933333434,ALLOW,0,Low,0.1,29
100,0.9410602933333434,1.0,Compliant,0.9528482346666747,ALLOW,0,Low,0.1,29
1,0.8,1.0,Compliant,0.8400000000000001,ALLOW,0,Low,0.1,30
2,0.8400000000000001,0.0,Violation,0.6720000000000002,ALLOW,1,Low,0.1,30
3,0.6720000000000002,1.0,Compliant,0.7376000000000001,ALLOW,0,Low,0.1,30
4,0.7376000000000001,1.0,Compliant,0.7900800000000001,ALLOW,0,Low,0.1,30
5,0.7900800000000001,1.0,Compliant,0.8320640000000001,ALLOW,0,Low,0.1,30
6,0.8320640000000001,1.0,Compliant,0.8656512000000001,ALLOW,0,Low,0.1,30
7,0.8656512000000001,1.0,Compliant,0.89252096,ALLOW,0,Low,0.1,30
8,0.89252096,0.0,Violation,0.714016768,ALLOW,1,Low,0.1,30
9,0.714016768,0.0,Violation,0.5712134144000001,HUMAN_REVIEW,1,Low,0.1,30
10,0.5712134144000001,1.0,Compliant,0.65697073152,ALLOW,0,Low,0.1,30
11,0.65697073152,1.0,Compliant,0.725576585216,ALLOW,0,Low,0.1,30
12,0.725576585216,1.0,Compliant,0.7804612681727999,ALLOW,0,Low,0.1,30
13,0.7804612681727999,1.0,Compliant,0.82436901453824,ALLOW,0,Low,0.1,30
14,0.82436901453824,1.0,Compliant,0.859495211630592,ALLOW,0,Low,0.1,30
15,0.859495211630592,1.0,Compliant,0.8875961693044736,ALLOW,0,Low,0.1,30
16,0.8875961693044736,1.0,Compliant,0.9100769354435789,ALLOW,0,Low,0.1,30
17,0.9100769354435789,1.0,Compliant,0.9280615483548631,ALLOW,0,Low,0.1,30
18,0.9280615483548631,1.0,Compliant,0.9424492386838905,ALLOW,0,Low,0.1,30
19,0.9424492386838905,1.0,Compliant,0.9539593909471125,ALLOW,0,Low,0.1,30
20,0.9539593909471125,1.0,Compliant,0.96316751275769,ALLOW,0,Low,0.1,30
21,0.96316751275769,1.0,Compliant,0.9705340102061519,ALLOW,0,Low,0.1,30
22,0.9705340102061519,1.0,Compliant,0.9764272081649216,ALLOW,0,Low,0.1,30
23,0.9764272081649216,1.0,Compliant,0.9811417665319373,ALLOW,0,Low,0.1,30
24,0.9811417665319373,1.0,Compliant,0.9849134132255498,ALLOW,0,Low,0.1,30
25,0.9849134132255498,1.0,Compliant,0.9879307305804399,ALLOW,0,Low,0.1,30
26,0.9879307305804399,1.0,Compliant,0.9903445844643519,ALLOW,0,Low,0.1,30
27,0.9903445844643519,1.0,Compliant,0.9922756675714816,ALLOW,0,Low,0.1,30
28,0.9922756675714816,1.0,Compliant,0.9938205340571853,ALLOW,0,Low,0.1,30
29,0.9938205340571853,1.0,Compliant,0.9950564272457483,ALLOW,0,Low,0.1,30
30,0.9950564272457483,1.0,Compliant,0.9960451417965986,ALLOW,0,Low,0.1,30
31,0.9960451417965986,1.0,Compliant,0.996836113437279,ALLOW,0,Low,0.1,30
32,0.996836113437279,1.0,Compliant,0.9974688907498231,ALLOW,0,Low,0.1,30
33,0.9974688907498231,1.0,Compliant,0.9979751125998585,ALLOW,0,Low,0.1,30
34,0.9979751125998585,1.0,Compliant,0.9983800900798868,ALLOW,0,Low,0.1,30
35,0.9983800900798868,1.0,Compliant,0.9987040720639094,ALLOW,0,Low,0.1,30
36,0.9987040720639094,1.0,Compliant,0.9989632576511276,ALLOW,0,Low,0.1,30
37,0.9989632576511276,1.0,Compliant,0.999170606120902,ALLOW,0,Low,0.1,30
38,0.999170606120902,1.0,Compliant,0.9993364848967217,ALLOW,0,Low,0.1,30
39,0.9993364848967217,1.0,Compliant,0.9994691879173774,ALLOW,0,Low,0.1,30
40,0.9994691879173774,1.0,Compliant,0.9995753503339019,ALLOW,0,Low,0.1,30
41,0.9995753503339019,1.0,Compliant,0.9996602802671215,ALLOW,0,Low,0.1,30
42,0.9996602802671215,1.0,Compliant,0.9997282242136972,ALLOW,0,Low,0.1,30
43,0.9997282242136972,1.0,Compliant,0.9997825793709578,ALLOW,0,Low,0.1,30
44,0.9997825793709578,1.0,Compliant,0.9998260634967663,ALLOW,0,Low,0.1,30
45,0.9998260634967663,1.0,Compliant,0.999860850797413,ALLOW,0,Low,0.1,30
46,0.999860850797413,1.0,Compliant,0.9998886806379305,ALLOW,0,Low,0.1,30
47,0.9998886806379305,1.0,Compliant,0.9999109445103443,ALLOW,0,Low,0.1,30
48,0.9999109445103443,1.0,Compliant,0.9999287556082754,ALLOW,0,Low,0.1,30
49,0.9999287556082754,1.0,Compliant,0.9999430044866203,ALLOW,0,Low,0.1,30
50,0.9999430044866203,0.0,Violation,0.7999544035892963,ALLOW,1,Low,0.1,30
51,0.7999544035892963,0.0,Violation,0.6399635228714371,ALLOW,1,Low,0.1,30
52,0.6399635228714371,1.0,Compliant,0.7119708182971497,ALLOW,0,Low,0.1,30
53,0.7119708182971497,1.0,Compliant,0.7695766546377197,ALLOW,0,Low,0.1,30
54,0.7695766546377197,1.0,Compliant,0.8156613237101757,ALLOW,0,Low,0.1,30
55,0.8156613237101757,1.0,Compliant,0.8525290589681406,ALLOW,0,Low,0.1,30
56,0.8525290589681406,1.0,Compliant,0.8820232471745124,ALLOW,0,Low,0.1,30
57,0.8820232471745124,1.0,Compliant,0.90561859773961,ALLOW,0,Low,0.1,30
58,0.90561859773961,1.0,Compliant,0.924494878191688,ALLOW,0,Low,0.1,30
59,0.924494878191688,1.0,Compliant,0.9395959025533503,ALLOW,0,Low,0.1,30
60,0.9395959025533503,1.0,Compliant,0.9516767220426803,ALLOW,0,Low,0.1,30
61,0.9516767220426803,1.0,Compliant,0.9613413776341442,ALLOW,0,Low,0.1,30
62,0.9613413776341442,1.0,Compliant,0.9690731021073153,ALLOW,0,Low,0.1,30
63,0.9690731021073153,1.0,Compliant,0.9752584816858523,ALLOW,0,Low,0.1,30
64,0.9752584816858523,0.0,Violation,0.7802067853486818,ALLOW,1,Low,0.1,30
65,0.7802067853486818,1.0,Compliant,0.8241654282789455,ALLOW,0,Low,0.1,30
66,0.8241654282789455,1.0,Compliant,0.8593323426231564,ALLOW,0,Low,0.1,30
67,0.8593323426231564,1.0,Compliant,0.8874658740985251,ALLOW,0,Low,0.1,30
68,0.8874658740985251,1.0,Compliant,0.9099726992788201,ALLOW,0,Low,0.1,30
69,0.9099726992788201,1.0,Compliant,0.9279781594230561,ALLOW,0,Low,0.1,30
70,0.9279781594230561,1.0,Compliant,0.9423825275384449,ALLOW,0,Low,0.1,30
71,0.9423825275384449,1.0,Compliant,0.9539060220307559,ALLOW,0,Low,0.1,30
72,0.9539060220307559,1.0,Compliant,0.9631248176246048,ALLOW,0,Low,0.1,30
73,0.9631248176246048,0.0,Violation,0.7704998540996839,ALLOW,1,Low,0.1,30
74,0.7704998540996839,1.0,Compliant,0.8163998832797471,ALLOW,0,Low,0.1,30
75,0.8163998832797471,1.0,Compliant,0.8531199066237977,ALLOW,0,Low,0.1,30
76,0.8531199066237977,1.0,Compliant,0.8824959252990381,ALLOW,0,Low,0.1,30
77,0.8824959252990381,1.0,Compliant,0.9059967402392305,ALLOW,0,Low,0.1,30
78,0.9059967402392305,1.0,Compliant,0.9247973921913843,ALLOW,0,Low,0.1,30
79,0.9247973921913843,1.0,Compliant,0.9398379137531074,ALLOW,0,Low,0.1,30
80,0.9398379137531074,1.0,Compliant,0.951870331002486,ALLOW,0,Low,0.1,30
81,0.951870331002486,1.0,Compliant,0.9614962648019888,ALLOW,0,Low,0.1,30
82,0.9614962648019888,1.0,Compliant,0.969197011841591,ALLOW,0,Low,0.1,30
83,0.969197011841591,1.0,Compliant,0.9753576094732728,ALLOW,0,Low,0.1,30
84,0.9753576094732728,1.0,Compliant,0.9802860875786182,ALLOW,0,Low,0.1,30
85,0.9802860875786182,1.0,Compliant,0.9842288700628946,ALLOW,0,Low,0.1,30
86,0.9842288700628946,1.0,Compliant,0.9873830960503157,ALLOW,0,Low,0.1,30
87,0.9873830960503157,1.0,Compliant,0.9899064768402526,ALLOW,0,Low,0.1,30
88,0.9899064768402526,1.0,Compliant,0.9919251814722021,ALLOW,0,Low,0.1,30
89,0.9919251814722021,1.0,Compliant,0.9935401451777617,ALLOW,0,Low,0.1,30
90,0.9935401451777617,1.0,Compliant,0.9948321161422093,ALLOW,0,Low,0.1,30
91,0.9948321161422093,1.0,Compliant,0.9958656929137675,ALLOW,0,Low,0.1,30
92,0.9958656929137675,0.0,Violation,0.796692554331014,ALLOW,1,Low,0.1,30
93,0.796692554331014,1.0,Compliant,0.8373540434648112,ALLOW,0,Low,0.1,30
94,0.8373540434648112,1.0,Compliant,0.869883234771849,ALLOW,0,Low,0.1,30
95,0.869883234771849,1.0,Compliant,0.8959065878174792,ALLOW,0,Low,0.1,30
96,0.8959065878174792,1.0,Compliant,0.9167252702539834,ALLOW,0,Low,0.1,30
97,0.9167252702539834,1.0,Compliant,0.9333802162031868,ALLOW,0,Low,0.1,30
98,0.9333802162031868,0.0,Violation,0.7467041729625494,ALLOW,1,Low,0.1,30
99,0.7467041729625494,1.0,Compliant,0.7973633383700395,ALLOW,0,Low,0.1,30
100,0.7973633383700395,1.0,Compliant,0.8378906706960316,ALLOW,0,Low,0.1,30
1,0.8,1.0,Compliant,0.8400000000000001,ALLOW,0,Medium,0.3,1
2,0.8400000000000001,0.0,Violation,0.6720000000000002,ALLOW,1,Medium,0.3,1
3,0.6720000000000002,0.0,Violation,0.5376000000000002,HUMAN_REVIEW,1,Medium,0.3,1
4,0.5376000000000002,1.0,Compliant,0.6300800000000002,ALLOW,0,Medium,0.3,1
5,0.6300800000000002,0.0,Violation,0.5040640000000002,HUMAN_REVIEW,1,Medium,0.3,1
6,0.5040640000000002,0.0,Violation,0.40325120000000014,HUMAN_REVIEW,1,Medium,0.3,1
7,0.40325120000000014,1.0,Compliant,0.5226009600000001,HUMAN_REVIEW,0,Medium,0.3,1
8,0.5226009600000001,0.0,Violation,0.4180807680000001,HUMAN_REVIEW,1,Medium,0.3,1
9,0.4180807680000001,0.0,Violation,0.3344646144000001,HUMAN_REVIEW,1,Medium,0.3,1
10,0.3344646144000001,0.0,Violation,0.2675716915200001,HUMAN_REVIEW,1,Medium,0.3,1
11,0.2675716915200001,0.0,Violation,0.21405735321600008,HUMAN_REVIEW,1,Medium,0.3,1
12,0.21405735321600008,1.0,Compliant,0.3712458825728,HUMAN_REVIEW,0,Medium,0.3,1
13,0.3712458825728,1.0,Compliant,0.49699670605824,HUMAN_REVIEW,0,Medium,0.3,1
14,0.49699670605824,0.0,Violation,0.397597364846592,HUMAN_REVIEW,1,Medium,0.3,1
15,0.397597364846592,1.0,Compliant,0.5180778918772736,HUMAN_REVIEW,0,Medium,0.3,1
16,0.5180778918772736,0.0,Violation,0.4144623135018189,HUMAN_REVIEW,1,Medium,0.3,1
17,0.4144623135018189,1.0,Compliant,0.531569850801455,HUMAN_REVIEW,0,Medium,0.3,1
18,0.531569850801455,1.0,Compliant,0.625255880641164,ALLOW,0,Medium,0.3,1
19,0.625255880641164,0.0,Violation,0.5002047045129312,HUMAN_REVIEW,1,Medium,0.3,1
20,0.5002047045129312,0.0,Violation,0.400163763610345,HUMAN_REVIEW,1,Medium,0.3,1
21,0.400163763610345,0.0,Violation,0.320131010888276,HUMAN_REVIEW,1,Medium,0.3,1
22,0.320131010888276,1.0,Compliant,0.45610480871062076,HUMAN_REVIEW,0,Medium,0.3,1
23,0.45610480871062076,1.0,Compliant,0.5648838469684966,HUMAN_REVIEW,0,Medium,0.3,1
24,0.5648838469684966,0.0,Violation,0.4519070775747973,HUMAN_REVIEW,1,Medium,0.3,1
25,0.4519070775747973,1.0,Compliant,0.5615256620598379,HUMAN_REVIEW,0,Medium,0.3,1
26,0.5615256620598379,1.0,Compliant,0.6492205296478704,ALLOW,0,Medium,0.3,1
27,0.6492205296478704,1.0,Compliant,0.7193764237182962,ALLOW,0,Medium,0.3,1
28,0.7193764237182962,0.0,Violation,0.5755011389746371,HUMAN_REVIEW,1,Medium,0.3,1
29,0.5755011389746371,1.0,Compliant,0.6604009111797096,ALLOW,0,Medium,0.3,1
30,0.6604009111797096,1.0,Compliant,0.7283207289437676,ALLOW,0,Medium,0.3,1
31,0.7283207289437676,1.0,Compliant,0.7826565831550141,ALLOW,0,Medium,0.3,1
32,0.7826565831550141,1.0,Compliant,0.8261252665240113,ALLOW,0,Medium,0.3,1
33,0.8261252665240113,1.0,Compliant,0.8609002132192091,ALLOW,0,Medium,0.3,1
34,0.8609002132192091,0.0,Violation,0.6887201705753673,ALLOW,1,Medium,0.3,1
35,0.6887201705753673,1.0,Compliant,0.7509761364602938,ALLOW,0,Medium,0.3,1
36,0.7509761364602938,0.0,Violation,0.6007809091682351,ALLOW,1,Medium,0.3,1
37,0.6007809091682351,0.0,Violation,0.4806247273345881,HUMAN_REVIEW,1,Medium,0.3,1
38,0.4806247273345881,0.0,Violation,0.38449978186767053,HUMAN_REVIEW,1,Medium,0.3,1
39,0.38449978186767053,1.0,Compliant,0.5075998254941364,HUMAN_REVIEW,0,Medium,0.3,1
40,0.5075998254941364,1.0,Compliant,0.606079860395309,ALLOW,0,Medium,0.3,1
41,0.606079860395309,0.0,Violation,0.48486388831624727,HUMAN_REVIEW,1,Medium,0.3,1
42,0.48486388831624727,1.0,Compliant,0.5878911106529978,HUMAN_REVIEW,0,Medium,0.3,1
43,0.5878911106529978,0.0,Violation,0.4703128885223983,HUMAN_REVIEW,1,Medium,0.3,1
44,0.4703128885223983,1.0,Compliant,0.5762503108179187,HUMAN_REVIEW,0,Medium,0.3,1
45,0.5762503108179187,1.0,Compliant,0.6610002486543349,ALLOW,0,Medium,0.3,1
46,0.6610002486543349,1.0,Compliant,0.7288001989234679,ALLOW,0,Medium,0.3,1
47,0.7288001989234679,1.0,Compliant,0.7830401591387743,ALLOW,0,Medium,0.3,1
48,0.7830401591387743,1.0,Compliant,0.8264321273110194,ALLOW,0,Medium,0.3,1
49,0.8264321273110194,1.0,Compliant,0.8611457018488156,ALLOW,0,Medium,0.3,1
50,0.8611457018488156,1.0,Compliant,0.8889165614790524,ALLOW,0,Medium,0.3,1
51,0.8889165614790524,1.0,Compliant,0.9111332491832419,ALLOW,0,Medium,0.3,1
52,0.9111332491832419,0.0,Violation,0.7289065993465935,ALLOW,1,Medium,0.3,1
53,0.7289065993465935,1.0,Compliant,0.7831252794772748,ALLOW,0,Medium,0.3,1
54,0.7831252794772748,0.0,Violation,0.6265002235818199,ALLOW,1,Medium,0.3,1
55,0.6265002235818199,0.0,Violation,0.501200178865456,HUMAN_REVIEW,1,Medium,0.3,1
56,0.501200178865456,1.0,Compliant,0.6009601430923648,ALLOW,0,Medium,0.3,1
57,0.6009601430923648,1.0,Compliant,0.6807681144738917,ALLOW,0,Medium,0.3,1
58,0.6807681144738917,1.0,Compliant,0.7446144915791134,ALLOW,0,Medium,0.3,1
59,0.7446144915791134,1.0,Compliant,0.7956915932632908,ALLOW,0,Medium,0.3,1
60,0.7956915932632908,1.0,Compliant,0.8365532746106326,ALLOW,0,Medium,0.3,1
61,0.8365532746106326,0.0,Violation,0.6692426196885061,ALLOW,1,Medium,0.3,1
62,0.6692426196885061,0.0,Violation,0.5353940957508049,HUMAN_REVIEW,1,Medium,0.3,1
63,0.5353940957508049,0.0,Violation,0.42831527660064395,HUMAN_REVIEW,1,Medium,0.3,1
64,0.42831527660064395,1.0,Compliant,0.5426522212805152,HUMAN_REVIEW,0,Medium,0.3,1
65,0.5426522212805152,1.0,Compliant,0.6341217770244121,ALLOW,0,Medium,0.3,1
66,0.6341217770244121,1.0,Compliant,0.7072974216195297,ALLOW,0,Medium,0.3,1
67,0.7072974216195297,1.0,Compliant,0.7658379372956238,ALLOW,0,Medium,0.3,1
68,0.7658379372956238,1.0,Compliant,0.812670349836499,ALLOW,0,Medium,0.3,1
69,0.812670349836499,1.0,Compliant,0.8501362798691992,ALLOW,0,Medium,0.3,1
70,0.8501362798691992,1.0,Compliant,0.8801090238953593,ALLOW,0,Medium,0.3,1
71,0.8801090238953593,1.0,Compliant,0.9040872191162874,ALLOW,0,Medium,0.3,1
72,0.9040872191162874,1.0,Compliant,0.9232697752930299,ALLOW,0,Medium,0.3,1
73,0.9232697752930299,1.0,Compliant,0.9386158202344239,ALLOW,0,Medium,0.3,1
74,0.9386158202344239,1.0,Compliant,0.9508926561875392,ALLOW,0,Medium,0.3,1
75,0.9508926561875392,0.0,Violation,0.7607141249500313,ALLOW,1,Medium,0.3,1
76,0.7607141249500313,1.0,Compliant,0.8085712999600251,ALLOW,0,Medium,0.3,1
77,0.8085712999600251,0.0,Violation,0.6468570399680201,ALLOW,1,Medium,0.3,1
78,0.6468570399680201,1.0,Compliant,0.7174856319744161,ALLOW,0,Medium,0.3,1
79,0.7174856319744161,1.0,Compliant,0.7739885055795328,ALLOW,0,Medium,0.3,1
80,0.7739885055795328,0.0,Violation,0.6191908044636263,ALLOW,1,Medium,0.3,1
81,0.6191908044636263,1.0,Compliant,0.695352643570901,ALLOW,0,Medium,0.3,1
82,0.695352643570901,1.0,Compliant,0.7562821148567208,ALLOW,0,Medium,0.3,1
83,0.7562821148567208,1.0,Compliant,0.8050256918853766,ALLOW,0,Medium,0.3,1
84,0.8050256918853766,1.0,Compliant,0.8440205535083013,ALLOW,0,Medium,0.3,1
85,0.8440205535083013,1.0,Compliant,0.875216442806641,ALLOW,0,Medium,0.3,1
86,0.875216442806641,1.0,Compliant,0.9001731542453129,ALLOW,0,Medium,0.3,1
87,0.9001731542453129,1.0,Compliant,0.9201385233962502,ALLOW,0,Medium,0.3,1
88,0.9201385233962502,1.0,Compliant,0.9361108187170002,ALLOW,0,Medium,0.3,1
89,0.9361108187170002,1.0,Compliant,0.9488886549736002,ALLOW,0,Medium,0.3,1
90,0.9488886549736002,1.0,Compliant,0.9591109239788802,ALLOW,0,Medium,0.3,1
91,0.9591109239788802,0.0,Violation,0.7672887391831043,ALLOW,1,Medium,0.3,1
92,0.7672887391831043,1.0,Compliant,0.8138309913464834,ALLOW,0,Medium,0.3,1
93,0.8138309913464834,1.0,Compliant,0.8510647930771867,ALLOW,0,Medium,0.3,1
94,0.8510647930771867,1.0,Compliant,0.8808518344617494,ALLOW,0,Medium,0.3,1
95,0.8808518344617494,0.0,Violation,0.7046814675693995,ALLOW,1,Medium,0.3,1
96,0.7046814675693995,0.0,Violation,0.5637451740555196,HUMAN_REVIEW,1,Medium,0.3,1
97,0.5637451740555196,1.0,Compliant,0.6509961392444157,ALLOW,0,Medium,0.3,1
98,0.6509961392444157,0.0,Violation,0.5207969113955325,HUMAN_REVIEW,1,Medium,0.3,1
99,0.5207969113955325,1.0,Compliant,0.616637529116426,ALLOW,0,Medium,0.3,1
100,0.616637529116426,1.0,Compliant,0.6933100232931408,ALLOW,0,Medium,0.3,1
1,0.8,1.0,Compliant,0.8400000000000001,ALLOW,0,Medium,0.3,2
2,0.8400000000000001,1.0,Compliant,0.8720000000000001,ALLOW,0,Medium,0.3,2
3,0.8720000000000001,1.0,Compliant,0.8976000000000001,ALLOW,0,Medium,0.3,2
4,0.8976000000000001,1.0,Compliant,0.91808,ALLOW,0,Medium,0.3,2
5,0.91808,1.0,Compliant,0.934464,ALLOW,0,Medium,0.3,2
6,0.934464,1.0,Compliant,0.9475712,ALLOW,0,Medium,0.3,2
7,0.9475712,0.0,Violation,0.75805696,ALLOW,1,Medium,0.3,2
8,0.75805696,0.0,Violation,0.606445568,ALLOW,1,Medium,0.3,2
9,0.606445568,1.0,Compliant,0.6851564544,ALLOW,0,Medium,0.3,2
10,0.6851564544,1.0,Compliant,0.7481251635199999,ALLOW,0,Medium,0.3,2
11,0.7481251635199999,1.0,Compliant,0.7985001308159999,ALLOW,0,Medium,0.3,2
12,0.7985001308159999,1.0,Compliant,0.8388001046528,ALLOW,0,Medium,0.3,2
13,0.8388001046528,1.0,Compliant,0.87104008372224,ALLOW,0,Medium,0.3,2
14,0.87104008372224,1.0,Compliant,0.8968320669777919,ALLOW,0,Medium,0.3,2
15,0.8968320669777919,0.0,Violation,0.7174656535822336,ALLOW,1,Medium,0.3,2
16,0.7174656535822336,0.0,Violation,0.5739725228657869,HUMAN_REVIEW,1,Medium,0.3,2
17,0.5739725228657869,0.0,Violation,0.45917801829262955,HUMAN_REVIEW,1,Medium,0.3,2
18,0.45917801829262955,1.0,Compliant,0.5673424146341036,HUMAN_REVIEW,0,Medium,0.3,2
19,0.5673424146341036,0.0,Violation,0.4538739317072829,HUMAN_REVIEW,1,Medium,0.3,2
20,0.4538739317072829,0.0,Violation,0.3630991453658263,HUMAN_REVIEW,1,Medium,0.3,2
21,0.3630991453658263,0.0,Violation,0.29047931629266105,HUMAN_REVIEW,1,Medium,0.3,2
22,0.29047931629266105,1.0,Compliant,0.43238345303412884,HUMAN_REVIEW,0,Medium,0.3,2
23,0.43238345303412884,1.0,Compliant,0.5459067624273031,HUMAN_REVIEW,0,Medium,0.3,2
24,0.5459067624273031,0.0,Violation,0.4367254099418425,HUMAN_REVIEW,1,Medium,0.3,2
25,0.4367254099418425,0.0,Violation,0.349380327953474,HUMAN_REVIEW,1,Medium,0.3,2
26,0.349380327953474,1.0,Compliant,0.47950426236277915,HUMAN_REVIEW,0,Medium,0.3,2
27,0.47950426236277915,0.0,Violation,0.38360340989022335,HUMAN_REVIEW,1,Medium,0.3,2
28,0.38360340989022335,0.0,Violation,0.3068827279121787,HUMAN_REVIEW,1,Medium,0.3,2
29,0.3068827279121787,0.0,Violation,0.24550618232974297,HUMAN_REVIEW,1,Medium,0.3,2
30,0.24550618232974297,0.0,Violation,0.1964049458637944,HUMAN_REVIEW,1,Medium,0.3,2
31,0.1964049458637944,1.0,Compliant,0.35712395669103547,HUMAN_REVIEW,0,Medium,0.3,2
32,0.35712395669103547,1.0,Compliant,0.48569916535282837,HUMAN_REVIEW,0,Medium,0.3,2
33,0.48569916535282837,0.0,Violation,0.3885593322822627,HUMAN_REVIEW,1,Medium,0.3,2
34,0.3885593322822627,1.0,Compliant,0.5108474658258102,HUMAN_REVIEW,0,Medium,0.3,2
35,0.5108474658258102,1.0,Compliant,0.6086779726606482,ALLOW,0,Medium,0.3,2
36,0.6086779726606482,0.0,Violation,0.48694237812851854,HUMAN_REVIEW,1,Medium,0.3,2
37,0.48694237812851854,1.0,Compliant,0.5895539025028148,HUMAN_REVIEW,0,Medium,0.3,2
38,0.5895539025028148,1.0,Compliant,0.6716431220022518,ALLOW,0,Medium,0.3,2
39,0.6716431220022518,1.0,Compliant,0.7373144976018015,ALLOW,0,Medium,0.3,2
40,0.7373144976018015,1.0,Compliant,0.7898515980814411,ALLOW,0,Medium,0.3,2
41,0.7898515980814411,1.0,Compliant,0.8318812784651529,ALLOW,0,Medium,0.3,2
42,0.8318812784651529,1.0,Compliant,0.8655050227721224,ALLOW,0,Medium,0.3,2
43,0.8655050227721224,1.0,Compliant,0.8924040182176979,ALLOW,0,Medium,0.3,2
44,0.8924040182176979,1.0,Compliant,0.9139232145741583,ALLOW,0,Medium,0.3,2
45,0.9139232145741583,1.0,Compliant,0.9311385716593266,ALLOW,0,Medium,0.3,2
46,0.9311385716593266,1.0,Compliant,0.9449108573274613,ALLOW,0,Medium,0.3,2
47,0.9449108573274613,0.0,Violation,0.755928685861969,ALLOW,1,Medium,0.3,2
48,0.755928685861969,1.0,Compliant,0.8047429486895752,ALLOW,0,Medium,0.3,2
49,0.8047429486895752,0.0,Violation,0.6437943589516602,ALLOW,1,Medium,0.3,2
50,0.6437943589516602,0.0,Violation,0.5150354871613282,HUMAN_REVIEW,1,Medium,0.3,2
51,0.5150354871613282,0.0,Violation,0.4120283897290626,HUMAN_REVIEW,1,Medium,0.3,2
52,0.4120283897290626,1.0,Compliant,0.52962271178325,HUMAN_REVIEW,0,Medium,0.3,2
53,0.52962271178325,1.0,Compliant,0.6236981694266,ALLOW,0,Medium,0.3,2
54,0.6236981694266,1.0,Compliant,0.69895853554128,ALLOW,0,Medium,0.3,2
55,0.69895853554128,1.0,Compliant,0.759166828433024,ALLOW,0,Medium,0.3,2
56,0.759166828433024,0.0,Violation,0.6073334627464192,ALLOW,1,Medium,0.3,2
57,0.6073334627464192,0.0,Violation,0.48586677019713537,HUMAN_REVIEW,1,Medium,0.3,2
58,0.48586677019713537,0.0,Violation,0.3886934161577083,HUMAN_REVIEW,1,Medium,0.3,2
59,0.3886934161577083,0.0,Violation,0.31095473292616665,HUMAN_REVIEW,1,Medium,0.3,2
60,0.31095473292616665,1.0,Compliant,0.4487637863409333,HUMAN_REVIEW,0,Medium,0.3,2
61,0.4487637863409333,1.0,Compliant,0.5590110290727466,HUMAN_REVIEW,0,Medium,0.3,2
62,0.5590110290727466,1.0,Compliant,0.6472088232581972,ALLOW,0,Medium,0.3,2
63,0.6472088232581972,1.0,Compliant,0.7177670586065578,ALLOW,0,Medium,0.3,2
64,0.7177670586065578,0.0,Violation,0.5742136468852462,HUMAN_REVIEW,1,Medium,0.3,2
65,0.5742136468852462,1.0,Compliant,0.659370917508197,ALLOW,0,Medium,0.3,2
66,0.659370917508197,1.0,Compliant,0.7274967340065576,ALLOW,0,Medium,0.3,2
67,0.7274967340065576,1.0,Compliant,0.781997387205246,ALLOW,0,Medium,0.3,2
68,0.781997387205246,1.0,Compliant,0.8255979097641968,ALLOW,0,Medium,0.3,2
69,0.8255979097641968,1.0,Compliant,0.8604783278113575,ALLOW,0,Medium,0.3,2
70,0.8604783278113575,0.0,Violation,0.6883826622490861,ALLOW,1,Medium,0.3,2
71,0.6883826622490861,1.0,Compliant,0.7507061297992689,ALLOW,0,Medium,0.3,2
72,0.7507061297992689,1.0,Compliant,0.8005649038394151,ALLOW,0,Medium,0.3,2
73,0.8005649038394151,1.0,Compliant,0.8404519230715322,ALLOW,0,Medium,0.3,2
74,0.8404519230715322,1.0,Compliant,0.8723615384572257,ALLOW,0,Medium,0.3,2
75,0.8723615384572257,1.0,Compliant,0.8978892307657806,ALLOW,0,Medium,0.3,2
76,0.8978892307657806,1.0,Compliant,0.9183113846126245,ALLOW,0,Medium,0.3,2
77,0.9183113846126245,1.0,Compliant,0.9346491076900996,ALLOW,0,Medium,0.3,2
78,0.9346491076900996,1.0,Compliant,0.9477192861520797,ALLOW,0,Medium,0.3,2
79,0.9477192861520797,1.0,Compliant,0.9581754289216637,ALLOW,0,Medium,0.3,2
80,0.9581754289216637,1.0,Compliant,0.966540343137331,ALLOW,0,Medium,0.3,2
81,0.966540343137331,1.0,Compliant,0.9732322745098647,ALLOW,0,Medium,0.3,2
82,0.9732322745098647,1.0,Compliant,0.9785858196078918,ALLOW,0,Medium,0.3,2
83,0.9785858196078918,1.0,Compliant,0.9828686556863134,ALLOW,0,Medium,0.3,2
84,0.9828686556863134,1.0,Compliant,0.9862949245490508,ALLOW,0,Medium,0.3,2
85,0.9862949245490508,1.0,Compliant,0.9890359396392406,ALLOW,0,Medium,0.3,2
86,0.9890359396392406,1.0,Compliant,0.9912287517113925,ALLOW,0,Medium,0.3,2
87,0.9912287517113925,0.0,Violation,0.792983001369114,ALLOW,1,Medium,0.3,2
88,0.792983001369114,1.0,Compliant,0.8343864010952913,ALLOW,0,Medium,0.3,2
89,0.8343864010952913,0.0,Violation,0.667509120876233,ALLOW,1,Medium,0.3,2
90,0.667509120876233,1.0,Compliant,0.7340072967009864,ALLOW,0,Medium,0.3,2
91,0.7340072967009864,1.0,Compliant,0.7872058373607891,ALLOW,0,Medium,0.3,2
92,0.7872058373607891,1.0,Compliant,0.8297646698886313,ALLOW,0,Medium,0.3,2
93,0.8297646698886313,1.0,Compliant,0.863811735910905,ALLOW,0,Medium,0.3,2
94,0.863811735910905,1.0,Compliant,0.891049388728724,ALLOW,0,Medium,0.3,2
95,0.891049388728724,0.0,Violation,0.7128395109829793,ALLOW,1,Medium,0.3,2
96,0.7128395109829793,1.0,Compliant,0.7702716087863833,ALLOW,0,Medium,0.3,2
97,0.7702716087863833,1.0,Compliant,0.8162172870291067,ALLOW,0,Medium,0.3,2
98,0.8162172870291067,1.0,Compliant,0.8529738296232854,ALLOW,0,Medium,0.3,2
99,0.8529738296232854,0.0,Violation,0.6823790636986283,ALLOW,1,Medium,0.3,2
100,0.6823790636986283,0.0,Violation,0.5459032509589027,HUMAN_REVIEW,1,Medium,0.3,2
1,0.8,0.0,Violation,0.6400000000000001,ALLOW,1,Medium,0.3,3
2,0.6400000000000001,0.0,Violation,0.5120000000000001,HUMAN_REVIEW,1,Medium,0.3,3
3,0.5120000000000001,1.0,Compliant,0.6096000000000001,ALLOW,0,Medium,0.3,3
4,0.6096000000000001,1.0,Compliant,0.6876800000000001,ALLOW,0,Medium,0.3,3
5,0.6876800000000001,1.0,Compliant,0.750144,ALLOW,0,Medium,0.3,3
6,0.750144,1.0,Compliant,0.8001152,ALLOW,0,Medium,0.3,3
7,0.8001152,1.0,Compliant,0.84009216,ALLOW,0,Medium,0.3,3
8,0.84009216,1.0,Compliant,0.8720737279999999,ALLOW,0,Medium,0.3,3
9,0.8720737279999999,1.0,Compliant,0.8976589824,ALLOW,0,Medium,0.3,3
10,0.8976589824,1.0,Compliant,0.91812718592,ALLOW,0,Medium,0.3,3
11,0.91812718592,0.0,Violation,0.734501748736,ALLOW,1,Medium,0.3,3
12,0.734501748736,0.0,Violation,0.5876013989888,HUMAN_REVIEW,1,Medium,0.3,3
13,0.5876013989888,1.0,Compliant,0.6700811191910401,ALLOW,0,Medium,0.3,3
14,0.6700811191910401,1.0,Compliant,0.736064895352832,ALLOW,0,Medium,0.3,3
15,0.736064895352832,1.0,Compliant,0.7888519162822656,ALLOW,0,Medium,0.3,3
16,0.7888519162822656,0.0,Violation,0.6310815330258125,ALLOW,1,Medium,0.3,3
17,0.6310815330258125,1.0,Compliant,0.70486522642065,ALLOW,0,Medium,0.3,3
18,0.70486522642065,1.0,Compliant,0.7638921811365199,ALLOW,0,Medium,0.3,3
19,0.7638921811365199,1.0,Compliant,0.811113744909216,ALLOW,0,Medium,0.3,3
20,0.811113744909216,0.0,Violation,0.6488909959273728,ALLOW,1,Medium,0.3,3
21,0.6488909959273728,1.0,Compliant,0.7191127967418982,ALLOW,0,Medium,0.3,3
22,0.7191127967418982,1.0,Compliant,0.7752902373935185,ALLOW,0,Medium,0.3,3
23,0.7752902373935185,0.0,Violation,0.6202321899148149,ALLOW,1,Medium,0.3,3
24,0.6202321899148149,1.0,Compliant,0.696185751931852,ALLOW,0,Medium,0.3,3
25,0.696185751931852,1.0,Compliant,0.7569486015454815,ALLOW,0,Medium,0.3,3
26,0.7569486015454815,1.0,Compliant,0.8055588812363852,ALLOW,0,Medium,0.3,3
27,0.8055588812363852,1.0,Compliant,0.8444471049891081,ALLOW,0,Medium,0.3,3
28,0.8444471049891081,0.0,Violation,0.6755576839912866,ALLOW,1,Medium,0.3,3
29,0.6755576839912866,1.0,Compliant,0.7404461471930293,ALLOW,0,Medium,0.3,3
30,0.7404461471930293,0.0,Violation,0.5923569177544235,HUMAN_REVIEW,1,Medium,0.3,3
31,0.5923569177544235,1.0,Compliant,0.6738855342035388,ALLOW,0,Medium,0.3,3
32,0.6738855342035388,1.0,Compliant,0.739108427362831,ALLOW,0,Medium,0.3,3
33,0.739108427362831,1.0,Compliant,0.7912867418902648,ALLOW,0,Medium,0.3,3
34,0.7912867418902648,1.0,Compliant,0.8330293935122118,ALLOW,0,Medium,0.3,3
35,0.8330293935122118,1.0,Compliant,0.8664235148097694,ALLOW,0,Medium,0.3,3
36,0.8664235148097694,0.0,Violation,0.6931388118478156,ALLOW,1,Medium,0.3,3
37,0.6931388118478156,1.0,Compliant,0.7545110494782524,ALLOW,0,Medium,0.3,3
38,0.7545110494782524,0.0,Violation,0.603608839582602,ALLOW,1,Medium,0.3,3
39,0.603608839582602,1.0,Compliant,0.6828870716660815,ALLOW,0,Medium,0.3,3
40,0.6828870716660815,1.0,Compliant,0.7463096573328653,ALLOW,0,Medium,0.3,3
41,0.7463096573328653,1.0,Compliant,0.7970477258662921,ALLOW,0,Medium,0.3,3
42,0.7970477258662921,1.0,Compliant,0.8376381806930338,ALLOW,0,Medium,0.3,3
43,0.8376381806930338,1.0,Compliant,0.870110544554427,ALLOW,0,Medium,0.3,3
44,0.870110544554427,1.0,Compliant,0.8960884356435417,ALLOW,0,Medium,0.3,3
45,0.8960884356435417,0.0,Violation,0.7168707485148333,ALLOW,1,Medium,0.3,3
46,0.7168707485148333,1.0,Compliant,0.7734965988118666,ALLOW,0,Medium,0.3,3
47,0.7734965988118666,1.0,Compliant,0.8187972790494933,ALLOW,0,Medium,0.3,3
48,0.8187972790494933,0.0,Violation,0.6550378232395947,ALLOW,1,Medium,0.3,3
49,0.6550378232395947,1.0,Compliant,0.7240302585916757,ALLOW,0,Medium,0.3,3
50,0.7240302585916757,1.0,Compliant,0.7792242068733405,ALLOW,0,Medium,0.3,3
51,0.7792242068733405,1.0,Compliant,0.8233793654986724,ALLOW,0,Medium,0.3,3
52,0.8233793654986724,0.0,Violation,0.658703492398938,ALLOW,1,Medium,0.3,3
53,0.658703492398938,0.0,Violation,0.5269627939191505,HUMAN_REVIEW,1,Medium,0.3,3
54,0.5269627939191505,1.0,Compliant,0.6215702351353203,ALLOW,0,Medium,0.3,3
55,0.6215702351353203,1.0,Compliant,0.6972561881082562,ALLOW,0,Medium,0.3,3
56,0.6972561881082562,0.0,Violation,0.557804950486605,HUMAN_REVIEW,1,Medium,0.3,3
57,0.557804950486605,1.0,Compliant,0.646243960389284,ALLOW,0,Medium,0.3,3
58,0.646243960389284,0.0,Violation,0.5169951683114272,HUMAN_REVIEW,1,Medium,0.3,3
59,0.5169951683114272,1.0,Compliant,0.6135961346491418,ALLOW,0,Medium,0.3,3
60,0.6135961346491418,1.0,Compliant,0.6908769077193133,ALLOW,0,Medium,0.3,3
61,0.6908769077193133,1.0,Compliant,0.7527015261754506,ALLOW,0,Medium,0.3,3
62,0.7527015261754506,1.0,Compliant,0.8021612209403605,ALLOW,0,Medium,0.3,3
63,0.8021612209403605,1.0,Compliant,0.8417289767522884,ALLOW,0,Medium,0.3,3
64,0.8417289767522884,1.0,Compliant,0.8733831814018307,ALLOW,0,Medium,0.3,3
65,0.8733831814018307,0.0,Violation,0.6987065451214646,ALLOW,1,Medium,0.3,3
66,0.6987065451214646,1.0,Compliant,0.7589652360971716,ALLOW,0,Medium,0.3,3
67,0.7589652360971716,1.0,Compliant,0.8071721888777372,ALLOW,0,Medium,0.3,3
68,0.8071721888777372,1.0,Compliant,0.8457377511021897,ALLOW,0,Medium,0.3,3
69,0.8457377511021897,0.0,Violation,0.6765902008817518,ALLOW,1,Medium,0.3,3
70,0.6765902008817518,1.0,Compliant,0.7412721607054015,ALLOW,0,Medium,0.3,3
71,0.7412721607054015,1.0,Compliant,0.7930177285643212,ALLOW,0,Medium,0.3,3
72,0.7930177285643212,1.0,Compliant,0.834414182851457,ALLOW,0,Medium,0.3,3
73,0.834414182851457,0.0,Violation,0.6675313462811656,ALLOW,1,Medium,0.3,3
74,0.6675313462811656,1.0,Compliant,0.7340250770249325,ALLOW,0,Medium,0.3,3
75,0.7340250770249325,1.0,Compliant,0.787220061619946,ALLOW,0,Medium,0.3,3
76,0.787220061619946,0.0,Violation,0.6297760492959568,ALLOW,1,Medium,0.3,3
77,0.6297760492959568,0.0,Violation,0.5038208394367655,HUMAN_REVIEW,1,Medium,0.3,3
78,0.5038208394367655,1.0,Compliant,0.6030566715494123,ALLOW,0,Medium,0.3,3
79,0.6030566715494123,1.0,Compliant,0.6824453372395298,ALLOW,0,Medium,0.3,3
80,0.6824453372395298,1.0,Compliant,0.7459562697916239,ALLOW,0,Medium,0.3,3
81,0.7459562697916239,1.0,Compliant,0.7967650158332991,ALLOW,0,Medium,0.3,3
82,0.7967650158332991,0.0,Violation,0.6374120126666393,ALLOW,1,Medium,0.3,3
83,0.6374120126666393,0.0,Violation,0.5099296101333114,HUMAN_REVIEW,1,Medium,0.3,3
84,0.5099296101333114,1.0,Compliant,0.6079436881066491,ALLOW,0,Medium,0.3,3
85,0.6079436881066491,0.0,Violation,0.4863549504853193,HUMAN_REVIEW,1,Medium,0.3,3
86,0.4863549504853193,1.0,Compliant,0.5890839603882554,HUMAN_REVIEW,0,Medium,0.3,3
87,0.5890839603882554,1.0,Compliant,0.6712671683106043,ALLOW,0,Medium,0.3,3
88,0.6712671683106043,1.0,Compliant,0.7370137346484834,ALLOW,0,Medium,0.3,3
89,0.7370137346484834,0.0,Violation,0.5896109877187867,HUMAN_REVIEW,1,Medium,0.3,3
90,0.5896109877187867,1.0,Compliant,0.6716887901750294,ALLOW,0,Medium,0.3,3
91,0.6716887901750294,1.0,Compliant,0.7373510321400235,ALLOW,0,Medium,0.3,3
92,0.7373510321400235,1.0,Compliant,0.7898808257120188,ALLOW,0,Medium,0.3,3
93,0.7898808257120188,1.0,Compliant,0.831904660569615,ALLOW,0,Medium,0.3,3
94,0.831904660569615,1.0,Compliant,0.865523728455692,ALLOW,0,Medium,0.3,3
95,0.865523728455692,1.0,Compliant,0.8924189827645537,ALLOW,0,Medium,0.3,3
96,0.8924189827645537,0.0,Violation,0.713935186211643,ALLOW,1,Medium,0.3,3
97,0.713935186211643,0.0,Violation,0.5711481489693144,HUMAN_REVIEW,1,Medium,0.3,3
98,0.5711481489693144,0.0,Violation,0.45691851917545157,HUMAN_REVIEW,1,Medium,0.3,3
99,0.45691851917545157,1.0,Compliant,0.5655348153403612,HUMAN_REVIEW,0,Medium,0.3,3
100,0.5655348153403612,1.0,Compliant,0.6524278522722889,ALLOW,0,Medium,0.3,3
1,0.8,0.0,Violation,0.6400000000000001,ALLOW,1,Medium,0.3,4
2,0.6400000000000001,0.0,Violation,0.5120000000000001,HUMAN_REVIEW,1,Medium,0.3,4
3,0.5120000000000001,0.0,Violation,0.40960000000000013,HUMAN_REVIEW,1,Medium,0.3,4
4,0.40960000000000013,1.0,Compliant,0.5276800000000001,HUMAN_REVIEW,0,Medium,0.3,4
5,0.5276800000000001,1.0,Compliant,0.622144,ALLOW,0,Medium,0.3,4
6,0.622144,1.0,Compliant,0.6977152,ALLOW,0,Medium,0.3,4
7,0.6977152,0.0,Violation,0.55817216,HUMAN_REVIEW,1,Medium,0.3,4
8,0.55817216,1.0,Compliant,0.646537728,ALLOW,0,Medium,0.3,4
9,0.646537728,0.0,Violation,0.5172301824,HUMAN_REVIEW,1,Medium,0.3,4
10,0.5172301824,1.0,Compliant,0.61378414592,ALLOW,0,Medium,0.3,4
11,0.61378414592,1.0,Compliant,0.6910273167359999,ALLOW,0,Medium,0.3,4
12,0.6910273167359999,0.0,Violation,0.5528218533888,HUMAN_REVIEW,1,Medium,0.3,4
13,0.5528218533888,0.0,Violation,0.44225748271104,HUMAN_REVIEW,1,Medium,0.3,4
14,0.44225748271104,1.0,Compliant,0.553805986168832,HUMAN_REVIEW,0,Medium,0.3,4
15,0.553805986168832,1.0,Compliant,0.6430447889350657,ALLOW,0,Medium,0.3,4
16,0.6430447889350657,1.0,Compliant,0.7144358311480525,ALLOW,0,Medium,0.3,4
17,0.7144358311480525,1.0,Compliant,0.771548664918442,ALLOW,0,Medium,0.3,4
18,0.771548664918442,1.0,Compliant,0.8172389319347536,ALLOW,0,Medium,0.3,4
19,0.8172389319347536,1.0,Compliant,0.8537911455478029,ALLOW,0,Medium,0.3,4
20,0.8537911455478029,1.0,Compliant,0.8830329164382423,ALLOW,0,Medium,0.3,4
21,0.8830329164382423,1.0,Compliant,0.9064263331505938,ALLOW,0,Medium,0.3,4
22,0.9064263331505938,1.0,Compliant,0.9251410665204751,ALLOW,0,Medium,0.3,4
23,0.9251410665204751,1.0,Compliant,0.94011285321638,ALLOW,0,Medium,0.3,4
24,0.94011285321638,0.0,Violation,0.7520902825731041,ALLOW,1,Medium,0.3,4
25,0.7520902825731041,0.0,Violation,0.6016722260584833,ALLOW,1,Medium,0.3,4
26,0.6016722260584833,1.0,Compliant,0.6813377808467866,ALLOW,0,Medium,0.3,4
27,0.6813377808467866,1.0,Compliant,0.7450702246774293,ALLOW,0,Medium,0.3,4
28,0.7450702246774293,1.0,Compliant,0.7960561797419434,ALLOW,0,Medium,0.3,4
29,0.7960561797419434,0.0,Violation,0.6368449437935548,ALLOW,1,Medium,0.3,4
30,0.6368449437935548,1.0,Compliant,0.7094759550348438,ALLOW,0,Medium,0.3,4
31,0.7094759550348438,0.0,Violation,0.567580764027875,HUMAN_REVIEW,1,Medium,0.3,4
32,0.567580764027875,1.0,Compliant,0.6540646112223001,ALLOW,0,Medium,0.3,4
33,0.6540646112223001,1.0,Compliant,0.7232516889778401,ALLOW,0,Medium,0.3,4
34,0.7232516889778401,1.0,Compliant,0.778601351182272,ALLOW,0,Medium,0.3,4
35,0.778601351182272,1.0,Compliant,0.8228810809458176,ALLOW,0,Medium,0.3,4
36,0.8228810809458176,1.0,Compliant,0.858304864756654,ALLOW,0,Medium,0.3,4
37,0.858304864756654,0.0,Violation,0.6866438918053233,ALLOW,1,Medium,0.3,4
38,0.6866438918053233,1.0,Compliant,0.7493151134442586,ALLOW,0,Medium,0.3,4
39,0.7493151134442586,1.0,Compliant,0.7994520907554069,ALLOW,0,Medium,0.3,4
40,0.7994520907554069,0.0,Violation,0.6395616726043256,ALLOW,1,Medium,0.3,4
41,0.6395616726043256,1.0,Compliant,0.7116493380834604,ALLOW,0,Medium,0.3,4
42,0.7116493380834604,1.0,Compliant,0.7693194704667683,ALLOW,0,Medium,0.3,4
43,0.7693194704667683,1.0,Compliant,0.8154555763734146,ALLOW,0,Medium,0.3,4
44,0.8154555763734146,1.0,Compliant,0.8523644610987317,ALLOW,0,Medium,0.3,4
45,0.8523644610987317,1.0,Compliant,0.8818915688789853,ALLOW,0,Medium,0.3,4
46,0.8818915688789853,1.0,Compliant,0.9055132551031883,ALLOW,0,Medium,0.3,4
47,0.9055132551031883,1.0,Compliant,0.9244106040825506,ALLOW,0,Medium,0.3,4
48,0.9244106040825506,1.0,Compliant,0.9395284832660404,ALLOW,0,Medium,0.3,4
49,0.9395284832660404,1.0,Compliant,0.9516227866128324,ALLOW,0,Medium,0.3,4
50,0.9516227866128324,1.0,Compliant,0.9612982292902659,ALLOW,0,Medium,0.3,4
51,0.9612982292902659,1.0,Compliant,0.9690385834322127,ALLOW,0,Medium,0.3,4
52,0.9690385834322127,1.0,Compliant,0.9752308667457702,ALLOW,0,Medium,0.3,4
53,0.9752308667457702,1.0,Compliant,0.9801846933966162,ALLOW,0,Medium,0.3,4
54,0.9801846933966162,1.0,Compliant,0.984147754717293,ALLOW,0,Medium,0.3,4
55,0.984147754717293,1.0,Compliant,0.9873182037738344,ALLOW,0,Medium,0.3,4
56,0.9873182037738344,1.0,Compliant,0.9898545630190675,ALLOW,0,Medium,0.3,4
57,0.9898545630190675,1.0,Compliant,0.991883650415254,ALLOW,0,Medium,0.3,4
58,0.991883650415254,1.0,Compliant,0.9935069203322031,ALLOW,0,Medium,0.3,4
59,0.9935069203322031,1.0,Compliant,0.9948055362657625,ALLOW,0,Medium,0.3,4
60,0.9948055362657625,0.0,Violation,0.7958444290126101,ALLOW,1,Medium,0.3,4
61,0.7958444290126101,0.0,Violation,0.6366755432100881,ALLOW,1,Medium,0.3,4
62,0.6366755432100881,1.0,Compliant,0.7093404345680705,ALLOW,0,Medium,0.3,4
63,0.7093404345680705,1.0,Compliant,0.7674723476544564,ALLOW,0,Medium,0.3,4
64,0.7674723476544564,1.0,Compliant,0.8139778781235651,ALLOW,0,Medium,0.3,4
65,0.8139778781235651,1.0,Compliant,0.8511823024988521,ALLOW,0,Medium,0.3,4
66,0.8511823024988521,1.0,Compliant,0.8809458419990817,ALLOW,0,Medium,0.3,4
67,0.8809458419990817,0.0,Violation,0.7047566735992654,ALLOW,1,Medium,0.3,4
68,0.7047566735992654,1.0,Compliant,0.7638053388794123,ALLOW,0,Medium,0.3,4
69,0.7638053388794123,1.0,Compliant,0.8110442711035298,ALLOW,0,Medium,0.3,4
70,0.8110442711035298,1.0,Compliant,0.8488354168828238,ALLOW,0,Medium,0.3,4
71,0.8488354168828238,1.0,Compliant,0.879068333506259,ALLOW,0,Medium,0.3,4
72,0.879068333506259,1.0,Compliant,0.9032546668050072,ALLOW,0,Medium,0.3,4
73,0.9032546668050072,0.0,Violation,0.7226037334440059,ALLOW,1,Medium,0.3,4
74,0.7226037334440059,1.0,Compliant,0.7780829867552047,ALLOW,0,Medium,0.3,4
75,0.7780829867552047,1.0,Compliant,0.8224663894041637,ALLOW,0,Medium,0.3,4
76,0.8224663894041637,1.0,Compliant,0.857973111523331,ALLOW,0,Medium,0.3,4
77,0.857973111523331,1.0,Compliant,0.8863784892186648,ALLOW,0,Medium,0.3,4
78,0.8863784892186648,1.0,Compliant,0.9091027913749319,ALLOW,0,Medium,0.3,4
79,0.9091027913749319,0.0,Violation,0.7272822330999456,ALLOW,1,Medium,0.3,4
80,0.7272822330999456,0.0,Violation,0.5818257864799564,HUMAN_REVIEW,1,Medium,0.3,4
81,0.5818257864799564,0.0,Violation,0.46546062918396514,HUMAN_REVIEW,1,Medium,0.3,4
82,0.46546062918396514,1.0,Compliant,0.5723685033471722,HUMAN_REVIEW,0,Medium,0.3,4
83,0.5723685033471722,1.0,Compliant,0.6578948026777377,ALLOW,0,Medium,0.3,4
84,0.6578948026777377,1.0,Compliant,0.7263158421421901,ALLOW,0,Medium,0.3,4
85,0.7263158421421901,0.0,Violation,0.5810526737137521,HUMAN_REVIEW,1,Medium,0.3,4
86,0.5810526737137521,1.0,Compliant,0.6648421389710018,ALLOW,0,Medium,0.3,4
87,0.6648421389710018,1.0,Compliant,0.7318737111768013,ALLOW,0,Medium,0.3,4
88,0.7318737111768013,0.0,Violation,0.585498968941441,HUMAN_REVIEW,1,Medium,0.3,4
89,0.585498968941441,1.0,Compliant,0.6683991751531528,ALLOW,0,Medium,0.3,4
90,0.6683991751531528,0.0,Violation,0.5347193401225223,HUMAN_REVIEW,1,Medium,0.3,4
91,0.5347193401225223,1.0,Compliant,0.6277754720980178,ALLOW,0,Medium,0.3,4
92,0.6277754720980178,1.0,Compliant,0.7022203776784142,ALLOW,0,Medium,0.3,4
93,0.7022203776784142,0.0,Violation,0.5617763021427313,HUMAN_REVIEW,1,Medium,0.3,4
94,0.5617763021427313,1.0,Compliant,0.649421041714185,ALLOW,0,Medium,0.3,4
95,0.649421041714185,0.0,Violation,0.519536833371348,HUMAN_REVIEW,1,Medium,0.3,4
96,0.519536833371348,1.0,Compliant,0.6156294666970784,ALLOW,0,Medium,0.3,4
97,0.6156294666970784,1.0,Compliant,0.6925035733576628,ALLOW,0,Medium,0.3,4
98,0.6925035733576628,1.0,Compliant,0.7540028586861302,ALLOW,0,Medium,0.3,4
99,0.7540028586861302,1.0,Compliant,0.8032022869489042,ALLOW,0,Medium,0.3,4
100,0.8032022869489042,1.0,Compliant,0.8425618295591233,ALLOW,0,Medium,0.3,4
1,0.8,0.0,Violation,0.6400000000000001,ALLOW,1,Medium,0.3,5
2,0.6400000000000001,1.0,Compliant,0.7120000000000001,ALLOW,0,Medium,0.3,5
3,0.7120000000000001,0.0,Violation,0.5696000000000001,HUMAN_REVIEW,1,Medium,0.3,5
4,0.5696000000000001,1.0,Compliant,0.65568,ALLOW,0,Medium,0.3,5
5,0.65568,1.0,Compliant,0.724544,ALLOW,0,Medium,0.3,5
6,0.724544,1.0,Compliant,0.7796352,ALLOW,0,Medium,0.3,5
7,0.7796352,0.0,Violation,0.6237081600000001,ALLOW,1,Medium,0.3,5
8,0.6237081600000001,1.0,Compliant,0.698966528,ALLOW,0,Medium,0.3,5
9,0.698966528,1.0,Compliant,0.7591732224,ALLOW,0,Medium,0.3,5
10,0.7591732224,1.0,Compliant,0.80733857792,ALLOW,0,Medium,0.3,5
11,0.80733857792,1.0,Compliant,0.845870862336,ALLOW,0,Medium,0.3,5
12,0.845870862336,0.0,Violation,0.6766966898688,ALLOW,1,Medium,0.3,5
13,0.6766966898688,1.0,Compliant,0.74135735189504,ALLOW,0,Medium,0.3,5
14,0.74135735189504,1.0,Compliant,0.793085881516032,ALLOW,0,Medium,0.3,5
15,0.793085881516032,1.0,Compliant,0.8344687052128256,ALLOW,0,Medium,0.3,5
16,0.8344687052128256,1.0,Compliant,0.8675749641702605,ALLOW,0,Medium,0.3,5
17,0.8675749641702605,1.0,Compliant,0.8940599713362084,ALLOW,0,Medium,0.3,5
18,0.8940599713362084,0.0,Violation,0.7152479770689668,ALLOW,1,Medium,0.3,5
19,0.7152479770689668,1.0,Compliant,0.7721983816551734,ALLOW,0,Medium,0.3,5
20,0.7721983816551734,1.0,Compliant,0.8177587053241387,ALLOW,0,Medium,0.3,5
21,0.8177587053241387,1.0,Compliant,0.854206964259311,ALLOW,0,Medium,0.3,5
22,0.854206964259311,0.0,Violation,0.6833655714074488,ALLOW,1,Medium,0.3,5
23,0.6833655714074488,1.0,Compliant,0.746692457125959,ALLOW,0,Medium,0.3,5
24,0.746692457125959,1.0,Compliant,0.7973539657007672,ALLOW,0,Medium,0.3,5
25,0.7973539657007672,0.0,Violation,0.6378831725606138,ALLOW,1,Medium,0.3,5
26,0.6378831725606138,1.0,Compliant,0.710306538048491,ALLOW,0,Medium,0.3,5
27,0.710306538048491,1.0,Compliant,0.7682452304387928,ALLOW,0,Medium,0.3,5
28,0.7682452304387928,1.0,Compliant,0.8145961843510342,ALLOW,0,Medium,0.3,5
29,0.8145961843510342,1.0,Compliant,0.8516769474808273,ALLOW,0,Medium,0.3,5
30,0.8516769474808273,0.0,Violation,0.6813415579846619,ALLOW,1,Medium,0.3,5
31,0.6813415579846619,1.0,Compliant,0.7450732463877295,ALLOW,0,Medium,0.3,5
32,0.7450732463877295,1.0,Compliant,0.7960585971101836,ALLOW,0,Medium,0.3,5
33,0.7960585971101836,1.0,Compliant,0.8368468776881468,ALLOW,0,Medium,0.3,5
34,0.8368468776881468,1.0,Compliant,0.8694775021505174,ALLOW,0,Medium,0.3,5
35,0.8694775021505174,1.0,Compliant,0.8955820017204139,ALLOW,0,Medium,0.3,5
36,0.8955820017204139,1.0,Compliant,0.9164656013763312,ALLOW,0,Medium,0.3,5
37,0.9164656013763312,0.0,Violation,0.7331724811010649,ALLOW,1,Medium,0.3,5
38,0.7331724811010649,1.0,Compliant,0.7865379848808519,ALLOW,0,Medium,0.3,5
39,0.7865379848808519,1.0,Compliant,0.8292303879046815,ALLOW,0,Medium,0.3,5
40,0.8292303879046815,1.0,Compliant,0.8633843103237452,ALLOW,0,Medium,0.3,5
41,0.8633843103237452,0.0,Violation,0.6907074482589962,ALLOW,1,Medium,0.3,5
42,0.6907074482589962,0.0,Violation,0.552565958607197,HUMAN_REVIEW,1,Medium,0.3,5
43,0.552565958607197,1.0,Compliant,0.6420527668857576,ALLOW,0,Medium,0.3,5
44,0.6420527668857576,1.0,Compliant,0.7136422135086061,ALLOW,0,Medium,0.3,5
45,0.7136422135086061,1.0,Compliant,0.7709137708068848,ALLOW,0,Medium,0.3,5
46,0.7709137708068848,1.0,Compliant,0.8167310166455078,ALLOW,0,Medium,0.3,5
47,0.8167310166455078,0.0,Violation,0.6533848133164063,ALLOW,1,Medium,0.3,5
48,0.6533848133164063,0.0,Violation,0.5227078506531251,HUMAN_REVIEW,1,Medium,0.3,5
49,0.5227078506531251,0.0,Violation,0.4181662805225001,HUMAN_REVIEW,1,Medium,0.3,5
50,0.4181662805225001,1.0,Compliant,0.534533024418,HUMAN_REVIEW,0,Medium,0.3,5
51,0.534533024418,1.0,Compliant,0.6276264195343999,ALLOW,0,Medium,0.3,5
52,0.6276264195343999,0.0,Violation,0.5021011356275199,HUMAN_REVIEW,1,Medium,0.3,5
53,0.5021011356275199,1.0,Compliant,0.6016809085020158,ALLOW,0,Medium,0.3,5
54,0.6016809085020158,0.0,Violation,0.48134472680161267,HUMAN_REVIEW,1,Medium,0.3,5
55,0.48134472680161267,0.0,Violation,0.3850757814412902,HUMAN_REVIEW,1,Medium,0.3,5
56,0.3850757814412902,1.0,Compliant,0.5080606251530322,HUMAN_REVIEW,0,Medium,0.3,5
57,0.5080606251530322,1.0,Compliant,0.6064485001224258,ALLOW,0,Medium,0.3,5
58,0.6064485001224258,1.0,Compliant,0.6851588000979406,ALLOW,0,Medium,0.3,5
59,0.6851588000979406,0.0,Violation,0.5481270400783526,HUMAN_REVIEW,1,Medium,0.3,5
60,0.5481270400783526,1.0,Compliant,0.638501632062682,ALLOW,0,Medium,0.3,5
61,0.638501632062682,1.0,Compliant,0.7108013056501455,ALLOW,0,Medium,0.3,5
62,0.7108013056501455,1.0,Compliant,0.7686410445201164,ALLOW,0,Medium,0.3,5
63,0.7686410445201164,0.0,Violation,0.6149128356160931,ALLOW,1,Medium,0.3,5
64,0.6149128356160931,0.0,Violation,0.4919302684928745,HUMAN_REVIEW,1,Medium,0.3,5
65,0.4919302684928745,1.0,Compliant,0.5935442147942995,HUMAN_REVIEW,0,Medium,0.3,5
66,0.5935442147942995,1.0,Compliant,0.6748353718354396,ALLOW,0,Medium,0.3,5
67,0.6748353718354396,1.0,Compliant,0.7398682974683517,ALLOW,0,Medium,0.3,5
68,0.7398682974683517,1.0,Compliant,0.7918946379746813,ALLOW,0,Medium,0.3,5
69,0.7918946379746813,0.0,Violation,0.6335157103797451,ALLOW,1,Medium,0.3,5
70,0.6335157103797451,1.0,Compliant,0.706812568303796,ALLOW,0,Medium,0.3,5
71,0.706812568303796,1.0,Compliant,0.7654500546430368,ALLOW,0,Medium,0.3,5
72,0.7654500546430368,1.0,Compliant,0.8123600437144295,ALLOW,0,Medium,0.3,5
73,0.8123600437144295,1.0,Compliant,0.8498880349715436,ALLOW,0,Medium,0.3,5
74,0.8498880349715436,0.0,Violation,0.679910427977235,ALLOW,1,Medium,0.3,5
75,0.679910427977235,1.0,Compliant,0.743928342381788,ALLOW,0,Medium,0.3,5
76,0.743928342381788,1.0,Compliant,0.7951426739054304,ALLOW,0,Medium,0.3,5
77,0.7951426739054304,0.0,Violation,0.6361141391243443,ALLOW,1,Medium,0.3,5
78,0.6361141391243443,0.0,Violation,0.5088913112994755,HUMAN_REVIEW,1,Medium,0.3,5
79,0.5088913112994755,0.0,Violation,0.40711304903958045,HUMAN_REVIEW,1,Medium,0.3,5
80,0.40711304903958045,1.0,Compliant,0.5256904392316644,HUMAN_REVIEW,0,Medium,0.3,5
81,0.5256904392316644,1.0,Compliant,0.6205523513853315,ALLOW,0,Medium,0.3,5
82,0.6205523513853315,0.0,Violation,0.4964418811082652,HUMAN_REVIEW,1,Medium,0.3,5
83,0.4964418811082652,1.0,Compliant,0.5971535048866121,HUMAN_REVIEW,0,Medium,0.3,5
84,0.5971535048866121,1.0,Compliant,0.6777228039092897,ALLOW,0,Medium,0.3,5
85,0.6777228039092897,0.0,Violation,0.5421782431274318,HUMAN_REVIEW,1,Medium,0.3,5
86,0.5421782431274318,0.0,Violation,0.43374259450194547,HUMAN_REVIEW,1,Medium,0.3,5
87,0.43374259450194547,1.0,Compliant,0.5469940756015563,HUMAN_REVIEW,0,Medium,0.3,5
88,0.5469940756015563,1.0,Compliant,0.637595260481245,ALLOW,0,Medium,0.3,5
89,0.637595260481245,1.0,Compliant,0.710076208384996,ALLOW,0,Medium,0.3,5
90,0.710076208384996,0.0,Violation,0.5680609667079968,HUMAN_REVIEW,1,Medium,0.3,5
91,0.5680609667079968,1.0,Compliant,0.6544487733663974,ALLOW,0,Medium,0.3,5
92,0.6544487733663974,1.0,Compliant,0.7235590186931179,ALLOW,0,Medium,0.3,5
93,0.7235590186931179,1.0,Compliant,0.7788472149544943,ALLOW,0,Medium,0.3,5
94,0.7788472149544943,1.0,Compliant,0.8230777719635954,ALLOW,0,Medium,0.3,5
95,0.8230777719635954,0.0,Violation,0.6584622175708764,ALLOW,1,Medium,0.3,5
96,0.6584622175708764,1.0,Compliant,0.7267697740567011,ALLOW,0,Medium,0.3,5
97,0.7267697740567011,0.0,Violation,0.5814158192453609,HUMAN_REVIEW,1,Medium,0.3,5
98,0.5814158192453609,0.0,Violation,0.46513265539628873,HUMAN_REVIEW,1,Medium,0.3,5
99,0.46513265539628873,1.0,Compliant,0.5721061243170309,HUMAN_REVIEW,0,Medium,0.3,5
100,0.5721061243170309,1.0,Compliant,0.6576848994536246,ALLOW,0,Medium,0.3,5
1,0.8,1.0,Compliant,0.8400000000000001,ALLOW,0,Medium,0.3,6
2,0.8400000000000001,1.0,Compliant,0.8720000000000001,ALLOW,0,Medium,0.3,6
3,0.8720000000000001,0.0,Violation,0.6976000000000001,ALLOW,1,Medium,0.3,6
4,0.6976000000000001,0.0,Violation,0.5580800000000001,HUMAN_REVIEW,1,Medium,0.3,6
5,0.5580800000000001,1.0,Compliant,0.6464640000000001,ALLOW,0,Medium,0.3,6
6,0.6464640000000001,1.0,Compliant,0.7171712000000001,ALLOW,0,Medium,0.3,6
7,0.7171712000000001,1.0,Compliant,0.77373696,ALLOW,0,Medium,0.3,6
8,0.77373696,1.0,Compliant,0.818989568,ALLOW,0,Medium,0.3,6
9,0.818989568,1.0,Compliant,0.8551916544,ALLOW,0,Medium,0.3,6
10,0.8551916544,1.0,Compliant,0.88415332352,ALLOW,0,Medium,0.3,6
11,0.88415332352,1.0,Compliant,0.9073226588159999,ALLOW,0,Medium,0.3,6
12,0.9073226588159999,1.0,Compliant,0.9258581270527999,ALLOW,0,Medium,0.3,6
13,0.9258581270527999,0.0,Violation,0.7406865016422399,ALLOW,1,Medium,0.3,6
14,0.7406865016422399,1.0,Compliant,0.7925492013137919,ALLOW,0,Medium,0.3,6
15,0.7925492013137919,1.0,Compliant,0.8340393610510335,ALLOW,0,Medium,0.3,6
16,0.8340393610510335,0.0,Violation,0.6672314888408268,ALLOW,1,Medium,0.3,6
17,0.6672314888408268,1.0,Compliant,0.7337851910726615,ALLOW,0,Medium,0.3,6
18,0.7337851910726615,1.0,Compliant,0.7870281528581292,ALLOW,0,Medium,0.3,6
19,0.7870281528581292,1.0,Compliant,0.8296225222865033,ALLOW,0,Medium,0.3,6
20,0.8296225222865033,1.0,Compliant,0.8636980178292026,ALLOW,0,Medium,0.3,6
21,0.8636980178292026,0.0,Violation,0.6909584142633621,ALLOW,1,Medium,0.3,6
22,0.6909584142633621,1.0,Compliant,0.7527667314106897,ALLOW,0,Medium,0.3,6
23,0.7527667314106897,1.0,Compliant,0.8022133851285518,ALLOW,0,Medium,0.3,6
24,0.8022133851285518,1.0,Compliant,0.8417707081028414,ALLOW,0,Medium,0.3,6
25,0.8417707081028414,1.0,Compliant,0.8734165664822731,ALLOW,0,Medium,0.3,6
26,0.8734165664822731,0.0,Violation,0.6987332531858185,ALLOW,1,Medium,0.3,6
27,0.6987332531858185,0.0,Violation,0.5589866025486548,HUMAN_REVIEW,1,Medium,0.3,6
28,0.5589866025486548,0.0,Violation,0.4471892820389239,HUMAN_REVIEW,1,Medium,0.3,6
29,0.4471892820389239,0.0,Violation,0.35775142563113915,HUMAN_REVIEW,1,Medium,0.3,6
30,0.35775142563113915,1.0,Compliant,0.4862011405049113,HUMAN_REVIEW,0,Medium,0.3,6
31,0.4862011405049113,0.0,Violation,0.38896091240392905,HUMAN_REVIEW,1,Medium,0.3,6
32,0.38896091240392905,1.0,Compliant,0.5111687299231432,HUMAN_REVIEW,0,Medium,0.3,6
33,0.5111687299231432,1.0,Compliant,0.6089349839385145,ALLOW,0,Medium,0.3,6
34,0.6089349839385145,1.0,Compliant,0.6871479871508116,ALLOW,0,Medium,0.3,6
35,0.6871479871508116,0.0,Violation,0.5497183897206493,HUMAN_REVIEW,1,Medium,0.3,6
36,0.5497183897206493,1.0,Compliant,0.6397747117765195,ALLOW,0,Medium,0.3,6
37,0.6397747117765195,1.0,Compliant,0.7118197694212155,ALLOW,0,Medium,0.3,6
38,0.7118197694212155,0.0,Violation,0.5694558155369724,HUMAN_REVIEW,1,Medium,0.3,6
39,0.5694558155369724,0.0,Violation,0.455564652429578,HUMAN_REVIEW,1,Medium,0.3,6
40,0.455564652429578,0.0,Violation,0.36445172194366243,HUMAN_REVIEW,1,Medium,0.3,6
41,0.36445172194366243,1.0,Compliant,0.4915613775549299,HUMAN_REVIEW,0,Medium,0.3,6
42,0.4915613775549299,0.0,Violation,0.3932491020439439,HUMAN_REVIEW,1,Medium,0.3,6
43,0.3932491020439439,1.0,Compliant,0.5145992816351551,HUMAN_REVIEW,0,Medium,0.3,6
44,0.5145992816351551,1.0,Compliant,0.6116794253081241,ALLOW,0,Medium,0.3,6
45,0.6116794253081241,1.0,Compliant,0.6893435402464994,ALLOW,0,Medium,0.3,6
46,0.6893435402464994,0.0,Violation,0.5514748321971995,HUMAN_REVIEW,1,Medium,0.3,6
47,0.5514748321971995,1.0,Compliant,0.6411798657577596,ALLOW,0,Medium,0.3,6
48,0.6411798657577596,1.0,Compliant,0.7129438926062077,ALLOW,0,Medium,0.3,6
49,0.7129438926062077,1.0,Compliant,0.7703551140849662,ALLOW,0,Medium,0.3,6
50,0.7703551140849662,1.0,Compliant,0.816284091267973,ALLOW,0,Medium,0.3,6
51,0.816284091267973,1.0,Compliant,0.8530272730143784,ALLOW,0,Medium,0.3,6
52,0.8530272730143784,0.0,Violation,0.6824218184115027,ALLOW,1,Medium,0.3,6
53,0.6824218184115027,1.0,Compliant,0.7459374547292021,ALLOW,0,Medium,0.3,6
54,0.7459374547292021,0.0,Violation,0.5967499637833618,HUMAN_REVIEW,1,Medium,0.3,6
55,0.5967499637833618,1.0,Compliant,0.6773999710266894,ALLOW,0,Medium,0.3,6
56,0.6773999710266894,1.0,Compliant,0.7419199768213515,ALLOW,0,Medium,0.3,6
57,0.7419199768213515,1.0,Compliant,0.7935359814570812,ALLOW,0,Medium,0.3,6
58,0.7935359814570812,1.0,Compliant,0.8348287851656649,ALLOW,0,Medium,0.3,6
59,0.8348287851656649,0.0,Violation,0.667863028132532,ALLOW,1,Medium,0.3,6
60,0.667863028132532,0.0,Violation,0.5342904225060255,HUMAN_REVIEW,1,Medium,0.3,6
61,0.5342904225060255,1.0,Compliant,0.6274323380048203,ALLOW,0,Medium,0.3,6
62,0.6274323380048203,1.0,Compliant,0.7019458704038563,ALLOW,0,Medium,0.3,6
63,0.7019458704038563,1.0,Compliant,0.761556696323085,ALLOW,0,Medium,0.3,6
64,0.761556696323085,0.0,Violation,0.609245357058468,ALLOW,1,Medium,0.3,6
65,0.609245357058468,0.0,Violation,0.48739628564677445,HUMAN_REVIEW,1,Medium,0.3,6
66,0.48739628564677445,1.0,Compliant,0.5899170285174196,HUMAN_REVIEW,0,Medium,0.3,6
67,0.5899170285174196,1.0,Compliant,0.6719336228139356,ALLOW,0,Medium,0.3,6
68,0.6719336228139356,0.0,Violation,0.5375468982511485,HUMAN_REVIEW,1,Medium,0.3,6
69,0.5375468982511485,0.0,Violation,0.4300375186009189,HUMAN_REVIEW,1,Medium,0.3,6
70,0.4300375186009189,1.0,Compliant,0.5440300148807351,HUMAN_REVIEW,0,Medium,0.3,6
71,0.5440300148807351,0.0,Violation,0.4352240119045881,HUMAN_REVIEW,1,Medium,0.3,6
72,0.4352240119045881,1.0,Compliant,0.5481792095236704,HUMAN_REVIEW,0,Medium,0.3,6
73,0.5481792095236704,0.0,Violation,0.4385433676189363,HUMAN_REVIEW,1,Medium,0.3,6
74,0.4385433676189363,1.0,Compliant,0.550834694095149,HUMAN_REVIEW,0,Medium,0.3,6
75,0.550834694095149,1.0,Compliant,0.6406677552761191,ALLOW,0,Medium,0.3,6
76,0.6406677552761191,1.0,Compliant,0.7125342042208952,ALLOW,0,Medium,0.3,6
77,0.7125342042208952,0.0,Violation,0.5700273633767162,HUMAN_REVIEW,1,Medium,0.3,6
78,0.5700273633767162,1.0,Compliant,0.656021890701373,ALLOW,0,Medium,0.3,6
79,0.656021890701373,0.0,Violation,0.5248175125610984,HUMAN_REVIEW,1,Medium,0.3,6
80,0.5248175125610984,1.0,Compliant,0.6198540100488787,ALLOW,0,Medium,0.3,6
81,0.6198540100488787,1.0,Compliant,0.695883208039103,ALLOW,0,Medium,0.3,6
82,0.695883208039103,0.0,Violation,0.5567065664312824,HUMAN_REVIEW,1,Medium,0.3,6
83,0.5567065664312824,1.0,Compliant,0.6453652531450258,ALLOW,0,Medium,0.3,6
84,0.6453652531450258,1.0,Compliant,0.7162922025160207,ALLOW,0,Medium,0.3,6
85,0.7162922025160207,1.0,Compliant,0.7730337620128165,ALLOW,0,Medium,0.3,6
86,0.7730337620128165,0.0,Violation,0.6184270096102532,ALLOW,1,Medium,0.3,6
87,0.6184270096102532,1.0,Compliant,0.6947416076882025,ALLOW,0,Medium,0.3,6
88,0.6947416076882025,1.0,Compliant,0.755793286150562,ALLOW,0,Medium,0.3,6
89,0.755793286150562,1.0,Compliant,0.8046346289204496,ALLOW,0,Medium,0.3,6
90,0.8046346289204496,1.0,Compliant,0.8437077031363597,ALLOW,0,Medium,0.3,6
91,0.8437077031363597,1.0,Compliant,0.8749661625090878,ALLOW,0,Medium,0.3,6
92,0.8749661625090878,1.0,Compliant,0.8999729300072702,ALLOW,0,Medium,0.3,6
93,0.8999729300072702,1.0,Compliant,0.9199783440058161,ALLOW,0,Medium,0.3,6
94,0.9199783440058161,0.0,Violation,0.735982675204653,ALLOW,1,Medium,0.3,6
95,0.735982675204653,0.0,Violation,0.5887861401637224,HUMAN_REVIEW,1,Medium,0.3,6
96,0.5887861401637224,1.0,Compliant,0.6710289121309779,ALLOW,0,Medium,0.3,6
97,0.6710289121309779,1.0,Compliant,0.7368231297047824,ALLOW,0,Medium,0.3,6
98,0.7368231297047824,0.0,Violation,0.5894585037638259,HUMAN_REVIEW,1,Medium,0.3,6
99,0.5894585037638259,1.0,Compliant,0.6715668030110606,ALLOW,0,Medium,0.3,6
100,0.6715668030110606,0.0,Violation,0.5372534424088485,HUMAN_REVIEW,1,Medium,0.3,6
1,0.8,0.0,Violation,0.6400000000000001,ALLOW,1,Medium,0.3,7
2,0.6400000000000001,1.0,Compliant,0.7120000000000001,ALLOW,0,Medium,0.3,7
3,0.7120000000000001,1.0,Compliant,0.7696000000000001,ALLOW,0,Medium,0.3,7
4,0.7696000000000001,0.0,Violation,0.6156800000000001,ALLOW,1,Medium,0.3,7
5,0.6156800000000001,1.0,Compliant,0.692544,ALLOW,0,Medium,0.3,7
6,0.692544,1.0,Compliant,0.7540352,ALLOW,0,Medium,0.3,7
7,0.7540352,1.0,Compliant,0.80322816,ALLOW,0,Medium,0.3,7
8,0.80322816,0.0,Violation,0.642582528,ALLOW,1,Medium,0.3,7
9,0.642582528,1.0,Compliant,0.7140660224000001,ALLOW,0,Medium,0.3,7
10,0.7140660224000001,0.0,Violation,0.57125281792,HUMAN_REVIEW,1,Medium,0.3,7
11,0.57125281792,1.0,Compliant,0.657002254336,ALLOW,0,Medium,0.3,7
12,0.657002254336,1.0,Compliant,0.7256018034688,ALLOW,0,Medium,0.3,7
13,0.7256018034688,1.0,Compliant,0.78048144277504,ALLOW,0,Medium,0.3,7
14,0.78048144277504,1.0,Compliant,0.824385154220032,ALLOW,0,Medium,0.3,7
15,0.824385154220032,1.0,Compliant,0.8595081233760256,ALLOW,0,Medium,0.3,7
16,0.8595081233760256,1.0,Compliant,0.8876064987008204,ALLOW,0,Medium,0.3,7
17,0.8876064987008204,1.0,Compliant,0.9100851989606563,ALLOW,0,Medium,0.3,7
18,0.9100851989606563,0.0,Violation,0.7280681591685251,ALLOW,1,Medium,0.3,7
19,0.7280681591685251,1.0,Compliant,0.78245452733482,ALLOW,0,Medium,0.3,7
20,0.78245452733482,1.0,Compliant,0.825963621867856,ALLOW,0,Medium,0.3,7
21,0.825963621867856,1.0,Compliant,0.8607708974942848,ALLOW,0,Medium,0.3,7
22,0.8607708974942848,1.0,Compliant,0.8886167179954279,ALLOW,0,Medium,0.3,7
23,0.8886167179954279,1.0,Compliant,0.9108933743963423,ALLOW,0,Medium,0.3,7
24,0.9108933743963423,1.0,Compliant,0.9287146995170739,ALLOW,0,Medium,0.3,7
25,0.9287146995170739,1.0,Compliant,0.9429717596136591,ALLOW,0,Medium,0.3,7
26,0.9429717596136591,1.0,Compliant,0.9543774076909273,ALLOW,0,Medium,0.3,7
27,0.9543774076909273,1.0,Compliant,0.9635019261527418,ALLOW,0,Medium,0.3,7
28,0.9635019261527418,0.0,Violation,0.7708015409221934,ALLOW,1,Medium,0.3,7
29,0.7708015409221934,0.0,Violation,0.6166412327377548,ALLOW,1,Medium,0.3,7
30,0.6166412327377548,1.0,Compliant,0.6933129861902039,ALLOW,0,Medium,0.3,7
31,0.6933129861902039,0.0,Violation,0.5546503889521631,HUMAN_REVIEW,1,Medium,0.3,7
32,0.5546503889521631,1.0,Compliant,0.6437203111617305,ALLOW,0,Medium,0.3,7
33,0.6437203111617305,0.0,Violation,0.5149762489293844,HUMAN_REVIEW,1,Medium,0.3,7
34,0.5149762489293844,1.0,Compliant,0.6119809991435075,ALLOW,0,Medium,0.3,7
35,0.6119809991435075,1.0,Compliant,0.6895847993148059,ALLOW,0,Medium,0.3,7
36,0.6895847993148059,1.0,Compliant,0.7516678394518447,ALLOW,0,Medium,0.3,7
37,0.7516678394518447,1.0,Compliant,0.8013342715614757,ALLOW,0,Medium,0.3,7
38,0.8013342715614757,1.0,Compliant,0.8410674172491805,ALLOW,0,Medium,0.3,7
39,0.8410674172491805,1.0,Compliant,0.8728539337993444,ALLOW,0,Medium,0.3,7
40,0.8728539337993444,1.0,Compliant,0.8982831470394755,ALLOW,0,Medium,0.3,7
41,0.8982831470394755,1.0,Compliant,0.9186265176315804,ALLOW,0,Medium,0.3,7
42,0.9186265176315804,0.0,Violation,0.7349012141052644,ALLOW,1,Medium,0.3,7
43,0.7349012141052644,1.0,Compliant,0.7879209712842116,ALLOW,0,Medium,0.3,7
44,0.7879209712842116,1.0,Compliant,0.8303367770273693,ALLOW,0,Medium,0.3,7
45,0.8303367770273693,0.0,Violation,0.6642694216218955,ALLOW,1,Medium,0.3,7
46,0.6642694216218955,1.0,Compliant,0.7314155372975164,ALLOW,0,Medium,0.3,7
47,0.7314155372975164,1.0,Compliant,0.7851324298380131,ALLOW,0,Medium,0.3,7
48,0.7851324298380131,1.0,Compliant,0.8281059438704105,ALLOW,0,Medium,0.3,7
49,0.8281059438704105,1.0,Compliant,0.8624847550963284,ALLOW,0,Medium,0.3,7
50,0.8624847550963284,1.0,Compliant,0.8899878040770627,ALLOW,0,Medium,0.3,7
51,0.8899878040770627,0.0,Violation,0.7119902432616502,ALLOW,1,Medium,0.3,7
52,0.7119902432616502,1.0,Compliant,0.7695921946093202,ALLOW,0,Medium,0.3,7
53,0.7695921946093202,1.0,Compliant,0.8156737556874561,ALLOW,0,Medium,0.3,7
54,0.8156737556874561,0.0,Violation,0.6525390045499649,ALLOW,1,Medium,0.3,7
55,0.6525390045499649,0.0,Violation,0.522031203639972,HUMAN_REVIEW,1,Medium,0.3,7
56,0.522031203639972,1.0,Compliant,0.6176249629119777,ALLOW,0,Medium,0.3,7
57,0.6176249629119777,1.0,Compliant,0.694099970329582,ALLOW,0,Medium,0.3,7
58,0.694099970329582,1.0,Compliant,0.7552799762636656,ALLOW,0,Medium,0.3,7
59,0.7552799762636656,0.0,Violation,0.6042239810109326,ALLOW,1,Medium,0.3,7
60,0.6042239810109326,0.0,Violation,0.4833791848087461,HUMAN_REVIEW,1,Medium,0.3,7
61,0.4833791848087461,0.0,Violation,0.3867033478469969,HUMAN_REVIEW,1,Medium,0.3,7
62,0.3867033478469969,1.0,Compliant,0.5093626782775975,HUMAN_REVIEW,0,Medium,0.3,7
63,0.5093626782775975,1.0,Compliant,0.607490142622078,ALLOW,0,Medium,0.3,7
64,0.607490142622078,1.0,Compliant,0.6859921140976624,ALLOW,0,Medium,0.3,7
65,0.6859921140976624,1.0,Compliant,0.7487936912781299,ALLOW,0,Medium,0.3,7
66,0.7487936912781299,1.0,Compliant,0.7990349530225039,ALLOW,0,Medium,0.3,7
67,0.7990349530225039,1.0,Compliant,0.8392279624180031,ALLOW,0,Medium,0.3,7
68,0.8392279624180031,1.0,Compliant,0.8713823699344025,ALLOW,0,Medium,0.3,7
69,0.8713823699344025,1.0,Compliant,0.897105895947522,ALLOW,0,Medium,0.3,7
70,0.897105895947522,1.0,Compliant,0.9176847167580175,ALLOW,0,Medium,0.3,7
71,0.9176847167580175,0.0,Violation,0.7341477734064141,ALLOW,1,Medium,0.3,7
72,0.7341477734064141,1.0,Compliant,0.7873182187251313,ALLOW,0,Medium,0.3,7
73,0.7873182187251313,1.0,Compliant,0.8298545749801051,ALLOW,0,Medium,0.3,7
74,0.8298545749801051,1.0,Compliant,0.863883659984084,ALLOW,0,Medium,0.3,7
75,0.863883659984084,1.0,Compliant,0.8911069279872672,ALLOW,0,Medium,0.3,7
76,0.8911069279872672,1.0,Compliant,0.9128855423898138,ALLOW,0,Medium,0.3,7
77,0.9128855423898138,1.0,Compliant,0.930308433911851,ALLOW,0,Medium,0.3,7
78,0.930308433911851,1.0,Compliant,0.9442467471294809,ALLOW,0,Medium,0.3,7
79,0.9442467471294809,1.0,Compliant,0.9553973977035847,ALLOW,0,Medium,0.3,7
80,0.9553973977035847,1.0,Compliant,0.9643179181628677,ALLOW,0,Medium,0.3,7
81,0.9643179181628677,1.0,Compliant,0.9714543345302942,ALLOW,0,Medium,0.3,7
82,0.9714543345302942,1.0,Compliant,0.9771634676242353,ALLOW,0,Medium,0.3,7
83,0.9771634676242353,1.0,Compliant,0.9817307740993882,ALLOW,0,Medium,0.3,7
84,0.9817307740993882,1.0,Compliant,0.9853846192795106,ALLOW,0,Medium,0.3,7
85,0.9853846192795106,0.0,Violation,0.7883076954236086,ALLOW,1,Medium,0.3,7
86,0.7883076954236086,0.0,Violation,0.6306461563388869,ALLOW,1,Medium,0.3,7
87,0.6306461563388869,0.0,Violation,0.5045169250711096,HUMAN_REVIEW,1,Medium,0.3,7
88,0.5045169250711096,1.0,Compliant,0.6036135400568876,ALLOW,0,Medium,0.3,7
89,0.6036135400568876,0.0,Violation,0.4828908320455101,HUMAN_REVIEW,1,Medium,0.3,7
90,0.4828908320455101,1.0,Compliant,0.586312665636408,HUMAN_REVIEW,0,Medium,0.3,7
91,0.586312665636408,1.0,Compliant,0.6690501325091265,ALLOW,0,Medium,0.3,7
92,0.6690501325091265,0.0,Violation,0.5352401060073012,HUMAN_REVIEW,1,Medium,0.3,7
93,0.5352401060073012,0.0,Violation,0.428192084805841,HUMAN_REVIEW,1,Medium,0.3,7
94,0.428192084805841,1.0,Compliant,0.5425536678446727,HUMAN_REVIEW,0,Medium,0.3,7
95,0.5425536678446727,1.0,Compliant,0.6340429342757381,ALLOW,0,Medium,0.3,7
96,0.6340429342757381,1.0,Compliant,0.7072343474205904,ALLOW,0,Medium,0.3,7
97,0.7072343474205904,1.0,Compliant,0.7657874779364723,ALLOW,0,Medium,0.3,7
98,0.7657874779364723,0.0,Violation,0.6126299823491779,ALLOW,1,Medium,0.3,7
99,0.6126299823491779,0.0,Violation,0.49010398587934234,HUMAN_REVIEW,1,Medium,0.3,7
100,0.49010398587934234,0.0,Violation,0.3920831887034739,HUMAN_REVIEW,1,Medium,0.3,7
1,0.8,0.0,Violation,0.6400000000000001,ALLOW,1,Medium,0.3,8
2,0.6400000000000001,1.0,Compliant,0.7120000000000001,ALLOW,0,Medium,0.3,8
3,0.7120000000000001,0.0,Violation,0.5696000000000001,HUMAN_REVIEW,1,Medium,0.3,8
4,0.5696000000000001,1.0,Compliant,0.65568,ALLOW,0,Medium,0.3,8
5,0.65568,1.0,Compliant,0.724544,ALLOW,0,Medium,0.3,8
6,0.724544,1.0,Compliant,0.7796352,ALLOW,0,Medium,0.3,8
7,0.7796352,1.0,Compliant,0.82370816,ALLOW,0,Medium,0.3,8
8,0.82370816,0.0,Violation,0.6589665280000001,ALLOW,1,Medium,0.3,8
9,0.6589665280000001,0.0,Violation,0.5271732224000001,HUMAN_REVIEW,1,Medium,0.3,8
10,0.5271732224000001,1.0,Compliant,0.62173857792,ALLOW,0,Medium,0.3,8
11,0.62173857792,0.0,Violation,0.497390862336,HUMAN_REVIEW,1,Medium,0.3,8
12,0.497390862336,0.0,Violation,0.3979126898688,HUMAN_REVIEW,1,Medium,0.3,8
13,0.3979126898688,1.0,Compliant,0.5183301518950401,HUMAN_REVIEW,0,Medium,0.3,8
14,0.5183301518950401,1.0,Compliant,0.614664121516032,ALLOW,0,Medium,0.3,8
15,0.614664121516032,1.0,Compliant,0.6917312972128256,ALLOW,0,Medium,0.3,8
16,0.6917312972128256,1.0,Compliant,0.7533850377702604,ALLOW,0,Medium,0.3,8
17,0.7533850377702604,1.0,Compliant,0.8027080302162084,ALLOW,0,Medium,0.3,8
18,0.8027080302162084,1.0,Compliant,0.8421664241729667,ALLOW,0,Medium,0.3,8
19,0.8421664241729667,0.0,Violation,0.6737331393383734,ALLOW,1,Medium,0.3,8
20,0.6737331393383734,1.0,Compliant,0.7389865114706987,ALLOW,0,Medium,0.3,8
21,0.7389865114706987,1.0,Compliant,0.791189209176559,ALLOW,0,Medium,0.3,8
22,0.791189209176559,1.0,Compliant,0.8329513673412472,ALLOW,0,Medium,0.3,8
23,0.8329513673412472,0.0,Violation,0.6663610938729978,ALLOW,1,Medium,0.3,8
24,0.6663610938729978,1.0,Compliant,0.7330888750983983,ALLOW,0,Medium,0.3,8
25,0.7330888750983983,1.0,Compliant,0.7864711000787186,ALLOW,0,Medium,0.3,8
26,0.7864711000787186,0.0,Violation,0.6291768800629749,ALLOW,1,Medium,0.3,8
27,0.6291768800629749,0.0,Violation,0.5033415040503799,HUMAN_REVIEW,1,Medium,0.3,8
28,0.5033415040503799,1.0,Compliant,0.6026732032403039,ALLOW,0,Medium,0.3,8
29,0.6026732032403039,0.0,Violation,0.4821385625922432,HUMAN_REVIEW,1,Medium,0.3,8
30,0.4821385625922432,1.0,Compliant,0.5857108500737945,HUMAN_REVIEW,0,Medium,0.3,8
31,0.5857108500737945,1.0,Compliant,0.6685686800590356,ALLOW,0,Medium,0.3,8
32,0.6685686800590356,0.0,Violation,0.5348549440472284,HUMAN_REVIEW,1,Medium,0.3,8
33,0.5348549440472284,1.0,Compliant,0.6278839552377827,ALLOW,0,Medium,0.3,8
34,0.6278839552377827,1.0,Compliant,0.7023071641902262,ALLOW,0,Medium,0.3,8
35,0.7023071641902262,0.0,Violation,0.561845731352181,HUMAN_REVIEW,1,Medium,0.3,8
36,0.561845731352181,0.0,Violation,0.4494765850817448,HUMAN_REVIEW,1,Medium,0.3,8
37,0.4494765850817448,1.0,Compliant,0.5595812680653958,HUMAN_REVIEW,0,Medium,0.3,8
38,0.5595812680653958,0.0,Violation,0.44766501445231666,HUMAN_REVIEW,1,Medium,0.3,8
39,0.44766501445231666,1.0,Compliant,0.5581320115618533,HUMAN_REVIEW,0,Medium,0.3,8
40,0.5581320115618533,0.0,Violation,0.4465056092494827,HUMAN_REVIEW,1,Medium,0.3,8
41,0.4465056092494827,0.0,Violation,0.35720448739958616,HUMAN_REVIEW,1,Medium,0.3,8
42,0.35720448739958616,1.0,Compliant,0.4857635899196689,HUMAN_REVIEW,0,Medium,0.3,8
43,0.4857635899196689,0.0,Violation,0.3886108719357351,HUMAN_REVIEW,1,Medium,0.3,8
44,0.3886108719357351,0.0,Violation,0.3108886975485881,HUMAN_REVIEW,1,Medium,0.3,8
45,0.3108886975485881,0.0,Violation,0.2487109580388705,HUMAN_REVIEW,1,Medium,0.3,8
46,0.2487109580388705,0.0,Violation,0.1989687664310964,HUMAN_REVIEW,1,Medium,0.3,8
47,0.1989687664310964,1.0,Compliant,0.3591750131448771,HUMAN_REVIEW,0,Medium,0.3,8
48,0.3591750131448771,1.0,Compliant,0.48734001051590164,HUMAN_REVIEW,0,Medium,0.3,8
49,0.48734001051590164,1.0,Compliant,0.5898720084127214,HUMAN_REVIEW,0,Medium,0.3,8
50,0.5898720084127214,1.0,Compliant,0.6718976067301771,ALLOW,0,Medium,0.3,8
51,0.6718976067301771,0.0,Violation,0.5375180853841417,HUMAN_REVIEW,1,Medium,0.3,8
52,0.5375180853841417,1.0,Compliant,0.6300144683073133,ALLOW,0,Medium,0.3,8
53,0.6300144683073133,0.0,Violation,0.5040115746458507,HUMAN_REVIEW,1,Medium,0.3,8
54,0.5040115746458507,1.0,Compliant,0.6032092597166805,ALLOW,0,Medium,0.3,8
55,0.6032092597166805,1.0,Compliant,0.6825674077733443,ALLOW,0,Medium,0.3,8
56,0.6825674077733443,1.0,Compliant,0.7460539262186755,ALLOW,0,Medium,0.3,8
57,0.7460539262186755,1.0,Compliant,0.7968431409749404,ALLOW,0,Medium,0.3,8
58,0.7968431409749404,1.0,Compliant,0.8374745127799523,ALLOW,0,Medium,0.3,8
59,0.8374745127799523,1.0,Compliant,0.8699796102239619,ALLOW,0,Medium,0.3,8
60,0.8699796102239619,1.0,Compliant,0.8959836881791695,ALLOW,0,Medium,0.3,8
61,0.8959836881791695,1.0,Compliant,0.9167869505433356,ALLOW,0,Medium,0.3,8
62,0.9167869505433356,1.0,Compliant,0.9334295604346685,ALLOW,0,Medium,0.3,8
63,0.9334295604346685,0.0,Violation,0.7467436483477349,ALLOW,1,Medium,0.3,8
64,0.7467436483477349,0.0,Violation,0.597394918678188,HUMAN_REVIEW,1,Medium,0.3,8
65,0.597394918678188,1.0,Compliant,0.6779159349425503,ALLOW,0,Medium,0.3,8
66,0.6779159349425503,0.0,Violation,0.5423327479540403,HUMAN_REVIEW,1,Medium,0.3,8
67,0.5423327479540403,1.0,Compliant,0.6338661983632322,ALLOW,0,Medium,0.3,8
68,0.6338661983632322,1.0,Compliant,0.7070929586905857,ALLOW,0,Medium,0.3,8
69,0.7070929586905857,0.0,Violation,0.5656743669524686,HUMAN_REVIEW,1,Medium,0.3,8
70,0.5656743669524686,1.0,Compliant,0.6525394935619748,ALLOW,0,Medium,0.3,8
71,0.6525394935619748,1.0,Compliant,0.7220315948495798,ALLOW,0,Medium,0.3,8
72,0.7220315948495798,1.0,Compliant,0.7776252758796638,ALLOW,0,Medium,0.3,8
73,0.7776252758796638,1.0,Compliant,0.822100220703731,ALLOW,0,Medium,0.3,8
74,0.822100220703731,0.0,Violation,0.6576801765629848,ALLOW,1,Medium,0.3,8
75,0.6576801765629848,1.0,Compliant,0.7261441412503878,ALLOW,0,Medium,0.3,8
76,0.7261441412503878,1.0,Compliant,0.7809153130003103,ALLOW,0,Medium,0.3,8
77,0.7809153130003103,1.0,Compliant,0.8247322504002482,ALLOW,0,Medium,0.3,8
78,0.8247322504002482,1.0,Compliant,0.8597858003201986,ALLOW,0,Medium,0.3,8
79,0.8597858003201986,1.0,Compliant,0.8878286402561588,ALLOW,0,Medium,0.3,8
80,0.8878286402561588,1.0,Compliant,0.910262912204927,ALLOW,0,Medium,0.3,8
81,0.910262912204927,1.0,Compliant,0.9282103297639417,ALLOW,0,Medium,0.3,8
82,0.9282103297639417,0.0,Violation,0.7425682638111534,ALLOW,1,Medium,0.3,8
83,0.7425682638111534,1.0,Compliant,0.7940546110489227,ALLOW,0,Medium,0.3,8
84,0.7940546110489227,1.0,Compliant,0.8352436888391381,ALLOW,0,Medium,0.3,8
85,0.8352436888391381,0.0,Violation,0.6681949510713106,ALLOW,1,Medium,0.3,8
86,0.6681949510713106,1.0,Compliant,0.7345559608570484,ALLOW,0,Medium,0.3,8
87,0.7345559608570484,0.0,Violation,0.5876447686856388,HUMAN_REVIEW,1,Medium,0.3,8
88,0.5876447686856388,1.0,Compliant,0.6701158149485109,ALLOW,0,Medium,0.3,8
89,0.6701158149485109,1.0,Compliant,0.7360926519588087,ALLOW,0,Medium,0.3,8
90,0.7360926519588087,1.0,Compliant,0.788874121567047,ALLOW,0,Medium,0.3,8
91,0.788874121567047,0.0,Violation,0.6310992972536376,ALLOW,1,Medium,0.3,8
92,0.6310992972536376,1.0,Compliant,0.7048794378029101,ALLOW,0,Medium,0.3,8
93,0.7048794378029101,1.0,Compliant,0.763903550242328,ALLOW,0,Medium,0.3,8
94,0.763903550242328,1.0,Compliant,0.8111228401938624,ALLOW,0,Medium,0.3,8
95,0.8111228401938624,0.0,Violation,0.64889827215509,ALLOW,1,Medium,0.3,8
96,0.64889827215509,1.0,Compliant,0.7191186177240719,ALLOW,0,Medium,0.3,8
97,0.7191186177240719,0.0,Violation,0.5752948941792576,HUMAN_REVIEW,1,Medium,0.3,8
98,0.5752948941792576,1.0,Compliant,0.6602359153434061,ALLOW,0,Medium,0.3,8
99,0.6602359153434061,1.0,Compliant,0.7281887322747248,ALLOW,0,Medium,0.3,8
100,0.7281887322747248,0.0,Violation,0.5825509858197798,HUMAN_REVIEW,1,Medium,0.3,8
1,0.8,0.0,Violation,0.6400000000000001,ALLOW,1,Medium,0.3,9
2,0.6400000000000001,1.0,Compliant,0.7120000000000001,ALLOW,0,Medium,0.3,9
3,0.7120000000000001,0.0,Violation,0.5696000000000001,HUMAN_REVIEW,1,Medium,0.3,9
4,0.5696000000000001,0.0,Violation,0.4556800000000001,HUMAN_REVIEW,1,Medium,0.3,9
5,0.4556800000000001,1.0,Compliant,0.564544,HUMAN_REVIEW,0,Medium,0.3,9
6,0.564544,1.0,Compliant,0.6516352000000001,ALLOW,0,Medium,0.3,9
7,0.6516352000000001,1.0,Compliant,0.7213081600000001,ALLOW,0,Medium,0.3,9
8,0.7213081600000001,1.0,Compliant,0.7770465280000001,ALLOW,0,Medium,0.3,9
9,0.7770465280000001,0.0,Violation,0.6216372224000001,ALLOW,1,Medium,0.3,9
10,0.6216372224000001,0.0,Violation,0.4973097779200001,HUMAN_REVIEW,1,Medium,0.3,9
11,0.4973097779200001,1.0,Compliant,0.597847822336,HUMAN_REVIEW,0,Medium,0.3,9
12,0.597847822336,0.0,Violation,0.4782782578688,HUMAN_REVIEW,1,Medium,0.3,9
13,0.4782782578688,1.0,Compliant,0.5826226062950399,HUMAN_REVIEW,0,Medium,0.3,9
14,0.5826226062950399,0.0,Violation,0.46609808503603195,HUMAN_REVIEW,1,Medium,0.3,9
15,0.46609808503603195,0.0,Violation,0.37287846802882557,HUMAN_REVIEW,1,Medium,0.3,9
16,0.37287846802882557,1.0,Compliant,0.4983027744230604,HUMAN_REVIEW,0,Medium,0.3,9
17,0.4983027744230604,1.0,Compliant,0.5986422195384483,HUMAN_REVIEW,0,Medium,0.3,9
18,0.5986422195384483,1.0,Compliant,0.6789137756307586,ALLOW,0,Medium,0.3,9
19,0.6789137756307586,0.0,Violation,0.5431310205046069,HUMAN_REVIEW,1,Medium,0.3,9
20,0.5431310205046069,1.0,Compliant,0.6345048164036855,ALLOW,0,Medium,0.3,9
21,0.6345048164036855,0.0,Violation,0.5076038531229484,HUMAN_REVIEW,1,Medium,0.3,9
22,0.5076038531229484,1.0,Compliant,0.6060830824983587,ALLOW,0,Medium,0.3,9
23,0.6060830824983587,1.0,Compliant,0.684866465998687,ALLOW,0,Medium,0.3,9
24,0.684866465998687,1.0,Compliant,0.7478931727989495,ALLOW,0,Medium,0.3,9
25,0.7478931727989495,1.0,Compliant,0.7983145382391595,ALLOW,0,Medium,0.3,9
26,0.7983145382391595,1.0,Compliant,0.8386516305913276,ALLOW,0,Medium,0.3,9
27,0.8386516305913276,0.0,Violation,0.6709213044730622,ALLOW,1,Medium,0.3,9
28,0.6709213044730622,1.0,Compliant,0.7367370435784497,ALLOW,0,Medium,0.3,9
29,0.7367370435784497,1.0,Compliant,0.7893896348627597,ALLOW,0,Medium,0.3,9
30,0.7893896348627597,0.0,Violation,0.6315117078902078,ALLOW,1,Medium,0.3,9
31,0.6315117078902078,1.0,Compliant,0.7052093663121662,ALLOW,0,Medium,0.3,9
32,0.7052093663121662,0.0,Violation,0.564167493049733,HUMAN_REVIEW,1,Medium,0.3,9
33,0.564167493049733,0.0,Violation,0.45133399443978645,HUMAN_REVIEW,1,Medium,0.3,9
34,0.45133399443978645,1.0,Compliant,0.5610671955518292,HUMAN_REVIEW,0,Medium,0.3,9
35,0.5610671955518292,1.0,Compliant,0.6488537564414634,ALLOW,0,Medium,0.3,9
36,0.6488537564414634,1.0,Compliant,0.7190830051531707,ALLOW,0,Medium,0.3,9
37,0.7190830051531707,1.0,Compliant,0.7752664041225366,ALLOW,0,Medium,0.3,9
38,0.7752664041225366,1.0,Compliant,0.8202131232980292,ALLOW,0,Medium,0.3,9
39,0.8202131232980292,1.0,Compliant,0.8561704986384233,ALLOW,0,Medium,0.3,9
40,0.8561704986384233,1.0,Compliant,0.8849363989107386,ALLOW,0,Medium,0.3,9
41,0.8849363989107386,1.0,Compliant,0.9079491191285909,ALLOW,0,Medium,0.3,9
42,0.9079491191285909,1.0,Compliant,0.9263592953028728,ALLOW,0,Medium,0.3,9
43,0.9263592953028728,1.0,Compliant,0.9410874362422982,ALLOW,0,Medium,0.3,9
44,0.9410874362422982,1.0,Compliant,0.9528699489938386,ALLOW,0,Medium,0.3,9
45,0.9528699489938386,1.0,Compliant,0.9622959591950708,ALLOW,0,Medium,0.3,9
46,0.9622959591950708,1.0,Compliant,0.9698367673560566,ALLOW,0,Medium,0.3,9
47,0.9698367673560566,1.0,Compliant,0.9758694138848453,ALLOW,0,Medium,0.3,9
48,0.9758694138848453,0.0,Violation,0.7806955311078763,ALLOW,1,Medium,0.3,9
49,0.7806955311078763,1.0,Compliant,0.824556424886301,ALLOW,0,Medium,0.3,9
50,0.824556424886301,0.0,Violation,0.6596451399090408,ALLOW,1,Medium,0.3,9
51,0.6596451399090408,1.0,Compliant,0.7277161119272326,ALLOW,0,Medium,0.3,9
52,0.7277161119272326,1.0,Compliant,0.7821728895417861,ALLOW,0,Medium,0.3,9
53,0.7821728895417861,1.0,Compliant,0.8257383116334289,ALLOW,0,Medium,0.3,9
54,0.8257383116334289,1.0,Compliant,0.8605906493067431,ALLOW,0,Medium,0.3,9
55,0.8605906493067431,1.0,Compliant,0.8884725194453945,ALLOW,0,Medium,0.3,9
56,0.8884725194453945,1.0,Compliant,0.9107780155563157,ALLOW,0,Medium,0.3,9
57,0.9107780155563157,0.0,Violation,0.7286224124450525,ALLOW,1,Medium,0.3,9
58,0.7286224124450525,0.0,Violation,0.5828979299560421,HUMAN_REVIEW,1,Medium,0.3,9
59,0.5828979299560421,1.0,Compliant,0.6663183439648337,ALLOW,0,Medium,0.3,9
60,0.6663183439648337,0.0,Violation,0.533054675171867,HUMAN_REVIEW,1,Medium,0.3,9
61,0.533054675171867,1.0,Compliant,0.6264437401374936,ALLOW,0,Medium,0.3,9
62,0.6264437401374936,1.0,Compliant,0.7011549921099949,ALLOW,0,Medium,0.3,9
63,0.7011549921099949,1.0,Compliant,0.7609239936879959,ALLOW,0,Medium,0.3,9
64,0.7609239936879959,1.0,Compliant,0.8087391949503967,ALLOW,0,Medium,0.3,9
65,0.8087391949503967,0.0,Violation,0.6469913559603174,ALLOW,1,Medium,0.3,9
66,0.6469913559603174,0.0,Violation,0.5175930847682539,HUMAN_REVIEW,1,Medium,0.3,9
67,0.5175930847682539,0.0,Violation,0.41407446781460316,HUMAN_REVIEW,1,Medium,0.3,9
68,0.41407446781460316,1.0,Compliant,0.5312595742516826,HUMAN_REVIEW,0,Medium,0.3,9
69,0.5312595742516826,0.0,Violation,0.4250076594013461,HUMAN_REVIEW,1,Medium,0.3,9
70,0.4250076594013461,1.0,Compliant,0.5400061275210768,HUMAN_REVIEW,0,Medium,0.3,9
71,0.5400061275210768,0.0,Violation,0.4320049020168615,HUMAN_REVIEW,1,Medium,0.3,9
72,0.4320049020168615,1.0,Compliant,0.5456039216134891,HUMAN_REVIEW,0,Medium,0.3,9
73,0.5456039216134891,1.0,Compliant,0.6364831372907913,ALLOW,0,Medium,0.3,9
74,0.6364831372907913,1.0,Compliant,0.709186509832633,ALLOW,0,Medium,0.3,9
75,0.709186509832633,1.0,Compliant,0.7673492078661064,ALLOW,0,Medium,0.3,9
76,0.7673492078661064,0.0,Violation,0.6138793662928852,ALLOW,1,Medium,0.3,9
77,0.6138793662928852,1.0,Compliant,0.6911034930343081,ALLOW,0,Medium,0.3,9
78,0.6911034930343081,0.0,Violation,0.5528827944274465,HUMAN_REVIEW,1,Medium,0.3,9
79,0.5528827944274465,1.0,Compliant,0.6423062355419571,ALLOW,0,Medium,0.3,9
80,0.6423062355419571,0.0,Violation,0.5138449884335657,HUMAN_REVIEW,1,Medium,0.3,9
81,0.5138449884335657,1.0,Compliant,0.6110759907468526,ALLOW,0,Medium,0.3,9
82,0.6110759907468526,0.0,Violation,0.4888607925974821,HUMAN_REVIEW,1,Medium,0.3,9
83,0.4888607925974821,1.0,Compliant,0.5910886340779857,HUMAN_REVIEW,0,Medium,0.3,9
84,0.5910886340779857,1.0,Compliant,0.6728709072623886,ALLOW,0,Medium,0.3,9
85,0.6728709072623886,0.0,Violation,0.538296725809911,HUMAN_REVIEW,1,Medium,0.3,9
86,0.538296725809911,0.0,Violation,0.4306373806479288,HUMAN_REVIEW,1,Medium,0.3,9
87,0.4306373806479288,1.0,Compliant,0.544509904518343,HUMAN_REVIEW,0,Medium,0.3,9
88,0.544509904518343,1.0,Compliant,0.6356079236146743,ALLOW,0,Medium,0.3,9
89,0.6356079236146743,1.0,Compliant,0.7084863388917394,ALLOW,0,Medium,0.3,9
90,0.7084863388917394,1.0,Compliant,0.7667890711133915,ALLOW,0,Medium,0.3,9
91,0.7667890711133915,1.0,Compliant,0.8134312568907132,ALLOW,0,Medium,0.3,9
92,0.8134312568907132,1.0,Compliant,0.8507450055125705,ALLOW,0,Medium,0.3,9
93,0.8507450055125705,1.0,Compliant,0.8805960044100564,ALLOW,0,Medium,0.3,9
94,0.8805960044100564,1.0,Compliant,0.904476803528045,ALLOW,0,Medium,0.3,9
95,0.904476803528045,0.0,Violation,0.7235814428224361,ALLOW,1,Medium,0.3,9
96,0.7235814428224361,1.0,Compliant,0.7788651542579489,ALLOW,0,Medium,0.3,9
97,0.7788651542579489,1.0,Compliant,0.8230921234063591,ALLOW,0,Medium,0.3,9
98,0.8230921234063591,1.0,Compliant,0.8584736987250873,ALLOW,0,Medium,0.3,9
99,0.8584736987250873,0.0,Violation,0.6867789589800699,ALLOW,1,Medium,0.3,9
100,0.6867789589800699,1.0,Compliant,0.7494231671840559,ALLOW,0,Medium,0.3,9
1,0.8,0.0,Violation,0.6400000000000001,ALLOW,1,Medium,0.3,10
2,0.6400000000000001,1.0,Compliant,0.7120000000000001,ALLOW,0,Medium,0.3,10
3,0.7120000000000001,1.0,Compliant,0.7696000000000001,ALLOW,0,Medium,0.3,10
4,0.7696000000000001,1.0,Compliant,0.8156800000000001,ALLOW,0,Medium,0.3,10
5,0.8156800000000001,1.0,Compliant,0.8525440000000001,ALLOW,0,Medium,0.3,10
6,0.8525440000000001,1.0,Compliant,0.8820352,ALLOW,0,Medium,0.3,10
7,0.8820352,1.0,Compliant,0.90562816,ALLOW,0,Medium,0.3,10
8,0.90562816,1.0,Compliant,0.924502528,ALLOW,0,Medium,0.3,10
9,0.924502528,0.0,Violation,0.7396020224000001,ALLOW,1,Medium,0.3,10
10,0.7396020224000001,1.0,Compliant,0.79168161792,ALLOW,0,Medium,0.3,10
11,0.79168161792,0.0,Violation,0.6333452943360001,ALLOW,1,Medium,0.3,10
12,0.6333452943360001,1.0,Compliant,0.7066762354688,ALLOW,0,Medium,0.3,10
13,0.7066762354688,0.0,Violation,0.56534098837504,HUMAN_REVIEW,1,Medium,0.3,10
14,0.56534098837504,1.0,Compliant,0.652272790700032,ALLOW,0,Medium,0.3,10
15,0.652272790700032,1.0,Compliant,0.7218182325600255,ALLOW,0,Medium,0.3,10
16,0.7218182325600255,1.0,Compliant,0.7774545860480204,ALLOW,0,Medium,0.3,10
17,0.7774545860480204,1.0,Compliant,0.8219636688384163,ALLOW,0,Medium,0.3,10
18,0.8219636688384163,0.0,Violation,0.657570935070733,ALLOW,1,Medium,0.3,10
19,0.657570935070733,0.0,Violation,0.5260567480565864,HUMAN_REVIEW,1,Medium,0.3,10
20,0.5260567480565864,0.0,Violation,0.42084539844526914,HUMAN_REVIEW,1,Medium,0.3,10
21,0.42084539844526914,1.0,Compliant,0.5366763187562154,HUMAN_REVIEW,0,Medium,0.3,10
22,0.5366763187562154,1.0,Compliant,0.6293410550049723,ALLOW,0,Medium,0.3,10
23,0.6293410550049723,0.0,Violation,0.5034728440039778,HUMAN_REVIEW,1,Medium,0.3,10
24,0.5034728440039778,0.0,Violation,0.4027782752031823,HUMAN_REVIEW,1,Medium,0.3,10
25,0.4027782752031823,1.0,Compliant,0.5222226201625458,HUMAN_REVIEW,0,Medium,0.3,10
26,0.5222226201625458,1.0,Compliant,0.6177780961300366,ALLOW,0,Medium,0.3,10
27,0.6177780961300366,0.0,Violation,0.4942224769040293,HUMAN_REVIEW,1,Medium,0.3,10
28,0.4942224769040293,0.0,Violation,0.39537798152322345,HUMAN_REVIEW,1,Medium,0.3,10
29,0.39537798152322345,0.0,Violation,0.3163023852185788,HUMAN_REVIEW,1,Medium,0.3,10
30,0.3163023852185788,1.0,Compliant,0.453041908174863,HUMAN_REVIEW,0,Medium,0.3,10
31,0.453041908174863,1.0,Compliant,0.5624335265398903,HUMAN_REVIEW,0,Medium,0.3,10
32,0.5624335265398903,1.0,Compliant,0.6499468212319122,ALLOW,0,Medium,0.3,10
33,0.6499468212319122,1.0,Compliant,0.7199574569855297,ALLOW,0,Medium,0.3,10
34,0.7199574569855297,1.0,Compliant,0.7759659655884238,ALLOW,0,Medium,0.3,10
35,0.7759659655884238,1.0,Compliant,0.820772772470739,ALLOW,0,Medium,0.3,10
36,0.820772772470739,0.0,Violation,0.6566182179765913,ALLOW,1,Medium,0.3,10
37,0.6566182179765913,0.0,Violation,0.525294574381273,HUMAN_REVIEW,1,Medium,0.3,10
38,0.525294574381273,0.0,Violation,0.42023565950501846,HUMAN_REVIEW,1,Medium,0.3,10
39,0.42023565950501846,0.0,Violation,0.3361885276040148,HUMAN_REVIEW,1,Medium,0.3,10
40,0.3361885276040148,1.0,Compliant,0.4689508220832118,HUMAN_REVIEW,0,Medium,0.3,10
41,0.4689508220832118,0.0,Violation,0.3751606576665695,HUMAN_REVIEW,1,Medium,0.3,10
42,0.3751606576665695,1.0,Compliant,0.5001285261332555,HUMAN_REVIEW,0,Medium,0.3,10
43,0.5001285261332555,1.0,Compliant,0.6001028209066044,ALLOW,0,Medium,0.3,10
44,0.6001028209066044,1.0,Compliant,0.6800822567252836,ALLOW,0,Medium,0.3,10
45,0.6800822567252836,1.0,Compliant,0.7440658053802268,ALLOW,0,Medium,0.3,10
46,0.7440658053802268,1.0,Compliant,0.7952526443041814,ALLOW,0,Medium,0.3,10
47,0.7952526443041814,1.0,Compliant,0.8362021154433451,ALLOW,0,Medium,0.3,10
48,0.8362021154433451,1.0,Compliant,0.8689616923546761,ALLOW,0,Medium,0.3,10
49,0.8689616923546761,1.0,Compliant,0.8951693538837409,ALLOW,0,Medium,0.3,10
50,0.8951693538837409,1.0,Compliant,0.9161354831069927,ALLOW,0,Medium,0.3,10
51,0.9161354831069927,1.0,Compliant,0.9329083864855942,ALLOW,0,Medium,0.3,10
52,0.9329083864855942,0.0,Violation,0.7463267091884753,ALLOW,1,Medium,0.3,10
53,0.7463267091884753,1.0,Compliant,0.7970613673507803,ALLOW,0,Medium,0.3,10
54,0.7970613673507803,1.0,Compliant,0.8376490938806243,ALLOW,0,Medium,0.3,10
55,0.8376490938806243,1.0,Compliant,0.8701192751044994,ALLOW,0,Medium,0.3,10
56,0.8701192751044994,1.0,Compliant,0.8960954200835995,ALLOW,0,Medium,0.3,10
57,0.8960954200835995,1.0,Compliant,0.9168763360668797,ALLOW,0,Medium,0.3,10
58,0.9168763360668797,0.0,Violation,0.7335010688535037,ALLOW,1,Medium,0.3,10
59,0.7335010688535037,1.0,Compliant,0.786800855082803,ALLOW,0,Medium,0.3,10
60,0.786800855082803,1.0,Compliant,0.8294406840662424,ALLOW,0,Medium,0.3,10
61,0.8294406840662424,1.0,Compliant,0.8635525472529939,ALLOW,0,Medium,0.3,10
62,0.8635525472529939,1.0,Compliant,0.8908420378023951,ALLOW,0,Medium,0.3,10
63,0.8908420378023951,1.0,Compliant,0.9126736302419161,ALLOW,0,Medium,0.3,10
64,0.9126736302419161,1.0,Compliant,0.9301389041935328,ALLOW,0,Medium,0.3,10
65,0.9301389041935328,1.0,Compliant,0.9441111233548263,ALLOW,0,Medium,0.3,10
66,0.9441111233548263,1.0,Compliant,0.955288898683861,ALLOW,0,Medium,0.3,10
67,0.955288898683861,0.0,Violation,0.7642311189470888,ALLOW,1,Medium,0.3,10
68,0.7642311189470888,1.0,Compliant,0.8113848951576711,ALLOW,0,Medium,0.3,10
69,0.8113848951576711,0.0,Violation,0.6491079161261369,ALLOW,1,Medium,0.3,10
70,0.6491079161261369,1.0,Compliant,0.7192863329009095,ALLOW,0,Medium,0.3,10
71,0.7192863329009095,0.0,Violation,0.5754290663207277,HUMAN_REVIEW,1,Medium,0.3,10
72,0.5754290663207277,0.0,Violation,0.46034325305658214,HUMAN_REVIEW,1,Medium,0.3,10
73,0.46034325305658214,1.0,Compliant,0.5682746024452656,HUMAN_REVIEW,0,Medium,0.3,10
74,0.5682746024452656,1.0,Compliant,0.6546196819562125,ALLOW,0,Medium,0.3,10
75,0.6546196819562125,1.0,Compliant,0.72369574556497,ALLOW,0,Medium,0.3,10
76,0.72369574556497,1.0,Compliant,0.7789565964519759,ALLOW,0,Medium,0.3,10
77,0.7789565964519759,1.0,Compliant,0.8231652771615807,ALLOW,0,Medium,0.3,10
78,0.8231652771615807,0.0,Violation,0.6585322217292646,ALLOW,1,Medium,0.3,10
79,0.6585322217292646,1.0,Compliant,0.7268257773834117,ALLOW,0,Medium,0.3,10
80,0.7268257773834117,1.0,Compliant,0.7814606219067294,ALLOW,0,Medium,0.3,10
81,0.7814606219067294,1.0,Compliant,0.8251684975253835,ALLOW,0,Medium,0.3,10
82,0.8251684975253835,0.0,Violation,0.6601347980203068,ALLOW,1,Medium,0.3,10
83,0.6601347980203068,1.0,Compliant,0.7281078384162455,ALLOW,0,Medium,0.3,10
84,0.7281078384162455,0.0,Violation,0.5824862707329964,HUMAN_REVIEW,1,Medium,0.3,10
85,0.5824862707329964,1.0,Compliant,0.6659890165863971,ALLOW,0,Medium,0.3,10
86,0.6659890165863971,1.0,Compliant,0.7327912132691177,ALLOW,0,Medium,0.3,10
87,0.7327912132691177,1.0,Compliant,0.7862329706152941,ALLOW,0,Medium,0.3,10
88,0.7862329706152941,1.0,Compliant,0.8289863764922353,ALLOW,0,Medium,0.3,10
89,0.8289863764922353,1.0,Compliant,0.8631891011937882,ALLOW,0,Medium,0.3,10
90,0.8631891011937882,0.0,Violation,0.6905512809550306,ALLOW,1,Medium,0.3,10
91,0.6905512809550306,0.0,Violation,0.5524410247640245,HUMAN_REVIEW,1,Medium,0.3,10
92,0.5524410247640245,1.0,Compliant,0.6419528198112195,ALLOW,0,Medium,0.3,10
93,0.6419528198112195,1.0,Compliant,0.7135622558489756,ALLOW,0,Medium,0.3,10
94,0.7135622558489756,1.0,Compliant,0.7708498046791804,ALLOW,0,Medium,0.3,10
95,0.7708498046791804,0.0,Violation,0.6166798437433444,ALLOW,1,Medium,0.3,10
96,0.6166798437433444,1.0,Compliant,0.6933438749946754,ALLOW,0,Medium,0.3,10
97,0.6933438749946754,1.0,Compliant,0.7546750999957403,ALLOW,0,Medium,0.3,10
98,0.7546750999957403,1.0,Compliant,0.8037400799965922,ALLOW,0,Medium,0.3,10
99,0.8037400799965922,1.0,Compliant,0.8429920639972738,ALLOW,0,Medium,0.3,10
100,0.8429920639972738,0.0,Violation,0.674393651197819,ALLOW,1,Medium,0.3,10
1,0.8,0.0,Violation,0.6400000000000001,ALLOW,1,Medium,0.3,11
2,0.6400000000000001,1.0,Compliant,0.7120000000000001,ALLOW,0,Medium,0.3,11
3,0.7120000000000001,0.0,Violation,0.5696000000000001,HUMAN_REVIEW,1,Medium,0.3,11
4,0.5696000000000001,0.0,Violation,0.4556800000000001,HUMAN_REVIEW,1,Medium,0.3,11
5,0.4556800000000001,0.0,Violation,0.3645440000000001,HUMAN_REVIEW,1,Medium,0.3,11
6,0.3645440000000001,1.0,Compliant,0.49163520000000005,HUMAN_REVIEW,0,Medium,0.3,11
7,0.49163520000000005,1.0,Compliant,0.5933081600000001,HUMAN_REVIEW,0,Medium,0.3,11
8,0.5933081600000001,1.0,Compliant,0.674646528,ALLOW,0,Medium,0.3,11
9,0.674646528,1.0,Compliant,0.7397172224,ALLOW,0,Medium,0.3,11
10,0.7397172224,1.0,Compliant,0.79177377792,ALLOW,0,Medium,0.3,11
11,0.79177377792,0.0,Violation,0.6334190223360001,ALLOW,1,Medium,0.3,11
12,0.6334190223360001,1.0,Compliant,0.7067352178688001,ALLOW,0,Medium,0.3,11
13,0.7067352178688001,1.0,Compliant,0.76538817429504,ALLOW,0,Medium,0.3,11
14,0.76538817429504,1.0,Compliant,0.812310539436032,ALLOW,0,Medium,0.3,11
15,0.812310539436032,0.0,Violation,0.6498484315488257,ALLOW,1,Medium,0.3,11
16,0.6498484315488257,1.0,Compliant,0.7198787452390605,ALLOW,0,Medium,0.3,11
17,0.7198787452390605,0.0,Violation,0.5759029961912484,HUMAN_REVIEW,1,Medium,0.3,11
18,0.5759029961912484,0.0,Violation,0.46072239695299877,HUMAN_REVIEW,1,Medium,0.3,11
19,0.46072239695299877,1.0,Compliant,0.5685779175623991,HUMAN_REVIEW,0,Medium,0.3,11
20,0.5685779175623991,1.0,Compliant,0.6548623340499192,ALLOW,0,Medium,0.3,11
21,0.6548623340499192,0.0,Violation,0.5238898672399354,HUMAN_REVIEW,1,Medium,0.3,11
22,0.5238898672399354,1.0,Compliant,0.6191118937919482,ALLOW,0,Medium,0.3,11
23,0.6191118937919482,0.0,Violation,0.49528951503355856,HUMAN_REVIEW,1,Medium,0.3,11
24,0.49528951503355856,1.0,Compliant,0.5962316120268468,HUMAN_REVIEW,0,Medium,0.3,11
25,0.5962316120268468,1.0,Compliant,0.6769852896214774,ALLOW,0,Medium,0.3,11
26,0.6769852896214774,1.0,Compliant,0.7415882316971819,ALLOW,0,Medium,0.3,11
27,0.7415882316971819,0.0,Violation,0.5932705853577456,HUMAN_REVIEW,1,Medium,0.3,11
28,0.5932705853577456,1.0,Compliant,0.6746164682861964,ALLOW,0,Medium,0.3,11
29,0.6746164682861964,1.0,Compliant,0.7396931746289571,ALLOW,0,Medium,0.3,11
30,0.7396931746289571,0.0,Violation,0.5917545397031657,HUMAN_REVIEW,1,Medium,0.3,11
31,0.5917545397031657,1.0,Compliant,0.6734036317625325,ALLOW,0,Medium,0.3,11
32,0.6734036317625325,0.0,Violation,0.538722905410026,HUMAN_REVIEW,1,Medium,0.3,11
33,0.538722905410026,1.0,Compliant,0.6309783243280207,ALLOW,0,Medium,0.3,11
34,0.6309783243280207,0.0,Violation,0.5047826594624166,HUMAN_REVIEW,1,Medium,0.3,11
35,0.5047826594624166,0.0,Violation,0.4038261275699333,HUMAN_REVIEW,1,Medium,0.3,11
36,0.4038261275699333,1.0,Compliant,0.5230609020559467,HUMAN_REVIEW,0,Medium,0.3,11
37,0.5230609020559467,1.0,Compliant,0.6184487216447574,ALLOW,0,Medium,0.3,11
38,0.6184487216447574,1.0,Compliant,0.6947589773158058,ALLOW,0,Medium,0.3,11
39,0.6947589773158058,1.0,Compliant,0.7558071818526446,ALLOW,0,Medium,0.3,11
40,0.7558071818526446,1.0,Compliant,0.8046457454821156,ALLOW,0,Medium,0.3,11
41,0.8046457454821156,1.0,Compliant,0.8437165963856925,ALLOW,0,Medium,0.3,11
42,0.8437165963856925,1.0,Compliant,0.874973277108554,ALLOW,0,Medium,0.3,11
43,0.874973277108554,1.0,Compliant,0.8999786216868432,ALLOW,0,Medium,0.3,11
44,0.8999786216868432,0.0,Violation,0.7199828973494746,ALLOW,1,Medium,0.3,11
45,0.7199828973494746,0.0,Violation,0.5759863178795798,HUMAN_REVIEW,1,Medium,0.3,11
46,0.5759863178795798,1.0,Compliant,0.6607890543036639,ALLOW,0,Medium,0.3,11
47,0.6607890543036639,0.0,Violation,0.5286312434429311,HUMAN_REVIEW,1,Medium,0.3,11
48,0.5286312434429311,1.0,Compliant,0.6229049947543448,ALLOW,0,Medium,0.3,11
49,0.6229049947543448,1.0,Compliant,0.6983239958034758,ALLOW,0,Medium,0.3,11
50,0.6983239958034758,1.0,Compliant,0.7586591966427806,ALLOW,0,Medium,0.3,11
51,0.7586591966427806,1.0,Compliant,0.8069273573142245,ALLOW,0,Medium,0.3,11
52,0.8069273573142245,0.0,Violation,0.6455418858513796,ALLOW,1,Medium,0.3,11
53,0.6455418858513796,0.0,Violation,0.5164335086811037,HUMAN_REVIEW,1,Medium,0.3,11
54,0.5164335086811037,1.0,Compliant,0.6131468069448829,ALLOW,0,Medium,0.3,11
55,0.6131468069448829,1.0,Compliant,0.6905174455559062,ALLOW,0,Medium,0.3,11
56,0.6905174455559062,1.0,Compliant,0.752413956444725,ALLOW,0,Medium,0.3,11
57,0.752413956444725,1.0,Compliant,0.80193116515578,ALLOW,0,Medium,0.3,11
58,0.80193116515578,0.0,Violation,0.641544932124624,ALLOW,1,Medium,0.3,11
59,0.641544932124624,0.0,Violation,0.5132359456996992,HUMAN_REVIEW,1,Medium,0.3,11
60,0.5132359456996992,1.0,Compliant,0.6105887565597594,ALLOW,0,Medium,0.3,11
61,0.6105887565597594,1.0,Compliant,0.6884710052478076,ALLOW,0,Medium,0.3,11
62,0.6884710052478076,1.0,Compliant,0.750776804198246,ALLOW,0,Medium,0.3,11
63,0.750776804198246,1.0,Compliant,0.8006214433585968,ALLOW,0,Medium,0.3,11
64,0.8006214433585968,1.0,Compliant,0.8404971546868774,ALLOW,0,Medium,0.3,11
65,0.8404971546868774,0.0,Violation,0.6723977237495019,ALLOW,1,Medium,0.3,11
66,0.6723977237495019,1.0,Compliant,0.7379181789996015,ALLOW,0,Medium,0.3,11
67,0.7379181789996015,1.0,Compliant,0.7903345431996812,ALLOW,0,Medium,0.3,11
68,0.7903345431996812,0.0,Violation,0.632267634559745,ALLOW,1,Medium,0.3,11
69,0.632267634559745,1.0,Compliant,0.705814107647796,ALLOW,0,Medium,0.3,11
70,0.705814107647796,0.0,Violation,0.5646512861182368,HUMAN_REVIEW,1,Medium,0.3,11
71,0.5646512861182368,1.0,Compliant,0.6517210288945894,ALLOW,0,Medium,0.3,11
72,0.6517210288945894,1.0,Compliant,0.7213768231156715,ALLOW,0,Medium,0.3,11
73,0.7213768231156715,1.0,Compliant,0.7771014584925372,ALLOW,0,Medium,0.3,11
74,0.7771014584925372,0.0,Violation,0.6216811667940298,ALLOW,1,Medium,0.3,11
75,0.6216811667940298,1.0,Compliant,0.6973449334352239,ALLOW,0,Medium,0.3,11
76,0.6973449334352239,1.0,Compliant,0.757875946748179,ALLOW,0,Medium,0.3,11
77,0.757875946748179,1.0,Compliant,0.8063007573985432,ALLOW,0,Medium,0.3,11
78,0.8063007573985432,1.0,Compliant,0.8450406059188346,ALLOW,0,Medium,0.3,11
79,0.8450406059188346,0.0,Violation,0.6760324847350677,ALLOW,1,Medium,0.3,11
80,0.6760324847350677,0.0,Violation,0.5408259877880542,HUMAN_REVIEW,1,Medium,0.3,11
81,0.5408259877880542,1.0,Compliant,0.6326607902304433,ALLOW,0,Medium,0.3,11
82,0.6326607902304433,1.0,Compliant,0.7061286321843546,ALLOW,0,Medium,0.3,11
83,0.7061286321843546,0.0,Violation,0.5649029057474837,HUMAN_REVIEW,1,Medium,0.3,11
84,0.5649029057474837,1.0,Compliant,0.6519223245979869,ALLOW,0,Medium,0.3,11
85,0.6519223245979869,1.0,Compliant,0.7215378596783896,ALLOW,0,Medium,0.3,11
86,0.7215378596783896,1.0,Compliant,0.7772302877427116,ALLOW,0,Medium,0.3,11
87,0.7772302877427116,1.0,Compliant,0.8217842301941694,ALLOW,0,Medium,0.3,11
88,0.8217842301941694,1.0,Compliant,0.8574273841553355,ALLOW,0,Medium,0.3,11
89,0.8574273841553355,0.0,Violation,0.6859419073242684,ALLOW,1,Medium,0.3,11
90,0.6859419073242684,1.0,Compliant,0.7487535258594147,ALLOW,0,Medium,0.3,11
91,0.7487535258594147,0.0,Violation,0.5990028206875317,HUMAN_REVIEW,1,Medium,0.3,11
92,0.5990028206875317,1.0,Compliant,0.6792022565500253,ALLOW,0,Medium,0.3,11
93,0.6792022565500253,1.0,Compliant,0.7433618052400203,ALLOW,0,Medium,0.3,11
94,0.7433618052400203,1.0,Compliant,0.7946894441920161,ALLOW,0,Medium,0.3,11
95,0.7946894441920161,1.0,Compliant,0.8357515553536129,ALLOW,0,Medium,0.3,11
96,0.8357515553536129,1.0,Compliant,0.8686012442828903,ALLOW,0,Medium,0.3,11
97,0.8686012442828903,0.0,Violation,0.6948809954263123,ALLOW,1,Medium,0.3,11
98,0.6948809954263123,1.0,Compliant,0.7559047963410498,ALLOW,0,Medium,0.3,11
99,0.7559047963410498,1.0,Compliant,0.8047238370728398,ALLOW,0,Medium,0.3,11
100,0.8047238370728398,1.0,Compliant,0.8437790696582719,ALLOW,0,Medium,0.3,11
1,0.8,1.0,Compliant,0.8400000000000001,ALLOW,0,Medium,0.3,12
2,0.8400000000000001,1.0,Compliant,0.8720000000000001,ALLOW,0,Medium,0.3,12
3,0.8720000000000001,0.0,Violation,0.6976000000000001,ALLOW,1,Medium,0.3,12
4,0.6976000000000001,1.0,Compliant,0.7580800000000001,ALLOW,0,Medium,0.3,12
5,0.7580800000000001,1.0,Compliant,0.8064640000000001,ALLOW,0,Medium,0.3,12
6,0.8064640000000001,1.0,Compliant,0.8451712,ALLOW,0,Medium,0.3,12
7,0.8451712,1.0,Compliant,0.87613696,ALLOW,0,Medium,0.3,12
8,0.87613696,0.0,Violation,0.700909568,ALLOW,1,Medium,0.3,12
9,0.700909568,1.0,Compliant,0.7607276544,ALLOW,0,Medium,0.3,12
10,0.7607276544,1.0,Compliant,0.80858212352,ALLOW,0,Medium,0.3,12
11,0.80858212352,1.0,Compliant,0.846865698816,ALLOW,0,Medium,0.3,12
12,0.846865698816,0.0,Violation,0.6774925590528,ALLOW,1,Medium,0.3,12
13,0.6774925590528,1.0,Compliant,0.74199404724224,ALLOW,0,Medium,0.3,12
14,0.74199404724224,1.0,Compliant,0.793595237793792,ALLOW,0,Medium,0.3,12
15,0.793595237793792,1.0,Compliant,0.8348761902350337,ALLOW,0,Medium,0.3,12
16,0.8348761902350337,1.0,Compliant,0.867900952188027,ALLOW,0,Medium,0.3,12
17,0.867900952188027,1.0,Compliant,0.8943207617504216,ALLOW,0,Medium,0.3,12
18,0.8943207617504216,1.0,Compliant,0.9154566094003374,ALLOW,0,Medium,0.3,12
19,0.9154566094003374,0.0,Violation,0.73236528752027,ALLOW,1,Medium,0.3,12
20,0.73236528752027,1.0,Compliant,0.785892230016216,ALLOW,0,Medium,0.3,12
21,0.785892230016216,1.0,Compliant,0.8287137840129728,ALLOW,0,Medium,0.3,12
22,0.8287137840129728,1.0,Compliant,0.8629710272103782,ALLOW,0,Medium,0.3,12
23,0.8629710272103782,1.0,Compliant,0.8903768217683026,ALLOW,0,Medium,0.3,12
24,0.8903768217683026,0.0,Violation,0.7123014574146421,ALLOW,1,Medium,0.3,12
25,0.7123014574146421,1.0,Compliant,0.7698411659317137,ALLOW,0,Medium,0.3,12
26,0.7698411659317137,1.0,Compliant,0.815872932745371,ALLOW,0,Medium,0.3,12
27,0.815872932745371,1.0,Compliant,0.8526983461962968,ALLOW,0,Medium,0.3,12
28,0.8526983461962968,1.0,Compliant,0.8821586769570374,ALLOW,0,Medium,0.3,12
29,0.8821586769570374,0.0,Violation,0.70572694156563,ALLOW,1,Medium,0.3,12
30,0.70572694156563,1.0,Compliant,0.764581553252504,ALLOW,0,Medium,0.3,12
31,0.764581553252504,1.0,Compliant,0.8116652426020032,ALLOW,0,Medium,0.3,12
32,0.8116652426020032,1.0,Compliant,0.8493321940816025,ALLOW,0,Medium,0.3,12
33,0.8493321940816025,1.0,Compliant,0.879465755265282,ALLOW,0,Medium,0.3,12
34,0.879465755265282,1.0,Compliant,0.9035726042122256,ALLOW,0,Medium,0.3,12
35,0.9035726042122256,1.0,Compliant,0.9228580833697805,ALLOW,0,Medium,0.3,12
36,0.9228580833697805,1.0,Compliant,0.9382864666958244,ALLOW,0,Medium,0.3,12
37,0.9382864666958244,0.0,Violation,0.7506291733566596,ALLOW,1,Medium,0.3,12
38,0.7506291733566596,0.0,Violation,0.6005033386853277,ALLOW,1,Medium,0.3,12
39,0.6005033386853277,1.0,Compliant,0.6804026709482621,ALLOW,0,Medium,0.3,12
40,0.6804026709482621,1.0,Compliant,0.7443221367586097,ALLOW,0,Medium,0.3,12
41,0.7443221367586097,0.0,Violation,0.5954577094068878,HUMAN_REVIEW,1,Medium,0.3,12
42,0.5954577094068878,1.0,Compliant,0.6763661675255102,ALLOW,0,Medium,0.3,12
43,0.6763661675255102,0.0,Violation,0.5410929340204081,HUMAN_REVIEW,1,Medium,0.3,12
44,0.5410929340204081,1.0,Compliant,0.6328743472163265,ALLOW,0,Medium,0.3,12
45,0.6328743472163265,1.0,Compliant,0.7062994777730612,ALLOW,0,Medium,0.3,12
46,0.7062994777730612,0.0,Violation,0.565039582218449,HUMAN_REVIEW,1,Medium,0.3,12
47,0.565039582218449,1.0,Compliant,0.6520316657747591,ALLOW,0,Medium,0.3,12
48,0.6520316657747591,0.0,Violation,0.5216253326198074,HUMAN_REVIEW,1,Medium,0.3,12
49,0.5216253326198074,1.0,Compliant,0.6173002660958459,ALLOW,0,Medium,0.3,12
50,0.6173002660958459,0.0,Violation,0.49384021287667673,HUMAN_REVIEW,1,Medium,0.3,12
51,0.49384021287667673,0.0,Violation,0.3950721703013414,HUMAN_REVIEW,1,Medium,0.3,12
52,0.3950721703013414,1.0,Compliant,0.5160577362410731,HUMAN_REVIEW,0,Medium,0.3,12
53,0.5160577362410731,0.0,Violation,0.4128461889928585,HUMAN_REVIEW,1,Medium,0.3,12
54,0.4128461889928585,0.0,Violation,0.33027695119428685,HUMAN_REVIEW,1,Medium,0.3,12
55,0.33027695119428685,1.0,Compliant,0.46422156095542944,HUMAN_REVIEW,0,Medium,0.3,12
56,0.46422156095542944,1.0,Compliant,0.5713772487643436,HUMAN_REVIEW,0,Medium,0.3,12
57,0.5713772487643436,0.0,Violation,0.4571017990114749,HUMAN_REVIEW,1,Medium,0.3,12
58,0.4571017990114749,0.0,Violation,0.36568143920917995,HUMAN_REVIEW,1,Medium,0.3,12
59,0.36568143920917995,0.0,Violation,0.292545151367344,HUMAN_REVIEW,1,Medium,0.3,12
60,0.292545151367344,1.0,Compliant,0.4340361210938751,HUMAN_REVIEW,0,Medium,0.3,12
61,0.4340361210938751,1.0,Compliant,0.5472288968751,HUMAN_REVIEW,0,Medium,0.3,12
62,0.5472288968751,1.0,Compliant,0.63778311750008,ALLOW,0,Medium,0.3,12
63,0.63778311750008,0.0,Violation,0.510226494000064,HUMAN_REVIEW,1,Medium,0.3,12
64,0.510226494000064,1.0,Compliant,0.6081811952000512,ALLOW,0,Medium,0.3,12
65,0.6081811952000512,0.0,Violation,0.486544956160041,HUMAN_REVIEW,1,Medium,0.3,12
66,0.486544956160041,1.0,Compliant,0.5892359649280328,HUMAN_REVIEW,0,Medium,0.3,12
67,0.5892359649280328,0.0,Violation,0.47138877194242623,HUMAN_REVIEW,1,Medium,0.3,12
68,0.47138877194242623,1.0,Compliant,0.5771110175539409,HUMAN_REVIEW,0,Medium,0.3,12
69,0.5771110175539409,1.0,Compliant,0.6616888140431527,ALLOW,0,Medium,0.3,12
70,0.6616888140431527,1.0,Compliant,0.7293510512345222,ALLOW,0,Medium,0.3,12
71,0.7293510512345222,1.0,Compliant,0.7834808409876177,ALLOW,0,Medium,0.3,12
72,0.7834808409876177,1.0,Compliant,0.8267846727900942,ALLOW,0,Medium,0.3,12
73,0.8267846727900942,0.0,Violation,0.6614277382320753,ALLOW,1,Medium,0.3,12
74,0.6614277382320753,1.0,Compliant,0.7291421905856602,ALLOW,0,Medium,0.3,12
75,0.7291421905856602,1.0,Compliant,0.7833137524685282,ALLOW,0,Medium,0.3,12
76,0.7833137524685282,1.0,Compliant,0.8266510019748226,ALLOW,0,Medium,0.3,12
77,0.8266510019748226,1.0,Compliant,0.861320801579858,ALLOW,0,Medium,0.3,12
78,0.861320801579858,1.0,Compliant,0.8890566412638864,ALLOW,0,Medium,0.3,12
79,0.8890566412638864,1.0,Compliant,0.9112453130111091,ALLOW,0,Medium,0.3,12
80,0.9112453130111091,1.0,Compliant,0.9289962504088873,ALLOW,0,Medium,0.3,12
81,0.9289962504088873,1.0,Compliant,0.9431970003271098,ALLOW,0,Medium,0.3,12
82,0.9431970003271098,1.0,Compliant,0.9545576002616879,ALLOW,0,Medium,0.3,12
83,0.9545576002616879,0.0,Violation,0.7636460802093503,ALLOW,1,Medium,0.3,12
84,0.7636460802093503,1.0,Compliant,0.8109168641674802,ALLOW,0,Medium,0.3,12
85,0.8109168641674802,1.0,Compliant,0.8487334913339841,ALLOW,0,Medium,0.3,12
86,0.8487334913339841,1.0,Compliant,0.8789867930671873,ALLOW,0,Medium,0.3,12
87,0.8789867930671873,1.0,Compliant,0.9031894344537499,ALLOW,0,Medium,0.3,12
88,0.9031894344537499,1.0,Compliant,0.922551547563,ALLOW,0,Medium,0.3,12
89,0.922551547563,1.0,Compliant,0.9380412380504,ALLOW,0,Medium,0.3,12
90,0.9380412380504,1.0,Compliant,0.9504329904403199,ALLOW,0,Medium,0.3,12
91,0.9504329904403199,1.0,Compliant,0.9603463923522559,ALLOW,0,Medium,0.3,12
92,0.9603463923522559,1.0,Compliant,0.9682771138818047,ALLOW,0,Medium,0.3,12
93,0.9682771138818047,1.0,Compliant,0.9746216911054437,ALLOW,0,Medium,0.3,12
94,0.9746216911054437,1.0,Compliant,0.979697352884355,ALLOW,0,Medium,0.3,12
95,0.979697352884355,1.0,Compliant,0.983757882307484,ALLOW,0,Medium,0.3,12
96,0.983757882307484,1.0,Compliant,0.9870063058459871,ALLOW,0,Medium,0.3,12
97,0.9870063058459871,1.0,Compliant,0.9896050446767897,ALLOW,0,Medium,0.3,12
98,0.9896050446767897,1.0,Compliant,0.9916840357414317,ALLOW,0,Medium,0.3,12
99,0.9916840357414317,1.0,Compliant,0.9933472285931454,ALLOW,0,Medium,0.3,12
100,0.9933472285931454,0.0,Violation,0.7946777828745164,ALLOW,1,Medium,0.3,12
1,0.8,1.0,Compliant,0.8400000000000001,ALLOW,0,Medium,0.3,13
2,0.8400000000000001,0.0,Violation,0.6720000000000002,ALLOW,1,Medium,0.3,13
3,0.6720000000000002,1.0,Compliant,0.7376000000000001,ALLOW,0,Medium,0.3,13
4,0.7376000000000001,1.0,Compliant,0.7900800000000001,ALLOW,0,Medium,0.3,13
5,0.7900800000000001,1.0,Compliant,0.8320640000000001,ALLOW,0,Medium,0.3,13
6,0.8320640000000001,0.0,Violation,0.6656512000000001,ALLOW,1,Medium,0.3,13
7,0.6656512000000001,1.0,Compliant,0.7325209600000001,ALLOW,0,Medium,0.3,13
8,0.7325209600000001,1.0,Compliant,0.7860167680000001,ALLOW,0,Medium,0.3,13
9,0.7860167680000001,1.0,Compliant,0.8288134144000001,ALLOW,0,Medium,0.3,13
10,0.8288134144000001,1.0,Compliant,0.8630507315200001,ALLOW,0,Medium,0.3,13
11,0.8630507315200001,1.0,Compliant,0.8904405852160001,ALLOW,0,Medium,0.3,13
12,0.8904405852160001,0.0,Violation,0.7123524681728002,ALLOW,1,Medium,0.3,13
13,0.7123524681728002,1.0,Compliant,0.7698819745382401,ALLOW,0,Medium,0.3,13
14,0.7698819745382401,1.0,Compliant,0.8159055796305921,ALLOW,0,Medium,0.3,13
15,0.8159055796305921,1.0,Compliant,0.8527244637044736,ALLOW,0,Medium,0.3,13
16,0.8527244637044736,1.0,Compliant,0.8821795709635789,ALLOW,0,Medium,0.3,13
17,0.8821795709635789,1.0,Compliant,0.9057436567708631,ALLOW,0,Medium,0.3,13
18,0.9057436567708631,1.0,Compliant,0.9245949254166905,ALLOW,0,Medium,0.3,13
19,0.9245949254166905,0.0,Violation,0.7396759403333525,ALLOW,1,Medium,0.3,13
20,0.7396759403333525,1.0,Compliant,0.791740752266682,ALLOW,0,Medium,0.3,13
21,0.791740752266682,1.0,Compliant,0.8333926018133455,ALLOW,0,Medium,0.3,13
22,0.8333926018133455,1.0,Compliant,0.8667140814506764,ALLOW,0,Medium,0.3,13
23,0.8667140814506764,1.0,Compliant,0.8933712651605411,ALLOW,0,Medium,0.3,13
24,0.8933712651605411,0.0,Violation,0.714697012128433,ALLOW,1,Medium,0.3,13
25,0.714697012128433,1.0,Compliant,0.7717576097027463,ALLOW,0,Medium,0.3,13
26,0.7717576097027463,1.0,Compliant,0.817406087762197,ALLOW,0,Medium,0.3,13
27,0.817406087762197,1.0,Compliant,0.8539248702097576,ALLOW,0,Medium,0.3,13
28,0.8539248702097576,1.0,Compliant,0.8831398961678061,ALLOW,0,Medium,0.3,13
29,0.8831398961678061,1.0,Compliant,0.9065119169342448,ALLOW,0,Medium,0.3,13
30,0.9065119169342448,1.0,Compliant,0.9252095335473959,ALLOW,0,Medium,0.3,13
31,0.9252095335473959,0.0,Violation,0.7401676268379167,ALLOW,1,Medium,0.3,13
32,0.7401676268379167,0.0,Violation,0.5921341014703334,HUMAN_REVIEW,1,Medium,0.3,13
33,0.5921341014703334,0.0,Violation,0.47370728117626676,HUMAN_REVIEW,1,Medium,0.3,13
34,0.47370728117626676,1.0,Compliant,0.5789658249410135,HUMAN_REVIEW,0,Medium,0.3,13
35,0.5789658249410135,0.0,Violation,0.46317265995281076,HUMAN_REVIEW,1,Medium,0.3,13
36,0.46317265995281076,0.0,Violation,0.3705381279622486,HUMAN_REVIEW,1,Medium,0.3,13
37,0.3705381279622486,1.0,Compliant,0.49643050236979885,HUMAN_REVIEW,0,Medium,0.3,13
38,0.49643050236979885,0.0,Violation,0.3971444018958391,HUMAN_REVIEW,1,Medium,0.3,13
39,0.3971444018958391,0.0,Violation,0.3177155215166713,HUMAN_REVIEW,1,Medium,0.3,13
40,0.3177155215166713,1.0,Compliant,0.454172417213337,HUMAN_REVIEW,0,Medium,0.3,13
41,0.454172417213337,1.0,Compliant,0.5633379337706697,HUMAN_REVIEW,0,Medium,0.3,13
42,0.5633379337706697,1.0,Compliant,0.6506703470165357,ALLOW,0,Medium,0.3,13
43,0.6506703470165357,1.0,Compliant,0.7205362776132286,ALLOW,0,Medium,0.3,13
44,0.7205362776132286,1.0,Compliant,0.7764290220905828,ALLOW,0,Medium,0.3,13
45,0.7764290220905828,1.0,Compliant,0.8211432176724662,ALLOW,0,Medium,0.3,13
46,0.8211432176724662,1.0,Compliant,0.856914574137973,ALLOW,0,Medium,0.3,13
47,0.856914574137973,1.0,Compliant,0.8855316593103784,ALLOW,0,Medium,0.3,13
48,0.8855316593103784,1.0,Compliant,0.9084253274483027,ALLOW,0,Medium,0.3,13
49,0.9084253274483027,0.0,Violation,0.7267402619586423,ALLOW,1,Medium,0.3,13
50,0.7267402619586423,1.0,Compliant,0.7813922095669138,ALLOW,0,Medium,0.3,13
51,0.7813922095669138,0.0,Violation,0.6251137676535311,ALLOW,1,Medium,0.3,13
52,0.6251137676535311,0.0,Violation,0.5000910141228249,HUMAN_REVIEW,1,Medium,0.3,13
53,0.5000910141228249,1.0,Compliant,0.6000728112982598,ALLOW,0,Medium,0.3,13
54,0.6000728112982598,1.0,Compliant,0.6800582490386078,ALLOW,0,Medium,0.3,13
55,0.6800582490386078,1.0,Compliant,0.7440465992308862,ALLOW,0,Medium,0.3,13
56,0.7440465992308862,1.0,Compliant,0.795237279384709,ALLOW,0,Medium,0.3,13
57,0.795237279384709,1.0,Compliant,0.8361898235077672,ALLOW,0,Medium,0.3,13
58,0.8361898235077672,0.0,Violation,0.6689518588062138,ALLOW,1,Medium,0.3,13
59,0.6689518588062138,1.0,Compliant,0.735161487044971,ALLOW,0,Medium,0.3,13
60,0.735161487044971,0.0,Violation,0.5881291896359768,HUMAN_REVIEW,1,Medium,0.3,13
61,0.5881291896359768,1.0,Compliant,0.6705033517087815,ALLOW,0,Medium,0.3,13
62,0.6705033517087815,1.0,Compliant,0.7364026813670251,ALLOW,0,Medium,0.3,13
63,0.7364026813670251,1.0,Compliant,0.7891221450936201,ALLOW,0,Medium,0.3,13
64,0.7891221450936201,1.0,Compliant,0.8312977160748961,ALLOW,0,Medium,0.3,13
65,0.8312977160748961,0.0,Violation,0.665038172859917,ALLOW,1,Medium,0.3,13
66,0.665038172859917,0.0,Violation,0.5320305382879336,HUMAN_REVIEW,1,Medium,0.3,13
67,0.5320305382879336,0.0,Violation,0.4256244306303469,HUMAN_REVIEW,1,Medium,0.3,13
68,0.4256244306303469,1.0,Compliant,0.5404995445042775,HUMAN_REVIEW,0,Medium,0.3,13
69,0.5404995445042775,0.0,Violation,0.43239963560342204,HUMAN_REVIEW,1,Medium,0.3,13
70,0.43239963560342204,0.0,Violation,0.3459197084827377,HUMAN_REVIEW,1,Medium,0.3,13
71,0.3459197084827377,1.0,Compliant,0.4767357667861901,HUMAN_REVIEW,0,Medium,0.3,13
72,0.4767357667861901,1.0,Compliant,0.5813886134289521,HUMAN_REVIEW,0,Medium,0.3,13
73,0.5813886134289521,1.0,Compliant,0.6651108907431617,ALLOW,0,Medium,0.3,13
74,0.6651108907431617,0.0,Violation,0.5320887125945294,HUMAN_REVIEW,1,Medium,0.3,13
75,0.5320887125945294,1.0,Compliant,0.6256709700756236,ALLOW,0,Medium,0.3,13
76,0.6256709700756236,1.0,Compliant,0.7005367760604988,ALLOW,0,Medium,0.3,13
77,0.7005367760604988,1.0,Compliant,0.760429420848399,ALLOW,0,Medium,0.3,13
78,0.760429420848399,1.0,Compliant,0.8083435366787193,ALLOW,0,Medium,0.3,13
79,0.8083435366787193,1.0,Compliant,0.8466748293429754,ALLOW,0,Medium,0.3,13
80,0.8466748293429754,0.0,Violation,0.6773398634743804,ALLOW,1,Medium,0.3,13
81,0.6773398634743804,0.0,Violation,0.5418718907795043,HUMAN_REVIEW,1,Medium,0.3,13
82,0.5418718907795043,1.0,Compliant,0.6334975126236033,ALLOW,0,Medium,0.3,13
83,0.6334975126236033,0.0,Violation,0.5067980100988827,HUMAN_REVIEW,1,Medium,0.3,13
84,0.5067980100988827,1.0,Compliant,0.6054384080791062,ALLOW,0,Medium,0.3,13
85,0.6054384080791062,1.0,Compliant,0.6843507264632849,ALLOW,0,Medium,0.3,13
86,0.6843507264632849,1.0,Compliant,0.7474805811706279,ALLOW,0,Medium,0.3,13
87,0.7474805811706279,0.0,Violation,0.5979844649365024,HUMAN_REVIEW,1,Medium,0.3,13
88,0.5979844649365024,1.0,Compliant,0.6783875719492019,ALLOW,0,Medium,0.3,13
89,0.6783875719492019,0.0,Violation,0.5427100575593615,HUMAN_REVIEW,1,Medium,0.3,13
90,0.5427100575593615,1.0,Compliant,0.6341680460474892,ALLOW,0,Medium,0.3,13
91,0.6341680460474892,1.0,Compliant,0.7073344368379914,ALLOW,0,Medium,0.3,13
92,0.7073344368379914,1.0,Compliant,0.765867549470393,ALLOW,0,Medium,0.3,13
93,0.765867549470393,0.0,Violation,0.6126940395763145,ALLOW,1,Medium,0.3,13
94,0.6126940395763145,1.0,Compliant,0.6901552316610515,ALLOW,0,Medium,0.3,13
95,0.6901552316610515,1.0,Compliant,0.7521241853288412,ALLOW,0,Medium,0.3,13
96,0.7521241853288412,0.0,Violation,0.601699348263073,ALLOW,1,Medium,0.3,13
97,0.601699348263073,1.0,Compliant,0.6813594786104584,ALLOW,0,Medium,0.3,13
98,0.6813594786104584,1.0,Compliant,0.7450875828883667,ALLOW,0,Medium,0.3,13
99,0.7450875828883667,1.0,Compliant,0.7960700663106933,ALLOW,0,Medium,0.3,13
100,0.7960700663106933,1.0,Compliant,0.8368560530485547,ALLOW,0,Medium,0.3,13
1,0.8,1.0,Compliant,0.8400000000000001,ALLOW,0,Medium,0.3,14
2,0.8400000000000001,1.0,Compliant,0.8720000000000001,ALLOW,0,Medium,0.3,14
3,0.8720000000000001,1.0,Compliant,0.8976000000000001,ALLOW,0,Medium,0.3,14
4,0.8976000000000001,1.0,Compliant,0.91808,ALLOW,0,Medium,0.3,14
5,0.91808,1.0,Compliant,0.934464,ALLOW,0,Medium,0.3,14
6,0.934464,0.0,Violation,0.7475712,ALLOW,1,Medium,0.3,14
7,0.7475712,1.0,Compliant,0.7980569599999999,ALLOW,0,Medium,0.3,14
8,0.7980569599999999,1.0,Compliant,0.8384455679999999,ALLOW,0,Medium,0.3,14
9,0.8384455679999999,1.0,Compliant,0.8707564543999999,ALLOW,0,Medium,0.3,14
10,0.8707564543999999,1.0,Compliant,0.89660516352,ALLOW,0,Medium,0.3,14
11,0.89660516352,1.0,Compliant,0.917284130816,ALLOW,0,Medium,0.3,14
12,0.917284130816,1.0,Compliant,0.9338273046528001,ALLOW,0,Medium,0.3,14
13,0.9338273046528001,1.0,Compliant,0.94706184372224,ALLOW,0,Medium,0.3,14
14,0.94706184372224,1.0,Compliant,0.957649474977792,ALLOW,0,Medium,0.3,14
15,0.957649474977792,1.0,Compliant,0.9661195799822335,ALLOW,0,Medium,0.3,14
16,0.9661195799822335,0.0,Violation,0.7728956639857869,ALLOW,1,Medium,0.3,14
17,0.7728956639857869,1.0,Compliant,0.8183165311886296,ALLOW,0,Medium,0.3,14
18,0.8183165311886296,1.0,Compliant,0.8546532249509037,ALLOW,0,Medium,0.3,14
19,0.8546532249509037,1.0,Compliant,0.8837225799607229,ALLOW,0,Medium,0.3,14
20,0.8837225799607229,1.0,Compliant,0.9069780639685783,ALLOW,0,Medium,0.3,14
21,0.9069780639685783,1.0,Compliant,0.9255824511748626,ALLOW,0,Medium,0.3,14
22,0.9255824511748626,0.0,Violation,0.7404659609398901,ALLOW,1,Medium,0.3,14
23,0.7404659609398901,1.0,Compliant,0.7923727687519121,ALLOW,0,Medium,0.3,14
24,0.7923727687519121,1.0,Compliant,0.8338982150015297,ALLOW,0,Medium,0.3,14
25,0.8338982150015297,1.0,Compliant,0.8671185720012238,ALLOW,0,Medium,0.3,14
26,0.8671185720012238,1.0,Compliant,0.893694857600979,ALLOW,0,Medium,0.3,14
27,0.893694857600979,0.0,Violation,0.7149558860807832,ALLOW,1,Medium,0.3,14
28,0.7149558860807832,0.0,Violation,0.5719647088646266,HUMAN_REVIEW,1,Medium,0.3,14
29,0.5719647088646266,0.0,Violation,0.4575717670917013,HUMAN_REVIEW,1,Medium,0.3,14
30,0.4575717670917013,0.0,Violation,0.36605741367336103,HUMAN_REVIEW,1,Medium,0.3,14
31,0.36605741367336103,1.0,Compliant,0.4928459309386888,HUMAN_REVIEW,0,Medium,0.3,14
32,0.4928459309386888,1.0,Compliant,0.5942767447509509,HUMAN_REVIEW,0,Medium,0.3,14
33,0.5942767447509509,1.0,Compliant,0.6754213958007607,ALLOW,0,Medium,0.3,14
34,0.6754213958007607,0.0,Violation,0.5403371166406086,HUMAN_REVIEW,1,Medium,0.3,14
35,0.5403371166406086,1.0,Compliant,0.6322696933124868,ALLOW,0,Medium,0.3,14
36,0.6322696933124868,1.0,Compliant,0.7058157546499895,ALLOW,0,Medium,0.3,14
37,0.7058157546499895,1.0,Compliant,0.7646526037199916,ALLOW,0,Medium,0.3,14
38,0.7646526037199916,1.0,Compliant,0.8117220829759932,ALLOW,0,Medium,0.3,14
39,0.8117220829759932,1.0,Compliant,0.8493776663807946,ALLOW,0,Medium,0.3,14
40,0.8493776663807946,1.0,Compliant,0.8795021331046357,ALLOW,0,Medium,0.3,14
41,0.8795021331046357,1.0,Compliant,0.9036017064837085,ALLOW,0,Medium,0.3,14
42,0.9036017064837085,1.0,Compliant,0.9228813651869668,ALLOW,0,Medium,0.3,14
43,0.9228813651869668,1.0,Compliant,0.9383050921495735,ALLOW,0,Medium,0.3,14
44,0.9383050921495735,0.0,Violation,0.7506440737196588,ALLOW,1,Medium,0.3,14
45,0.7506440737196588,1.0,Compliant,0.8005152589757271,ALLOW,0,Medium,0.3,14
46,0.8005152589757271,1.0,Compliant,0.8404122071805816,ALLOW,0,Medium,0.3,14
47,0.8404122071805816,0.0,Violation,0.6723297657444653,ALLOW,1,Medium,0.3,14
48,0.6723297657444653,1.0,Compliant,0.7378638125955722,ALLOW,0,Medium,0.3,14
49,0.7378638125955722,1.0,Compliant,0.7902910500764577,ALLOW,0,Medium,0.3,14
50,0.7902910500764577,1.0,Compliant,0.8322328400611662,ALLOW,0,Medium,0.3,14
51,0.8322328400611662,1.0,Compliant,0.8657862720489329,ALLOW,0,Medium,0.3,14
52,0.8657862720489329,0.0,Violation,0.6926290176391463,ALLOW,1,Medium,0.3,14
53,0.6926290176391463,1.0,Compliant,0.754103214111317,ALLOW,0,Medium,0.3,14
54,0.754103214111317,1.0,Compliant,0.8032825712890536,ALLOW,0,Medium,0.3,14
55,0.8032825712890536,1.0,Compliant,0.8426260570312428,ALLOW,0,Medium,0.3,14
56,0.8426260570312428,1.0,Compliant,0.8741008456249942,ALLOW,0,Medium,0.3,14
57,0.8741008456249942,0.0,Violation,0.6992806764999955,ALLOW,1,Medium,0.3,14
58,0.6992806764999955,0.0,Violation,0.5594245411999964,HUMAN_REVIEW,1,Medium,0.3,14
59,0.5594245411999964,1.0,Compliant,0.6475396329599972,ALLOW,0,Medium,0.3,14
60,0.6475396329599972,0.0,Violation,0.5180317063679978,HUMAN_REVIEW,1,Medium,0.3,14
61,0.5180317063679978,1.0,Compliant,0.6144253650943983,ALLOW,0,Medium,0.3,14
62,0.6144253650943983,1.0,Compliant,0.6915402920755186,ALLOW,0,Medium,0.3,14
63,0.6915402920755186,0.0,Violation,0.5532322336604149,HUMAN_REVIEW,1,Medium,0.3,14
64,0.5532322336604149,0.0,Violation,0.4425857869283319,HUMAN_REVIEW,1,Medium,0.3,14
65,0.4425857869283319,0.0,Violation,0.35406862954266555,HUMAN_REVIEW,1,Medium,0.3,14
66,0.35406862954266555,1.0,Compliant,0.4832549036341324,HUMAN_REVIEW,0,Medium,0.3,14
67,0.4832549036341324,0.0,Violation,0.38660392290730594,HUMAN_REVIEW,1,Medium,0.3,14
68,0.38660392290730594,1.0,Compliant,0.5092831383258447,HUMAN_REVIEW,0,Medium,0.3,14
69,0.5092831383258447,1.0,Compliant,0.6074265106606758,ALLOW,0,Medium,0.3,14
70,0.6074265106606758,1.0,Compliant,0.6859412085285406,ALLOW,0,Medium,0.3,14
71,0.6859412085285406,1.0,Compliant,0.7487529668228324,ALLOW,0,Medium,0.3,14
72,0.7487529668228324,1.0,Compliant,0.799002373458266,ALLOW,0,Medium,0.3,14
73,0.799002373458266,1.0,Compliant,0.8392018987666128,ALLOW,0,Medium,0.3,14
74,0.8392018987666128,1.0,Compliant,0.8713615190132902,ALLOW,0,Medium,0.3,14
75,0.8713615190132902,0.0,Violation,0.6970892152106322,ALLOW,1,Medium,0.3,14
76,0.6970892152106322,1.0,Compliant,0.7576713721685057,ALLOW,0,Medium,0.3,14
77,0.7576713721685057,1.0,Compliant,0.8061370977348046,ALLOW,0,Medium,0.3,14
78,0.8061370977348046,1.0,Compliant,0.8449096781878437,ALLOW,0,Medium,0.3,14
79,0.8449096781878437,1.0,Compliant,0.875927742550275,ALLOW,0,Medium,0.3,14
80,0.875927742550275,0.0,Violation,0.70074219404022,ALLOW,1,Medium,0.3,14
81,0.70074219404022,1.0,Compliant,0.760593755232176,ALLOW,0,Medium,0.3,14
82,0.760593755232176,1.0,Compliant,0.8084750041857408,ALLOW,0,Medium,0.3,14
83,0.8084750041857408,0.0,Violation,0.6467800033485926,ALLOW,1,Medium,0.3,14
84,0.6467800033485926,0.0,Violation,0.5174240026788741,HUMAN_REVIEW,1,Medium,0.3,14
85,0.5174240026788741,1.0,Compliant,0.6139392021430993,ALLOW,0,Medium,0.3,14
86,0.6139392021430993,1.0,Compliant,0.6911513617144793,ALLOW,0,Medium,0.3,14
87,0.6911513617144793,1.0,Compliant,0.7529210893715834,ALLOW,0,Medium,0.3,14
88,0.7529210893715834,1.0,Compliant,0.8023368714972667,ALLOW,0,Medium,0.3,14
89,0.8023368714972667,0.0,Violation,0.6418694971978134,ALLOW,1,Medium,0.3,14
90,0.6418694971978134,1.0,Compliant,0.7134955977582507,ALLOW,0,Medium,0.3,14
91,0.7134955977582507,1.0,Compliant,0.7707964782066005,ALLOW,0,Medium,0.3,14
92,0.7707964782066005,0.0,Violation,0.6166371825652804,ALLOW,1,Medium,0.3,14
93,0.6166371825652804,1.0,Compliant,0.6933097460522244,ALLOW,0,Medium,0.3,14
94,0.6933097460522244,1.0,Compliant,0.7546477968417795,ALLOW,0,Medium,0.3,14
95,0.7546477968417795,1.0,Compliant,0.8037182374734236,ALLOW,0,Medium,0.3,14
96,0.8037182374734236,1.0,Compliant,0.8429745899787389,ALLOW,0,Medium,0.3,14
97,0.8429745899787389,0.0,Violation,0.6743796719829911,ALLOW,1,Medium,0.3,14
98,0.6743796719829911,1.0,Compliant,0.7395037375863929,ALLOW,0,Medium,0.3,14
99,0.7395037375863929,0.0,Violation,0.5916029900691143,HUMAN_REVIEW,1,Medium,0.3,14
100,0.5916029900691143,1.0,Compliant,0.6732823920552915,ALLOW,0,Medium,0.3,14
1,0.8,1.0,Compliant,0.8400000000000001,ALLOW,0,Medium,0.3,15
2,0.8400000000000001,1.0,Compliant,0.8720000000000001,ALLOW,0,Medium,0.3,15
3,0.8720000000000001,1.0,Compliant,0.8976000000000001,ALLOW,0,Medium,0.3,15
4,0.8976000000000001,0.0,Violation,0.71808,ALLOW,1,Medium,0.3,15
5,0.71808,0.0,Violation,0.5744640000000001,HUMAN_REVIEW,1,Medium,0.3,15
6,0.5744640000000001,0.0,Violation,0.45957120000000007,HUMAN_REVIEW,1,Medium,0.3,15
7,0.45957120000000007,1.0,Compliant,0.5676569600000001,HUMAN_REVIEW,0,Medium,0.3,15
8,0.5676569600000001,1.0,Compliant,0.654125568,ALLOW,0,Medium,0.3,15
9,0.654125568,1.0,Compliant,0.7233004544,ALLOW,0,Medium,0.3,15
10,0.7233004544,1.0,Compliant,0.77864036352,ALLOW,0,Medium,0.3,15
11,0.77864036352,0.0,Violation,0.6229122908160001,ALLOW,1,Medium,0.3,15
12,0.6229122908160001,0.0,Violation,0.49832983265280006,HUMAN_REVIEW,1,Medium,0.3,15
13,0.49832983265280006,1.0,Compliant,0.5986638661222401,HUMAN_REVIEW,0,Medium,0.3,15
14,0.5986638661222401,1.0,Compliant,0.6789310928977921,ALLOW,0,Medium,0.3,15
15,0.6789310928977921,1.0,Compliant,0.7431448743182336,ALLOW,0,Medium,0.3,15
16,0.7431448743182336,1.0,Compliant,0.7945158994545869,ALLOW,0,Medium,0.3,15
17,0.7945158994545869,1.0,Compliant,0.8356127195636696,ALLOW,0,Medium,0.3,15
18,0.8356127195636696,0.0,Violation,0.6684901756509357,ALLOW,1,Medium,0.3,15
19,0.6684901756509357,1.0,Compliant,0.7347921405207486,ALLOW,0,Medium,0.3,15
20,0.7347921405207486,1.0,Compliant,0.7878337124165988,ALLOW,0,Medium,0.3,15
21,0.7878337124165988,1.0,Compliant,0.8302669699332791,ALLOW,0,Medium,0.3,15
22,0.8302669699332791,0.0,Violation,0.6642135759466233,ALLOW,1,Medium,0.3,15
23,0.6642135759466233,1.0,Compliant,0.7313708607572986,ALLOW,0,Medium,0.3,15
24,0.7313708607572986,1.0,Compliant,0.7850966886058389,ALLOW,0,Medium,0.3,15
25,0.7850966886058389,1.0,Compliant,0.8280773508846712,ALLOW,0,Medium,0.3,15
26,0.8280773508846712,0.0,Violation,0.6624618807077369,ALLOW,1,Medium,0.3,15
27,0.6624618807077369,1.0,Compliant,0.7299695045661895,ALLOW,0,Medium,0.3,15
28,0.7299695045661895,1.0,Compliant,0.7839756036529516,ALLOW,0,Medium,0.3,15
29,0.7839756036529516,1.0,Compliant,0.8271804829223612,ALLOW,0,Medium,0.3,15
30,0.8271804829223612,1.0,Compliant,0.861744386337889,ALLOW,0,Medium,0.3,15
31,0.861744386337889,1.0,Compliant,0.8893955090703112,ALLOW,0,Medium,0.3,15
32,0.8893955090703112,1.0,Compliant,0.9115164072562489,ALLOW,0,Medium,0.3,15
33,0.9115164072562489,1.0,Compliant,0.9292131258049992,ALLOW,0,Medium,0.3,15
34,0.9292131258049992,0.0,Violation,0.7433705006439993,ALLOW,1,Medium,0.3,15
35,0.7433705006439993,0.0,Violation,0.5946964005151995,HUMAN_REVIEW,1,Medium,0.3,15
36,0.5946964005151995,1.0,Compliant,0.6757571204121595,ALLOW,0,Medium,0.3,15
37,0.6757571204121595,1.0,Compliant,0.7406056963297276,ALLOW,0,Medium,0.3,15
38,0.7406056963297276,1.0,Compliant,0.7924845570637821,ALLOW,0,Medium,0.3,15
39,0.7924845570637821,1.0,Compliant,0.8339876456510257,ALLOW,0,Medium,0.3,15
40,0.8339876456510257,0.0,Violation,0.6671901165208206,ALLOW,1,Medium,0.3,15
41,0.6671901165208206,1.0,Compliant,0.7337520932166565,ALLOW,0,Medium,0.3,15
42,0.7337520932166565,0.0,Violation,0.5870016745733252,HUMAN_REVIEW,1,Medium,0.3,15
43,0.5870016745733252,0.0,Violation,0.4696013396586602,HUMAN_REVIEW,1,Medium,0.3,15
44,0.4696013396586602,0.0,Violation,0.37568107172692816,HUMAN_REVIEW,1,Medium,0.3,15
45,0.37568107172692816,1.0,Compliant,0.5005448573815425,HUMAN_REVIEW,0,Medium,0.3,15
46,0.5005448573815425,1.0,Compliant,0.600435885905234,ALLOW,0,Medium,0.3,15
47,0.600435885905234,1.0,Compliant,0.6803487087241872,ALLOW,0,Medium,0.3,15
48,0.6803487087241872,1.0,Compliant,0.7442789669793497,ALLOW,0,Medium,0.3,15
49,0.7442789669793497,1.0,Compliant,0.7954231735834797,ALLOW,0,Medium,0.3,15
50,0.7954231735834797,1.0,Compliant,0.8363385388667838,ALLOW,0,Medium,0.3,15
51,0.8363385388667838,1.0,Compliant,0.869070831093427,ALLOW,0,Medium,0.3,15
52,0.869070831093427,0.0,Violation,0.6952566648747416,ALLOW,1,Medium,0.3,15
53,0.6952566648747416,1.0,Compliant,0.7562053318997932,ALLOW,0,Medium,0.3,15
54,0.7562053318997932,1.0,Compliant,0.8049642655198346,ALLOW,0,Medium,0.3,15
55,0.8049642655198346,0.0,Violation,0.6439714124158677,ALLOW,1,Medium,0.3,15
56,0.6439714124158677,1.0,Compliant,0.7151771299326942,ALLOW,0,Medium,0.3,15
57,0.7151771299326942,1.0,Compliant,0.7721417039461553,ALLOW,0,Medium,0.3,15
58,0.7721417039461553,0.0,Violation,0.6177133631569243,ALLOW,1,Medium,0.3,15
59,0.6177133631569243,1.0,Compliant,0.6941706905255394,ALLOW,0,Medium,0.3,15
60,0.6941706905255394,1.0,Compliant,0.7553365524204315,ALLOW,0,Medium,0.3,15
61,0.7553365524204315,1.0,Compliant,0.8042692419363452,ALLOW,0,Medium,0.3,15
62,0.8042692419363452,1.0,Compliant,0.8434153935490761,ALLOW,0,Medium,0.3,15
63,0.8434153935490761,1.0,Compliant,0.874732314839261,ALLOW,0,Medium,0.3,15
64,0.874732314839261,1.0,Compliant,0.8997858518714088,ALLOW,0,Medium,0.3,15
65,0.8997858518714088,1.0,Compliant,0.919828681497127,ALLOW,0,Medium,0.3,15
66,0.919828681497127,0.0,Violation,0.7358629451977017,ALLOW,1,Medium,0.3,15
67,0.7358629451977017,1.0,Compliant,0.7886903561581613,ALLOW,0,Medium,0.3,15
68,0.7886903561581613,1.0,Compliant,0.8309522849265291,ALLOW,0,Medium,0.3,15
69,0.8309522849265291,0.0,Violation,0.6647618279412233,ALLOW,1,Medium,0.3,15
70,0.6647618279412233,1.0,Compliant,0.7318094623529786,ALLOW,0,Medium,0.3,15
71,0.7318094623529786,1.0,Compliant,0.7854475698823828,ALLOW,0,Medium,0.3,15
72,0.7854475698823828,0.0,Violation,0.6283580559059063,ALLOW,1,Medium,0.3,15
73,0.6283580559059063,1.0,Compliant,0.7026864447247251,ALLOW,0,Medium,0.3,15
74,0.7026864447247251,1.0,Compliant,0.76214915577978,ALLOW,0,Medium,0.3,15
75,0.76214915577978,1.0,Compliant,0.809719324623824,ALLOW,0,Medium,0.3,15
76,0.809719324623824,1.0,Compliant,0.8477754596990592,ALLOW,0,Medium,0.3,15
77,0.8477754596990592,0.0,Violation,0.6782203677592474,ALLOW,1,Medium,0.3,15
78,0.6782203677592474,1.0,Compliant,0.7425762942073979,ALLOW,0,Medium,0.3,15
79,0.7425762942073979,1.0,Compliant,0.7940610353659183,ALLOW,0,Medium,0.3,15
80,0.7940610353659183,1.0,Compliant,0.8352488282927346,ALLOW,0,Medium,0.3,15
81,0.8352488282927346,1.0,Compliant,0.8681990626341877,ALLOW,0,Medium,0.3,15
82,0.8681990626341877,1.0,Compliant,0.8945592501073502,ALLOW,0,Medium,0.3,15
83,0.8945592501073502,1.0,Compliant,0.9156474000858801,ALLOW,0,Medium,0.3,15
84,0.9156474000858801,1.0,Compliant,0.932517920068704,ALLOW,0,Medium,0.3,15
85,0.932517920068704,1.0,Compliant,0.9460143360549632,ALLOW,0,Medium,0.3,15
86,0.9460143360549632,1.0,Compliant,0.9568114688439706,ALLOW,0,Medium,0.3,15
87,0.9568114688439706,1.0,Compliant,0.9654491750751765,ALLOW,0,Medium,0.3,15
88,0.9654491750751765,1.0,Compliant,0.9723593400601411,ALLOW,0,Medium,0.3,15
89,0.9723593400601411,1.0,Compliant,0.9778874720481129,ALLOW,0,Medium,0.3,15
90,0.9778874720481129,1.0,Compliant,0.9823099776384903,ALLOW,0,Medium,0.3,15
91,0.9823099776384903,1.0,Compliant,0.9858479821107922,ALLOW,0,Medium,0.3,15
92,0.9858479821107922,1.0,Compliant,0.9886783856886338,ALLOW,0,Medium,0.3,15
93,0.9886783856886338,1.0,Compliant,0.990942708550907,ALLOW,0,Medium,0.3,15
94,0.990942708550907,1.0,Compliant,0.9927541668407256,ALLOW,0,Medium,0.3,15
95,0.9927541668407256,1.0,Compliant,0.9942033334725805,ALLOW,0,Medium,0.3,15
96,0.9942033334725805,1.0,Compliant,0.9953626667780644,ALLOW,0,Medium,0.3,15
97,0.9953626667780644,0.0,Violation,0.7962901334224516,ALLOW,1,Medium,0.3,15
98,0.7962901334224516,1.0,Compliant,0.8370321067379612,ALLOW,0,Medium,0.3,15
99,0.8370321067379612,1.0,Compliant,0.869625685390369,ALLOW,0,Medium,0.3,15
100,0.869625685390369,1.0,Compliant,0.8957005483122952,ALLOW,0,Medium,0.3,15
1,0.8,0.0,Violation,0.6400000000000001,ALLOW,1,Medium,0.3,16
2,0.6400000000000001,1.0,Compliant,0.7120000000000001,ALLOW,0,Medium,0.3,16
3,0.7120000000000001,1.0,Compliant,0.7696000000000001,ALLOW,0,Medium,0.3,16
4,0.7696000000000001,1.0,Compliant,0.8156800000000001,ALLOW,0,Medium,0.3,16
5,0.8156800000000001,1.0,Compliant,0.8525440000000001,ALLOW,0,Medium,0.3,16
6,0.8525440000000001,1.0,Compliant,0.8820352,ALLOW,0,Medium,0.3,16
7,0.8820352,1.0,Compliant,0.90562816,ALLOW,0,Medium,0.3,16
8,0.90562816,1.0,Compliant,0.924502528,ALLOW,0,Medium,0.3,16
9,0.924502528,1.0,Compliant,0.9396020224,ALLOW,0,Medium,0.3,16
10,0.9396020224,1.0,Compliant,0.9516816179200001,ALLOW,0,Medium,0.3,16
11,0.9516816179200001,1.0,Compliant,0.961345294336,ALLOW,0,Medium,0.3,16
12,0.961345294336,0.0,Violation,0.7690762354688001,ALLOW,1,Medium,0.3,16
13,0.7690762354688001,1.0,Compliant,0.8152609883750401,ALLOW,0,Medium,0.3,16
14,0.8152609883750401,1.0,Compliant,0.8522087907000321,ALLOW,0,Medium,0.3,16
15,0.8522087907000321,1.0,Compliant,0.8817670325600256,ALLOW,0,Medium,0.3,16
16,0.8817670325600256,1.0,Compliant,0.9054136260480206,ALLOW,0,Medium,0.3,16
17,0.9054136260480206,1.0,Compliant,0.9243309008384164,ALLOW,0,Medium,0.3,16
18,0.9243309008384164,1.0,Compliant,0.9394647206707332,ALLOW,0,Medium,0.3,16
19,0.9394647206707332,1.0,Compliant,0.9515717765365865,ALLOW,0,Medium,0.3,16
20,0.9515717765365865,1.0,Compliant,0.9612574212292693,ALLOW,0,Medium,0.3,16
21,0.9612574212292693,1.0,Compliant,0.9690059369834154,ALLOW,0,Medium,0.3,16
22,0.9690059369834154,0.0,Violation,0.7752047495867324,ALLOW,1,Medium,0.3,16
23,0.7752047495867324,0.0,Violation,0.620163799669386,ALLOW,1,Medium,0.3,16
24,0.620163799669386,0.0,Violation,0.49613103973550876,HUMAN_REVIEW,1,Medium,0.3,16
25,0.49613103973550876,1.0,Compliant,0.5969048317884069,HUMAN_REVIEW,0,Medium,0.3,16
26,0.5969048317884069,1.0,Compliant,0.6775238654307255,ALLOW,0,Medium,0.3,16
27,0.6775238654307255,1.0,Compliant,0.7420190923445804,ALLOW,0,Medium,0.3,16
28,0.7420190923445804,1.0,Compliant,0.7936152738756643,ALLOW,0,Medium,0.3,16
29,0.7936152738756643,0.0,Violation,0.6348922191005315,ALLOW,1,Medium,0.3,16
30,0.6348922191005315,0.0,Violation,0.5079137752804253,HUMAN_REVIEW,1,Medium,0.3,16
31,0.5079137752804253,0.0,Violation,0.4063310202243402,HUMAN_REVIEW,1,Medium,0.3,16
32,0.4063310202243402,1.0,Compliant,0.5250648161794722,HUMAN_REVIEW,0,Medium,0.3,16
33,0.5250648161794722,1.0,Compliant,0.6200518529435777,ALLOW,0,Medium,0.3,16
34,0.6200518529435777,1.0,Compliant,0.6960414823548622,ALLOW,0,Medium,0.3,16
35,0.6960414823548622,1.0,Compliant,0.7568331858838897,ALLOW,0,Medium,0.3,16
36,0.7568331858838897,1.0,Compliant,0.8054665487071118,ALLOW,0,Medium,0.3,16
37,0.8054665487071118,1.0,Compliant,0.8443732389656894,ALLOW,0,Medium,0.3,16
38,0.8443732389656894,0.0,Violation,0.6754985911725515,ALLOW,1,Medium,0.3,16
39,0.6754985911725515,0.0,Violation,0.5403988729380412,HUMAN_REVIEW,1,Medium,0.3,16
40,0.5403988729380412,1.0,Compliant,0.632319098350433,ALLOW,0,Medium,0.3,16
41,0.632319098350433,1.0,Compliant,0.7058552786803464,ALLOW,0,Medium,0.3,16
42,0.7058552786803464,1.0,Compliant,0.7646842229442771,ALLOW,0,Medium,0.3,16
43,0.7646842229442771,1.0,Compliant,0.8117473783554217,ALLOW,0,Medium,0.3,16
44,0.8117473783554217,0.0,Violation,0.6493979026843374,ALLOW,1,Medium,0.3,16
45,0.6493979026843374,0.0,Violation,0.51951832214747,HUMAN_REVIEW,1,Medium,0.3,16
46,0.51951832214747,1.0,Compliant,0.615614657717976,ALLOW,0,Medium,0.3,16
47,0.615614657717976,1.0,Compliant,0.6924917261743808,ALLOW,0,Medium,0.3,16
48,0.6924917261743808,1.0,Compliant,0.7539933809395046,ALLOW,0,Medium,0.3,16
49,0.7539933809395046,1.0,Compliant,0.8031947047516037,ALLOW,0,Medium,0.3,16
50,0.8031947047516037,1.0,Compliant,0.8425557638012829,ALLOW,0,Medium,0.3,16
51,0.8425557638012829,0.0,Violation,0.6740446110410264,ALLOW,1,Medium,0.3,16
52,0.6740446110410264,1.0,Compliant,0.7392356888328211,ALLOW,0,Medium,0.3,16
53,0.7392356888328211,1.0,Compliant,0.7913885510662568,ALLOW,0,Medium,0.3,16
54,0.7913885510662568,1.0,Compliant,0.8331108408530055,ALLOW,0,Medium,0.3,16
55,0.8331108408530055,1.0,Compliant,0.8664886726824044,ALLOW,0,Medium,0.3,16
56,0.8664886726824044,1.0,Compliant,0.8931909381459235,ALLOW,0,Medium,0.3,16
57,0.8931909381459235,1.0,Compliant,0.9145527505167388,ALLOW,0,Medium,0.3,16
58,0.9145527505167388,1.0,Compliant,0.9316422004133911,ALLOW,0,Medium,0.3,16
59,0.9316422004133911,1.0,Compliant,0.9453137603307129,ALLOW,0,Medium,0.3,16
60,0.9453137603307129,1.0,Compliant,0.9562510082645703,ALLOW,0,Medium,0.3,16
61,0.9562510082645703,0.0,Violation,0.7650008066116563,ALLOW,1,Medium,0.3,16
62,0.7650008066116563,1.0,Compliant,0.812000645289325,ALLOW,0,Medium,0.3,16
63,0.812000645289325,1.0,Compliant,0.84960051623146,ALLOW,0,Medium,0.3,16
64,0.84960051623146,1.0,Compliant,0.8796804129851681,ALLOW,0,Medium,0.3,16
65,0.8796804129851681,1.0,Compliant,0.9037443303881345,ALLOW,0,Medium,0.3,16
66,0.9037443303881345,1.0,Compliant,0.9229954643105076,ALLOW,0,Medium,0.3,16
67,0.9229954643105076,1.0,Compliant,0.938396371448406,ALLOW,0,Medium,0.3,16
68,0.938396371448406,1.0,Compliant,0.9507170971587249,ALLOW,0,Medium,0.3,16
69,0.9507170971587249,0.0,Violation,0.7605736777269799,ALLOW,1,Medium,0.3,16
70,0.7605736777269799,1.0,Compliant,0.808458942181584,ALLOW,0,Medium,0.3,16
71,0.808458942181584,0.0,Violation,0.6467671537452673,ALLOW,1,Medium,0.3,16
72,0.6467671537452673,0.0,Violation,0.5174137229962138,HUMAN_REVIEW,1,Medium,0.3,16
73,0.5174137229962138,1.0,Compliant,0.6139309783969711,ALLOW,0,Medium,0.3,16
74,0.6139309783969711,0.0,Violation,0.4911447827175769,HUMAN_REVIEW,1,Medium,0.3,16
75,0.4911447827175769,1.0,Compliant,0.5929158261740615,HUMAN_REVIEW,0,Medium,0.3,16
76,0.5929158261740615,1.0,Compliant,0.6743326609392492,ALLOW,0,Medium,0.3,16
77,0.6743326609392492,1.0,Compliant,0.7394661287513993,ALLOW,0,Medium,0.3,16
78,0.7394661287513993,1.0,Compliant,0.7915729030011194,ALLOW,0,Medium,0.3,16
79,0.7915729030011194,1.0,Compliant,0.8332583224008955,ALLOW,0,Medium,0.3,16
80,0.8332583224008955,1.0,Compliant,0.8666066579207163,ALLOW,0,Medium,0.3,16
81,0.8666066579207163,0.0,Violation,0.6932853263365731,ALLOW,1,Medium,0.3,16
82,0.6932853263365731,1.0,Compliant,0.7546282610692585,ALLOW,0,Medium,0.3,16
83,0.7546282610692585,1.0,Compliant,0.8037026088554068,ALLOW,0,Medium,0.3,16
84,0.8037026088554068,0.0,Violation,0.6429620870843255,ALLOW,1,Medium,0.3,16
85,0.6429620870843255,0.0,Violation,0.5143696696674603,HUMAN_REVIEW,1,Medium,0.3,16
86,0.5143696696674603,1.0,Compliant,0.6114957357339683,ALLOW,0,Medium,0.3,16
87,0.6114957357339683,1.0,Compliant,0.6891965885871747,ALLOW,0,Medium,0.3,16
88,0.6891965885871747,1.0,Compliant,0.7513572708697397,ALLOW,0,Medium,0.3,16
89,0.7513572708697397,1.0,Compliant,0.8010858166957917,ALLOW,0,Medium,0.3,16
90,0.8010858166957917,0.0,Violation,0.6408686533566335,ALLOW,1,Medium,0.3,16
91,0.6408686533566335,0.0,Violation,0.5126949226853068,HUMAN_REVIEW,1,Medium,0.3,16
92,0.5126949226853068,1.0,Compliant,0.6101559381482454,ALLOW,0,Medium,0.3,16
93,0.6101559381482454,0.0,Violation,0.4881247505185964,HUMAN_REVIEW,1,Medium,0.3,16
94,0.4881247505185964,1.0,Compliant,0.5904998004148772,HUMAN_REVIEW,0,Medium,0.3,16
95,0.5904998004148772,0.0,Violation,0.47239984033190174,HUMAN_REVIEW,1,Medium,0.3,16
96,0.47239984033190174,0.0,Violation,0.37791987226552143,HUMAN_REVIEW,1,Medium,0.3,16
97,0.37791987226552143,0.0,Violation,0.30233589781241715,HUMAN_REVIEW,1,Medium,0.3,16
98,0.30233589781241715,1.0,Compliant,0.4418687182499337,HUMAN_REVIEW,0,Medium,0.3,16
99,0.4418687182499337,0.0,Violation,0.35349497459994694,HUMAN_REVIEW,1,Medium,0.3,16
100,0.35349497459994694,1.0,Compliant,0.4827959796799575,HUMAN_REVIEW,0,Medium,0.3,16
1,0.8,1.0,Compliant,0.8400000000000001,ALLOW,0,Medium,0.3,17
2,0.8400000000000001,1.0,Compliant,0.8720000000000001,ALLOW,0,Medium,0.3,17
3,0.8720000000000001,1.0,Compliant,0.8976000000000001,ALLOW,0,Medium,0.3,17
4,0.8976000000000001,1.0,Compliant,0.91808,ALLOW,0,Medium,0.3,17
5,0.91808,0.0,Violation,0.734464,ALLOW,1,Medium,0.3,17
6,0.734464,1.0,Compliant,0.7875712,ALLOW,0,Medium,0.3,17
7,0.7875712,1.0,Compliant,0.8300569600000001,ALLOW,0,Medium,0.3,17
8,0.8300569600000001,1.0,Compliant,0.8640455680000001,ALLOW,0,Medium,0.3,17
9,0.8640455680000001,1.0,Compliant,0.8912364544000001,ALLOW,0,Medium,0.3,17
10,0.8912364544000001,0.0,Violation,0.7129891635200001,ALLOW,1,Medium,0.3,17
11,0.7129891635200001,1.0,Compliant,0.7703913308160001,ALLOW,0,Medium,0.3,17
12,0.7703913308160001,1.0,Compliant,0.8163130646528001,ALLOW,0,Medium,0.3,17
13,0.8163130646528001,1.0,Compliant,0.85305045172224,ALLOW,0,Medium,0.3,17
14,0.85305045172224,1.0,Compliant,0.882440361377792,ALLOW,0,Medium,0.3,17
15,0.882440361377792,1.0,Compliant,0.9059522891022336,ALLOW,0,Medium,0.3,17
16,0.9059522891022336,1.0,Compliant,0.9247618312817869,ALLOW,0,Medium,0.3,17
17,0.9247618312817869,1.0,Compliant,0.9398094650254295,ALLOW,0,Medium,0.3,17
18,0.9398094650254295,0.0,Violation,0.7518475720203437,ALLOW,1,Medium,0.3,17
19,0.7518475720203437,0.0,Violation,0.601478057616275,ALLOW,1,Medium,0.3,17
20,0.601478057616275,0.0,Violation,0.4811824460930201,HUMAN_REVIEW,1,Medium,0.3,17
21,0.4811824460930201,1.0,Compliant,0.584945956874416,HUMAN_REVIEW,0,Medium,0.3,17
22,0.584945956874416,0.0,Violation,0.4679567654995328,HUMAN_REVIEW,1,Medium,0.3,17
23,0.4679567654995328,0.0,Violation,0.3743654123996263,HUMAN_REVIEW,1,Medium,0.3,17
24,0.3743654123996263,1.0,Compliant,0.499492329919701,HUMAN_REVIEW,0,Medium,0.3,17
25,0.499492329919701,1.0,Compliant,0.5995938639357608,HUMAN_REVIEW,0,Medium,0.3,17
26,0.5995938639357608,1.0,Compliant,0.6796750911486086,ALLOW,0,Medium,0.3,17
27,0.6796750911486086,0.0,Violation,0.5437400729188869,HUMAN_REVIEW,1,Medium,0.3,17
28,0.5437400729188869,0.0,Violation,0.43499205833510957,HUMAN_REVIEW,1,Medium,0.3,17
29,0.43499205833510957,1.0,Compliant,0.5479936466680877,HUMAN_REVIEW,0,Medium,0.3,17
30,0.5479936466680877,1.0,Compliant,0.6383949173344701,ALLOW,0,Medium,0.3,17
31,0.6383949173344701,1.0,Compliant,0.710715933867576,ALLOW,0,Medium,0.3,17
32,0.710715933867576,0.0,Violation,0.5685727470940608,HUMAN_REVIEW,1,Medium,0.3,17
33,0.5685727470940608,0.0,Violation,0.45485819767524865,HUMAN_REVIEW,1,Medium,0.3,17
34,0.45485819767524865,1.0,Compliant,0.5638865581401988,HUMAN_REVIEW,0,Medium,0.3,17
35,0.5638865581401988,1.0,Compliant,0.6511092465121591,ALLOW,0,Medium,0.3,17
36,0.6511092465121591,0.0,Violation,0.5208873972097273,HUMAN_REVIEW,1,Medium,0.3,17
37,0.5208873972097273,0.0,Violation,0.4167099177677819,HUMAN_REVIEW,1,Medium,0.3,17
38,0.4167099177677819,1.0,Compliant,0.5333679342142255,HUMAN_REVIEW,0,Medium,0.3,17
39,0.5333679342142255,0.0,Violation,0.4266943473713804,HUMAN_REVIEW,1,Medium,0.3,17
40,0.4266943473713804,1.0,Compliant,0.5413554778971044,HUMAN_REVIEW,0,Medium,0.3,17
41,0.5413554778971044,1.0,Compliant,0.6330843823176835,ALLOW,0,Medium,0.3,17
42,0.6330843823176835,1.0,Compliant,0.7064675058541467,ALLOW,0,Medium,0.3,17
43,0.7064675058541467,1.0,Compliant,0.7651740046833174,ALLOW,0,Medium,0.3,17
44,0.7651740046833174,0.0,Violation,0.612139203746654,ALLOW,1,Medium,0.3,17
45,0.612139203746654,1.0,Compliant,0.6897113629973232,ALLOW,0,Medium,0.3,17
46,0.6897113629973232,1.0,Compliant,0.7517690903978586,ALLOW,0,Medium,0.3,17
47,0.7517690903978586,1.0,Compliant,0.8014152723182868,ALLOW,0,Medium,0.3,17
48,0.8014152723182868,1.0,Compliant,0.8411322178546294,ALLOW,0,Medium,0.3,17
49,0.8411322178546294,1.0,Compliant,0.8729057742837035,ALLOW,0,Medium,0.3,17
50,0.8729057742837035,0.0,Violation,0.6983246194269629,ALLOW,1,Medium,0.3,17
51,0.6983246194269629,1.0,Compliant,0.7586596955415703,ALLOW,0,Medium,0.3,17
52,0.7586596955415703,1.0,Compliant,0.8069277564332562,ALLOW,0,Medium,0.3,17
53,0.8069277564332562,0.0,Violation,0.645542205146605,ALLOW,1,Medium,0.3,17
54,0.645542205146605,1.0,Compliant,0.716433764117284,ALLOW,0,Medium,0.3,17
55,0.716433764117284,1.0,Compliant,0.7731470112938271,ALLOW,0,Medium,0.3,17
56,0.7731470112938271,1.0,Compliant,0.8185176090350617,ALLOW,0,Medium,0.3,17
57,0.8185176090350617,1.0,Compliant,0.8548140872280493,ALLOW,0,Medium,0.3,17
58,0.8548140872280493,0.0,Violation,0.6838512697824395,ALLOW,1,Medium,0.3,17
59,0.6838512697824395,1.0,Compliant,0.7470810158259515,ALLOW,0,Medium,0.3,17
60,0.7470810158259515,1.0,Compliant,0.7976648126607612,ALLOW,0,Medium,0.3,17
61,0.7976648126607612,1.0,Compliant,0.8381318501286089,ALLOW,0,Medium,0.3,17
62,0.8381318501286089,1.0,Compliant,0.8705054801028871,ALLOW,0,Medium,0.3,17
63,0.8705054801028871,1.0,Compliant,0.8964043840823097,ALLOW,0,Medium,0.3,17
64,0.8964043840823097,0.0,Violation,0.7171235072658478,ALLOW,1,Medium,0.3,17
65,0.7171235072658478,1.0,Compliant,0.7736988058126782,ALLOW,0,Medium,0.3,17
66,0.7736988058126782,1.0,Compliant,0.8189590446501426,ALLOW,0,Medium,0.3,17
67,0.8189590446501426,0.0,Violation,0.6551672357201141,ALLOW,1,Medium,0.3,17
68,0.6551672357201141,1.0,Compliant,0.7241337885760913,ALLOW,0,Medium,0.3,17
69,0.7241337885760913,0.0,Violation,0.5793070308608731,HUMAN_REVIEW,1,Medium,0.3,17
70,0.5793070308608731,1.0,Compliant,0.6634456246886984,ALLOW,0,Medium,0.3,17
71,0.6634456246886984,1.0,Compliant,0.7307564997509587,ALLOW,0,Medium,0.3,17
72,0.7307564997509587,0.0,Violation,0.584605199800767,HUMAN_REVIEW,1,Medium,0.3,17
73,0.584605199800767,1.0,Compliant,0.6676841598406136,ALLOW,0,Medium,0.3,17
74,0.6676841598406136,1.0,Compliant,0.7341473278724908,ALLOW,0,Medium,0.3,17
75,0.7341473278724908,0.0,Violation,0.5873178622979927,HUMAN_REVIEW,1,Medium,0.3,17
76,0.5873178622979927,1.0,Compliant,0.6698542898383941,ALLOW,0,Medium,0.3,17
77,0.6698542898383941,1.0,Compliant,0.7358834318707153,ALLOW,0,Medium,0.3,17
78,0.7358834318707153,1.0,Compliant,0.7887067454965722,ALLOW,0,Medium,0.3,17
79,0.7887067454965722,1.0,Compliant,0.8309653963972577,ALLOW,0,Medium,0.3,17
80,0.8309653963972577,1.0,Compliant,0.8647723171178062,ALLOW,0,Medium,0.3,17
81,0.8647723171178062,1.0,Compliant,0.8918178536942449,ALLOW,0,Medium,0.3,17
82,0.8918178536942449,0.0,Violation,0.713454282955396,ALLOW,1,Medium,0.3,17
83,0.713454282955396,1.0,Compliant,0.7707634263643168,ALLOW,0,Medium,0.3,17
84,0.7707634263643168,0.0,Violation,0.6166107410914535,ALLOW,1,Medium,0.3,17
85,0.6166107410914535,1.0,Compliant,0.6932885928731628,ALLOW,0,Medium,0.3,17
86,0.6932885928731628,0.0,Violation,0.5546308742985303,HUMAN_REVIEW,1,Medium,0.3,17
87,0.5546308742985303,1.0,Compliant,0.6437046994388242,ALLOW,0,Medium,0.3,17
88,0.6437046994388242,1.0,Compliant,0.7149637595510594,ALLOW,0,Medium,0.3,17
89,0.7149637595510594,0.0,Violation,0.5719710076408475,HUMAN_REVIEW,1,Medium,0.3,17
90,0.5719710076408475,1.0,Compliant,0.657576806112678,ALLOW,0,Medium,0.3,17
91,0.657576806112678,1.0,Compliant,0.7260614448901423,ALLOW,0,Medium,0.3,17
92,0.7260614448901423,0.0,Violation,0.580849155912114,HUMAN_REVIEW,1,Medium,0.3,17
93,0.580849155912114,0.0,Violation,0.4646793247296912,HUMAN_REVIEW,1,Medium,0.3,17
94,0.4646793247296912,0.0,Violation,0.371743459783753,HUMAN_REVIEW,1,Medium,0.3,17
95,0.371743459783753,1.0,Compliant,0.49739476782700237,HUMAN_REVIEW,0,Medium,0.3,17
96,0.49739476782700237,1.0,Compliant,0.5979158142616019,HUMAN_REVIEW,0,Medium,0.3,17
97,0.5979158142616019,0.0,Violation,0.47833265140928155,HUMAN_REVIEW,1,Medium,0.3,17
98,0.47833265140928155,0.0,Violation,0.38266612112742526,HUMAN_REVIEW,1,Medium,0.3,17
99,0.38266612112742526,1.0,Compliant,0.5061328969019402,HUMAN_REVIEW,0,Medium,0.3,17
100,0.5061328969019402,0.0,Violation,0.40490631752155215,HUMAN_REVIEW,1,Medium,0.3,17
1,0.8,1.0,Compliant,0.8400000000000001,ALLOW,0,Medium,0.3,18
2,0.8400000000000001,1.0,Compliant,0.8720000000000001,ALLOW,0,Medium,0.3,18
3,0.8720000000000001,1.0,Compliant,0.8976000000000001,ALLOW,0,Medium,0.3,18
4,0.8976000000000001,1.0,Compliant,0.91808,ALLOW,0,Medium,0.3,18
5,0.91808,1.0,Compliant,0.934464,ALLOW,0,Medium,0.3,18
6,0.934464,1.0,Compliant,0.9475712,ALLOW,0,Medium,0.3,18
7,0.9475712,0.0,Violation,0.75805696,ALLOW,1,Medium,0.3,18
8,0.75805696,1.0,Compliant,0.806445568,ALLOW,0,Medium,0.3,18
9,0.806445568,1.0,Compliant,0.8451564544,ALLOW,0,Medium,0.3,18
10,0.8451564544,1.0,Compliant,0.87612516352,ALLOW,0,Medium,0.3,18
11,0.87612516352,1.0,Compliant,0.9009001308160001,ALLOW,0,Medium,0.3,18
12,0.9009001308160001,1.0,Compliant,0.9207201046528001,ALLOW,0,Medium,0.3,18
13,0.9207201046528001,0.0,Violation,0.7365760837222401,ALLOW,1,Medium,0.3,18
14,0.7365760837222401,1.0,Compliant,0.7892608669777921,ALLOW,0,Medium,0.3,18
15,0.7892608669777921,1.0,Compliant,0.8314086935822337,ALLOW,0,Medium,0.3,18
16,0.8314086935822337,1.0,Compliant,0.865126954865787,ALLOW,0,Medium,0.3,18
17,0.865126954865787,0.0,Violation,0.6921015638926296,ALLOW,1,Medium,0.3,18
18,0.6921015638926296,0.0,Violation,0.5536812511141037,HUMAN_REVIEW,1,Medium,0.3,18
19,0.5536812511141037,1.0,Compliant,0.6429450008912829,ALLOW,0,Medium,0.3,18
20,0.6429450008912829,1.0,Compliant,0.7143560007130263,ALLOW,0,Medium,0.3,18
21,0.7143560007130263,1.0,Compliant,0.771484800570421,ALLOW,0,Medium,0.3,18
22,0.771484800570421,1.0,Compliant,0.8171878404563369,ALLOW,0,Medium,0.3,18
23,0.8171878404563369,1.0,Compliant,0.8537502723650695,ALLOW,0,Medium,0.3,18
24,0.8537502723650695,1.0,Compliant,0.8830002178920556,ALLOW,0,Medium,0.3,18
25,0.8830002178920556,1.0,Compliant,0.9064001743136445,ALLOW,0,Medium,0.3,18
26,0.9064001743136445,1.0,Compliant,0.9251201394509156,ALLOW,0,Medium,0.3,18
27,0.9251201394509156,0.0,Violation,0.7400961115607325,ALLOW,1,Medium,0.3,18
28,0.7400961115607325,0.0,Violation,0.592076889248586,HUMAN_REVIEW,1,Medium,0.3,18
29,0.592076889248586,0.0,Violation,0.47366151139886886,HUMAN_REVIEW,1,Medium,0.3,18
30,0.47366151139886886,0.0,Violation,0.3789292091190951,HUMAN_REVIEW,1,Medium,0.3,18
31,0.3789292091190951,1.0,Compliant,0.5031433672952761,HUMAN_REVIEW,0,Medium,0.3,18
32,0.5031433672952761,1.0,Compliant,0.6025146938362209,ALLOW,0,Medium,0.3,18
33,0.6025146938362209,0.0,Violation,0.48201175506897675,HUMAN_REVIEW,1,Medium,0.3,18
34,0.48201175506897675,0.0,Violation,0.3856094040551814,HUMAN_REVIEW,1,Medium,0.3,18
35,0.3856094040551814,0.0,Violation,0.30848752324414513,HUMAN_REVIEW,1,Medium,0.3,18
36,0.30848752324414513,1.0,Compliant,0.4467900185953161,HUMAN_REVIEW,0,Medium,0.3,18
37,0.4467900185953161,0.0,Violation,0.35743201487625287,HUMAN_REVIEW,1,Medium,0.3,18
38,0.35743201487625287,1.0,Compliant,0.4859456119010023,HUMAN_REVIEW,0,Medium,0.3,18
39,0.4859456119010023,1.0,Compliant,0.5887564895208017,HUMAN_REVIEW,0,Medium,0.3,18
40,0.5887564895208017,0.0,Violation,0.4710051916166414,HUMAN_REVIEW,1,Medium,0.3,18
41,0.4710051916166414,1.0,Compliant,0.576804153293313,HUMAN_REVIEW,0,Medium,0.3,18
42,0.576804153293313,1.0,Compliant,0.6614433226346503,ALLOW,0,Medium,0.3,18
43,0.6614433226346503,1.0,Compliant,0.7291546581077203,ALLOW,0,Medium,0.3,18
44,0.7291546581077203,1.0,Compliant,0.7833237264861762,ALLOW,0,Medium,0.3,18
45,0.7833237264861762,0.0,Violation,0.626658981188941,ALLOW,1,Medium,0.3,18
46,0.626658981188941,1.0,Compliant,0.7013271849511528,ALLOW,0,Medium,0.3,18
47,0.7013271849511528,1.0,Compliant,0.7610617479609222,ALLOW,0,Medium,0.3,18
48,0.7610617479609222,0.0,Violation,0.6088493983687377,ALLOW,1,Medium,0.3,18
49,0.6088493983687377,1.0,Compliant,0.6870795186949902,ALLOW,0,Medium,0.3,18
50,0.6870795186949902,1.0,Compliant,0.7496636149559921,ALLOW,0,Medium,0.3,18
51,0.7496636149559921,1.0,Compliant,0.7997308919647936,ALLOW,0,Medium,0.3,18
52,0.7997308919647936,1.0,Compliant,0.8397847135718349,ALLOW,0,Medium,0.3,18
53,0.8397847135718349,1.0,Compliant,0.871827770857468,ALLOW,0,Medium,0.3,18
54,0.871827770857468,0.0,Violation,0.6974622166859744,ALLOW,1,Medium,0.3,18
55,0.6974622166859744,1.0,Compliant,0.7579697733487795,ALLOW,0,Medium,0.3,18
56,0.7579697733487795,0.0,Violation,0.6063758186790236,ALLOW,1,Medium,0.3,18
57,0.6063758186790236,0.0,Violation,0.48510065494321886,HUMAN_REVIEW,1,Medium,0.3,18
58,0.48510065494321886,1.0,Compliant,0.588080523954575,HUMAN_REVIEW,0,Medium,0.3,18
59,0.588080523954575,0.0,Violation,0.47046441916366,HUMAN_REVIEW,1,Medium,0.3,18
60,0.47046441916366,0.0,Violation,0.37637153533092804,HUMAN_REVIEW,1,Medium,0.3,18
61,0.37637153533092804,0.0,Violation,0.30109722826474244,HUMAN_REVIEW,1,Medium,0.3,18
62,0.30109722826474244,1.0,Compliant,0.4408777826117939,HUMAN_REVIEW,0,Medium,0.3,18
63,0.4408777826117939,1.0,Compliant,0.5527022260894351,HUMAN_REVIEW,0,Medium,0.3,18
64,0.5527022260894351,0.0,Violation,0.4421617808715481,HUMAN_REVIEW,1,Medium,0.3,18
65,0.4421617808715481,1.0,Compliant,0.5537294246972384,HUMAN_REVIEW,0,Medium,0.3,18
66,0.5537294246972384,1.0,Compliant,0.6429835397577908,ALLOW,0,Medium,0.3,18
67,0.6429835397577908,0.0,Violation,0.5143868318062327,HUMAN_REVIEW,1,Medium,0.3,18
68,0.5143868318062327,0.0,Violation,0.4115094654449862,HUMAN_REVIEW,1,Medium,0.3,18
69,0.4115094654449862,1.0,Compliant,0.5292075723559889,HUMAN_REVIEW,0,Medium,0.3,18
70,0.5292075723559889,1.0,Compliant,0.623366057884791,ALLOW,0,Medium,0.3,18
71,0.623366057884791,1.0,Compliant,0.6986928463078328,ALLOW,0,Medium,0.3,18
72,0.6986928463078328,1.0,Compliant,0.7589542770462662,ALLOW,0,Medium,0.3,18
73,0.7589542770462662,1.0,Compliant,0.8071634216370129,ALLOW,0,Medium,0.3,18
74,0.8071634216370129,0.0,Violation,0.6457307373096104,ALLOW,1,Medium,0.3,18
75,0.6457307373096104,1.0,Compliant,0.7165845898476882,ALLOW,0,Medium,0.3,18
76,0.7165845898476882,1.0,Compliant,0.7732676718781506,ALLOW,0,Medium,0.3,18
77,0.7732676718781506,1.0,Compliant,0.8186141375025204,ALLOW,0,Medium,0.3,18
78,0.8186141375025204,1.0,Compliant,0.8548913100020163,ALLOW,0,Medium,0.3,18
79,0.8548913100020163,1.0,Compliant,0.8839130480016131,ALLOW,0,Medium,0.3,18
80,0.8839130480016131,1.0,Compliant,0.9071304384012905,ALLOW,0,Medium,0.3,18
81,0.9071304384012905,0.0,Violation,0.7257043507210325,ALLOW,1,Medium,0.3,18
82,0.7257043507210325,0.0,Violation,0.5805634805768259,HUMAN_REVIEW,1,Medium,0.3,18
83,0.5805634805768259,0.0,Violation,0.46445078446146076,HUMAN_REVIEW,1,Medium,0.3,18
84,0.46445078446146076,1.0,Compliant,0.5715606275691686,HUMAN_REVIEW,0,Medium,0.3,18
85,0.5715606275691686,1.0,Compliant,0.6572485020553349,ALLOW,0,Medium,0.3,18
86,0.6572485020553349,0.0,Violation,0.525798801644268,HUMAN_REVIEW,1,Medium,0.3,18
87,0.525798801644268,0.0,Violation,0.4206390413154144,HUMAN_REVIEW,1,Medium,0.3,18
88,0.4206390413154144,1.0,Compliant,0.5365112330523315,HUMAN_REVIEW,0,Medium,0.3,18
89,0.5365112330523315,1.0,Compliant,0.6292089864418652,ALLOW,0,Medium,0.3,18
90,0.6292089864418652,1.0,Compliant,0.7033671891534922,ALLOW,0,Medium,0.3,18
91,0.7033671891534922,1.0,Compliant,0.7626937513227937,ALLOW,0,Medium,0.3,18
92,0.7626937513227937,1.0,Compliant,0.810155001058235,ALLOW,0,Medium,0.3,18
93,0.810155001058235,1.0,Compliant,0.848124000846588,ALLOW,0,Medium,0.3,18
94,0.848124000846588,1.0,Compliant,0.8784992006772704,ALLOW,0,Medium,0.3,18
95,0.8784992006772704,1.0,Compliant,0.9027993605418163,ALLOW,0,Medium,0.3,18
96,0.9027993605418163,0.0,Violation,0.7222394884334531,ALLOW,1,Medium,0.3,18
97,0.7222394884334531,1.0,Compliant,0.7777915907467624,ALLOW,0,Medium,0.3,18
98,0.7777915907467624,1.0,Compliant,0.82223327259741,ALLOW,0,Medium,0.3,18
99,0.82223327259741,1.0,Compliant,0.857786618077928,ALLOW,0,Medium,0.3,18
100,0.857786618077928,1.0,Compliant,0.8862292944623424,ALLOW,0,Medium,0.3,18
1,0.8,0.0,Violation,0.6400000000000001,ALLOW,1,Medium,0.3,19
2,0.6400000000000001,1.0,Compliant,0.7120000000000001,ALLOW,0,Medium,0.3,19
3,0.7120000000000001,1.0,Compliant,0.7696000000000001,ALLOW,0,Medium,0.3,19
4,0.7696000000000001,1.0,Compliant,0.8156800000000001,ALLOW,0,Medium,0.3,19
5,0.8156800000000001,0.0,Violation,0.6525440000000001,ALLOW,1,Medium,0.3,19
6,0.6525440000000001,1.0,Compliant,0.7220352000000001,ALLOW,0,Medium,0.3,19
7,0.7220352000000001,0.0,Violation,0.5776281600000001,HUMAN_REVIEW,1,Medium,0.3,19
8,0.5776281600000001,0.0,Violation,0.46210252800000007,HUMAN_REVIEW,1,Medium,0.3,19
9,0.46210252800000007,1.0,Compliant,0.5696820224000001,HUMAN_REVIEW,0,Medium,0.3,19
10,0.5696820224000001,1.0,Compliant,0.6557456179200001,ALLOW,0,Medium,0.3,19
11,0.6557456179200001,1.0,Compliant,0.724596494336,ALLOW,0,Medium,0.3,19
12,0.724596494336,1.0,Compliant,0.7796771954688,ALLOW,0,Medium,0.3,19
13,0.7796771954688,0.0,Violation,0.62374175637504,ALLOW,1,Medium,0.3,19
14,0.62374175637504,0.0,Violation,0.49899340510003204,HUMAN_REVIEW,1,Medium,0.3,19
15,0.49899340510003204,1.0,Compliant,0.5991947240800256,HUMAN_REVIEW,0,Medium,0.3,19
16,0.5991947240800256,0.0,Violation,0.4793557792640205,HUMAN_REVIEW,1,Medium,0.3,19
17,0.4793557792640205,1.0,Compliant,0.5834846234112163,HUMAN_REVIEW,0,Medium,0.3,19
18,0.5834846234112163,0.0,Violation,0.4667876987289731,HUMAN_REVIEW,1,Medium,0.3,19
19,0.4667876987289731,1.0,Compliant,0.5734301589831785,HUMAN_REVIEW,0,Medium,0.3,19
20,0.5734301589831785,1.0,Compliant,0.6587441271865428,ALLOW,0,Medium,0.3,19
21,0.6587441271865428,1.0,Compliant,0.7269953017492342,ALLOW,0,Medium,0.3,19
22,0.7269953017492342,1.0,Compliant,0.7815962413993873,ALLOW,0,Medium,0.3,19
23,0.7815962413993873,0.0,Violation,0.6252769931195099,ALLOW,1,Medium,0.3,19
24,0.6252769931195099,1.0,Compliant,0.700221594495608,ALLOW,0,Medium,0.3,19
25,0.700221594495608,1.0,Compliant,0.7601772755964863,ALLOW,0,Medium,0.3,19
26,0.7601772755964863,1.0,Compliant,0.8081418204771891,ALLOW,0,Medium,0.3,19
27,0.8081418204771891,1.0,Compliant,0.8465134563817512,ALLOW,0,Medium,0.3,19
28,0.8465134563817512,0.0,Violation,0.677210765105401,ALLOW,1,Medium,0.3,19
29,0.677210765105401,1.0,Compliant,0.7417686120843208,ALLOW,0,Medium,0.3,19
30,0.7417686120843208,0.0,Violation,0.5934148896674566,HUMAN_REVIEW,1,Medium,0.3,19
31,0.5934148896674566,1.0,Compliant,0.6747319117339652,ALLOW,0,Medium,0.3,19
32,0.6747319117339652,0.0,Violation,0.5397855293871722,HUMAN_REVIEW,1,Medium,0.3,19
33,0.5397855293871722,1.0,Compliant,0.6318284235097378,ALLOW,0,Medium,0.3,19
34,0.6318284235097378,1.0,Compliant,0.7054627388077902,ALLOW,0,Medium,0.3,19
35,0.7054627388077902,1.0,Compliant,0.7643701910462322,ALLOW,0,Medium,0.3,19
36,0.7643701910462322,1.0,Compliant,0.8114961528369857,ALLOW,0,Medium,0.3,19
37,0.8114961528369857,1.0,Compliant,0.8491969222695885,ALLOW,0,Medium,0.3,19
38,0.8491969222695885,0.0,Violation,0.6793575378156709,ALLOW,1,Medium,0.3,19
39,0.6793575378156709,1.0,Compliant,0.7434860302525367,ALLOW,0,Medium,0.3,19
40,0.7434860302525367,1.0,Compliant,0.7947888242020293,ALLOW,0,Medium,0.3,19
41,0.7947888242020293,1.0,Compliant,0.8358310593616235,ALLOW,0,Medium,0.3,19
42,0.8358310593616235,1.0,Compliant,0.8686648474892988,ALLOW,0,Medium,0.3,19
43,0.8686648474892988,0.0,Violation,0.6949318779914391,ALLOW,1,Medium,0.3,19
44,0.6949318779914391,1.0,Compliant,0.7559455023931513,ALLOW,0,Medium,0.3,19
45,0.7559455023931513,1.0,Compliant,0.804756401914521,ALLOW,0,Medium,0.3,19
46,0.804756401914521,1.0,Compliant,0.8438051215316168,ALLOW,0,Medium,0.3,19
47,0.8438051215316168,1.0,Compliant,0.8750440972252934,ALLOW,0,Medium,0.3,19
48,0.8750440972252934,0.0,Violation,0.7000352777802348,ALLOW,1,Medium,0.3,19
49,0.7000352777802348,1.0,Compliant,0.7600282222241878,ALLOW,0,Medium,0.3,19
50,0.7600282222241878,1.0,Compliant,0.8080225777793502,ALLOW,0,Medium,0.3,19
51,0.8080225777793502,1.0,Compliant,0.8464180622234801,ALLOW,0,Medium,0.3,19
52,0.8464180622234801,0.0,Violation,0.6771344497787841,ALLOW,1,Medium,0.3,19
53,0.6771344497787841,1.0,Compliant,0.7417075598230273,ALLOW,0,Medium,0.3,19
54,0.7417075598230273,1.0,Compliant,0.7933660478584218,ALLOW,0,Medium,0.3,19
55,0.7933660478584218,1.0,Compliant,0.8346928382867375,ALLOW,0,Medium,0.3,19
56,0.8346928382867375,1.0,Compliant,0.8677542706293899,ALLOW,0,Medium,0.3,19
57,0.8677542706293899,1.0,Compliant,0.894203416503512,ALLOW,0,Medium,0.3,19
58,0.894203416503512,1.0,Compliant,0.9153627332028096,ALLOW,0,Medium,0.3,19
59,0.9153627332028096,1.0,Compliant,0.9322901865622477,ALLOW,0,Medium,0.3,19
60,0.9322901865622477,1.0,Compliant,0.9458321492497982,ALLOW,0,Medium,0.3,19
61,0.9458321492497982,0.0,Violation,0.7566657193998386,ALLOW,1,Medium,0.3,19
62,0.7566657193998386,0.0,Violation,0.605332575519871,ALLOW,1,Medium,0.3,19
63,0.605332575519871,0.0,Violation,0.4842660604158968,HUMAN_REVIEW,1,Medium,0.3,19
64,0.4842660604158968,1.0,Compliant,0.5874128483327175,HUMAN_REVIEW,0,Medium,0.3,19
65,0.5874128483327175,1.0,Compliant,0.6699302786661739,ALLOW,0,Medium,0.3,19
66,0.6699302786661739,1.0,Compliant,0.7359442229329392,ALLOW,0,Medium,0.3,19
67,0.7359442229329392,1.0,Compliant,0.7887553783463513,ALLOW,0,Medium,0.3,19
68,0.7887553783463513,0.0,Violation,0.6310043026770811,ALLOW,1,Medium,0.3,19
69,0.6310043026770811,1.0,Compliant,0.7048034421416648,ALLOW,0,Medium,0.3,19
70,0.7048034421416648,1.0,Compliant,0.7638427537133318,ALLOW,0,Medium,0.3,19
71,0.7638427537133318,1.0,Compliant,0.8110742029706655,ALLOW,0,Medium,0.3,19
72,0.8110742029706655,0.0,Violation,0.6488593623765324,ALLOW,1,Medium,0.3,19
73,0.6488593623765324,1.0,Compliant,0.719087489901226,ALLOW,0,Medium,0.3,19
74,0.719087489901226,1.0,Compliant,0.7752699919209808,ALLOW,0,Medium,0.3,19
75,0.7752699919209808,0.0,Violation,0.6202159935367847,ALLOW,1,Medium,0.3,19
76,0.6202159935367847,1.0,Compliant,0.6961727948294277,ALLOW,0,Medium,0.3,19
77,0.6961727948294277,1.0,Compliant,0.7569382358635421,ALLOW,0,Medium,0.3,19
78,0.7569382358635421,1.0,Compliant,0.8055505886908337,ALLOW,0,Medium,0.3,19
79,0.8055505886908337,1.0,Compliant,0.8444404709526669,ALLOW,0,Medium,0.3,19
80,0.8444404709526669,1.0,Compliant,0.8755523767621336,ALLOW,0,Medium,0.3,19
81,0.8755523767621336,1.0,Compliant,0.9004419014097069,ALLOW,0,Medium,0.3,19
82,0.9004419014097069,1.0,Compliant,0.9203535211277656,ALLOW,0,Medium,0.3,19
83,0.9203535211277656,0.0,Violation,0.7362828169022125,ALLOW,1,Medium,0.3,19
84,0.7362828169022125,1.0,Compliant,0.78902625352177,ALLOW,0,Medium,0.3,19
85,0.78902625352177,1.0,Compliant,0.8312210028174161,ALLOW,0,Medium,0.3,19
86,0.8312210028174161,1.0,Compliant,0.8649768022539328,ALLOW,0,Medium,0.3,19
87,0.8649768022539328,1.0,Compliant,0.8919814418031462,ALLOW,0,Medium,0.3,19
88,0.8919814418031462,1.0,Compliant,0.913585153442517,ALLOW,0,Medium,0.3,19
89,0.913585153442517,1.0,Compliant,0.9308681227540136,ALLOW,0,Medium,0.3,19
90,0.9308681227540136,1.0,Compliant,0.9446944982032109,ALLOW,0,Medium,0.3,19
91,0.9446944982032109,0.0,Violation,0.7557555985625688,ALLOW,1,Medium,0.3,19
92,0.7557555985625688,1.0,Compliant,0.804604478850055,ALLOW,0,Medium,0.3,19
93,0.804604478850055,1.0,Compliant,0.843683583080044,ALLOW,0,Medium,0.3,19
94,0.843683583080044,1.0,Compliant,0.8749468664640352,ALLOW,0,Medium,0.3,19
95,0.8749468664640352,1.0,Compliant,0.8999574931712282,ALLOW,0,Medium,0.3,19
96,0.8999574931712282,0.0,Violation,0.7199659945369826,ALLOW,1,Medium,0.3,19
97,0.7199659945369826,1.0,Compliant,0.7759727956295861,ALLOW,0,Medium,0.3,19
98,0.7759727956295861,0.0,Violation,0.6207782365036689,ALLOW,1,Medium,0.3,19
99,0.6207782365036689,0.0,Violation,0.49662258920293517,HUMAN_REVIEW,1,Medium,0.3,19
100,0.49662258920293517,0.0,Violation,0.3972980713623482,HUMAN_REVIEW,1,Medium,0.3,19
1,0.8,1.0,Compliant,0.8400000000000001,ALLOW,0,Medium,0.3,20
2,0.8400000000000001,0.0,Violation,0.6720000000000002,ALLOW,1,Medium,0.3,20
3,0.6720000000000002,0.0,Violation,0.5376000000000002,HUMAN_REVIEW,1,Medium,0.3,20
4,0.5376000000000002,1.0,Compliant,0.6300800000000002,ALLOW,0,Medium,0.3,20
5,0.6300800000000002,0.0,Violation,0.5040640000000002,HUMAN_REVIEW,1,Medium,0.3,20
6,0.5040640000000002,1.0,Compliant,0.6032512000000001,ALLOW,0,Medium,0.3,20
7,0.6032512000000001,1.0,Compliant,0.68260096,ALLOW,0,Medium,0.3,20
8,0.68260096,1.0,Compliant,0.746080768,ALLOW,0,Medium,0.3,20
9,0.746080768,1.0,Compliant,0.7968646144,ALLOW,0,Medium,0.3,20
10,0.7968646144,1.0,Compliant,0.83749169152,ALLOW,0,Medium,0.3,20
11,0.83749169152,1.0,Compliant,0.869993353216,ALLOW,0,Medium,0.3,20
12,0.869993353216,1.0,Compliant,0.8959946825728,ALLOW,0,Medium,0.3,20
13,0.8959946825728,0.0,Violation,0.71679574605824,ALLOW,1,Medium,0.3,20
14,0.71679574605824,1.0,Compliant,0.773436596846592,ALLOW,0,Medium,0.3,20
15,0.773436596846592,1.0,Compliant,0.8187492774772737,ALLOW,0,Medium,0.3,20
16,0.8187492774772737,1.0,Compliant,0.8549994219818189,ALLOW,0,Medium,0.3,20
17,0.8549994219818189,1.0,Compliant,0.8839995375854551,ALLOW,0,Medium,0.3,20
18,0.8839995375854551,1.0,Compliant,0.9071996300683641,ALLOW,0,Medium,0.3,20
19,0.9071996300683641,0.0,Violation,0.7257597040546914,ALLOW,1,Medium,0.3,20
20,0.7257597040546914,1.0,Compliant,0.780607763243753,ALLOW,0,Medium,0.3,20
21,0.780607763243753,1.0,Compliant,0.8244862105950024,ALLOW,0,Medium,0.3,20
22,0.8244862105950024,1.0,Compliant,0.8595889684760019,ALLOW,0,Medium,0.3,20
23,0.8595889684760019,0.0,Violation,0.6876711747808015,ALLOW,1,Medium,0.3,20
24,0.6876711747808015,1.0,Compliant,0.7501369398246412,ALLOW,0,Medium,0.3,20
25,0.7501369398246412,1.0,Compliant,0.800109551859713,ALLOW,0,Medium,0.3,20
26,0.800109551859713,1.0,Compliant,0.8400876414877704,ALLOW,0,Medium,0.3,20
27,0.8400876414877704,1.0,Compliant,0.8720701131902163,ALLOW,0,Medium,0.3,20
28,0.8720701131902163,1.0,Compliant,0.8976560905521731,ALLOW,0,Medium,0.3,20
29,0.8976560905521731,1.0,Compliant,0.9181248724417385,ALLOW,0,Medium,0.3,20
30,0.9181248724417385,1.0,Compliant,0.9344998979533907,ALLOW,0,Medium,0.3,20
31,0.9344998979533907,1.0,Compliant,0.9475999183627126,ALLOW,0,Medium,0.3,20
32,0.9475999183627126,1.0,Compliant,0.95807993469017,ALLOW,0,Medium,0.3,20
33,0.95807993469017,1.0,Compliant,0.9664639477521361,ALLOW,0,Medium,0.3,20
34,0.9664639477521361,0.0,Violation,0.7731711582017089,ALLOW,1,Medium,0.3,20
35,0.7731711582017089,1.0,Compliant,0.8185369265613671,ALLOW,0,Medium,0.3,20
36,0.8185369265613671,1.0,Compliant,0.8548295412490937,ALLOW,0,Medium,0.3,20
37,0.8548295412490937,1.0,Compliant,0.883863632999275,ALLOW,0,Medium,0.3,20
38,0.883863632999275,1.0,Compliant,0.9070909063994199,ALLOW,0,Medium,0.3,20
39,0.9070909063994199,1.0,Compliant,0.9256727251195359,ALLOW,0,Medium,0.3,20
40,0.9256727251195359,1.0,Compliant,0.9405381800956287,ALLOW,0,Medium,0.3,20
41,0.9405381800956287,1.0,Compliant,0.952430544076503,ALLOW,0,Medium,0.3,20
42,0.952430544076503,1.0,Compliant,0.9619444352612023,ALLOW,0,Medium,0.3,20
43,0.9619444352612023,1.0,Compliant,0.9695555482089618,ALLOW,0,Medium,0.3,20
44,0.9695555482089618,1.0,Compliant,0.9756444385671694,ALLOW,0,Medium,0.3,20
45,0.9756444385671694,1.0,Compliant,0.9805155508537355,ALLOW,0,Medium,0.3,20
46,0.9805155508537355,0.0,Violation,0.7844124406829884,ALLOW,1,Medium,0.3,20
47,0.7844124406829884,1.0,Compliant,0.8275299525463907,ALLOW,0,Medium,0.3,20
48,0.8275299525463907,1.0,Compliant,0.8620239620371126,ALLOW,0,Medium,0.3,20
49,0.8620239620371126,1.0,Compliant,0.8896191696296901,ALLOW,0,Medium,0.3,20
50,0.8896191696296901,1.0,Compliant,0.911695335703752,ALLOW,0,Medium,0.3,20
51,0.911695335703752,0.0,Violation,0.7293562685630017,ALLOW,1,Medium,0.3,20
52,0.7293562685630017,1.0,Compliant,0.7834850148504013,ALLOW,0,Medium,0.3,20
53,0.7834850148504013,1.0,Compliant,0.826788011880321,ALLOW,0,Medium,0.3,20
54,0.826788011880321,1.0,Compliant,0.8614304095042569,ALLOW,0,Medium,0.3,20
55,0.8614304095042569,1.0,Compliant,0.8891443276034054,ALLOW,0,Medium,0.3,20
56,0.8891443276034054,1.0,Compliant,0.9113154620827244,ALLOW,0,Medium,0.3,20
57,0.9113154620827244,0.0,Violation,0.7290523696661796,ALLOW,1,Medium,0.3,20
58,0.7290523696661796,1.0,Compliant,0.7832418957329437,ALLOW,0,Medium,0.3,20
59,0.7832418957329437,0.0,Violation,0.626593516586355,ALLOW,1,Medium,0.3,20
60,0.626593516586355,0.0,Violation,0.501274813269084,HUMAN_REVIEW,1,Medium,0.3,20
61,0.501274813269084,1.0,Compliant,0.6010198506152671,ALLOW,0,Medium,0.3,20
62,0.6010198506152671,1.0,Compliant,0.6808158804922136,ALLOW,0,Medium,0.3,20
63,0.6808158804922136,1.0,Compliant,0.7446527043937708,ALLOW,0,Medium,0.3,20
64,0.7446527043937708,1.0,Compliant,0.7957221635150167,ALLOW,0,Medium,0.3,20
65,0.7957221635150167,0.0,Violation,0.6365777308120134,ALLOW,1,Medium,0.3,20
66,0.6365777308120134,1.0,Compliant,0.7092621846496107,ALLOW,0,Medium,0.3,20
67,0.7092621846496107,0.0,Violation,0.5674097477196886,HUMAN_REVIEW,1,Medium,0.3,20
68,0.5674097477196886,0.0,Violation,0.45392779817575085,HUMAN_REVIEW,1,Medium,0.3,20
69,0.45392779817575085,0.0,Violation,0.3631422385406007,HUMAN_REVIEW,1,Medium,0.3,20
70,0.3631422385406007,1.0,Compliant,0.49051379083248053,HUMAN_REVIEW,0,Medium,0.3,20
71,0.49051379083248053,0.0,Violation,0.3924110326659844,HUMAN_REVIEW,1,Medium,0.3,20
72,0.3924110326659844,0.0,Violation,0.31392882613278755,HUMAN_REVIEW,1,Medium,0.3,20
73,0.31392882613278755,1.0,Compliant,0.45114306090623,HUMAN_REVIEW,0,Medium,0.3,20
74,0.45114306090623,1.0,Compliant,0.560914448724984,HUMAN_REVIEW,0,Medium,0.3,20
75,0.560914448724984,0.0,Violation,0.4487315589799872,HUMAN_REVIEW,1,Medium,0.3,20
76,0.4487315589799872,1.0,Compliant,0.5589852471839898,HUMAN_REVIEW,0,Medium,0.3,20
77,0.5589852471839898,1.0,Compliant,0.6471881977471918,ALLOW,0,Medium,0.3,20
78,0.6471881977471918,0.0,Violation,0.5177505581977535,HUMAN_REVIEW,1,Medium,0.3,20
79,0.5177505581977535,1.0,Compliant,0.6142004465582027,ALLOW,0,Medium,0.3,20
80,0.6142004465582027,1.0,Compliant,0.6913603572465621,ALLOW,0,Medium,0.3,20
81,0.6913603572465621,1.0,Compliant,0.7530882857972496,ALLOW,0,Medium,0.3,20
82,0.7530882857972496,1.0,Compliant,0.8024706286377997,ALLOW,0,Medium,0.3,20
83,0.8024706286377997,0.0,Violation,0.6419765029102398,ALLOW,1,Medium,0.3,20
84,0.6419765029102398,0.0,Violation,0.5135812023281918,HUMAN_REVIEW,1,Medium,0.3,20
85,0.5135812023281918,1.0,Compliant,0.6108649618625535,ALLOW,0,Medium,0.3,20
86,0.6108649618625535,0.0,Violation,0.4886919694900428,HUMAN_REVIEW,1,Medium,0.3,20
87,0.4886919694900428,0.0,Violation,0.39095357559203425,HUMAN_REVIEW,1,Medium,0.3,20
88,0.39095357559203425,1.0,Compliant,0.5127628604736274,HUMAN_REVIEW,0,Medium,0.3,20
89,0.5127628604736274,1.0,Compliant,0.6102102883789019,ALLOW,0,Medium,0.3,20
90,0.6102102883789019,0.0,Violation,0.48816823070312154,HUMAN_REVIEW,1,Medium,0.3,20
91,0.48816823070312154,1.0,Compliant,0.5905345845624972,HUMAN_REVIEW,0,Medium,0.3,20
92,0.5905345845624972,1.0,Compliant,0.6724276676499977,ALLOW,0,Medium,0.3,20
93,0.6724276676499977,0.0,Violation,0.5379421341199982,HUMAN_REVIEW,1,Medium,0.3,20
94,0.5379421341199982,0.0,Violation,0.43035370729599864,HUMAN_REVIEW,1,Medium,0.3,20
95,0.43035370729599864,1.0,Compliant,0.5442829658367989,HUMAN_REVIEW,0,Medium,0.3,20
96,0.5442829658367989,1.0,Compliant,0.6354263726694391,ALLOW,0,Medium,0.3,20
97,0.6354263726694391,1.0,Compliant,0.7083410981355512,ALLOW,0,Medium,0.3,20
98,0.7083410981355512,1.0,Compliant,0.766672878508441,ALLOW,0,Medium,0.3,20
99,0.766672878508441,0.0,Violation,0.6133383028067528,ALLOW,1,Medium,0.3,20
100,0.6133383028067528,1.0,Compliant,0.6906706422454023,ALLOW,0,Medium,0.3,20
1,0.8,1.0,Compliant,0.8400000000000001,ALLOW,0,Medium,0.3,21
2,0.8400000000000001,0.0,Violation,0.6720000000000002,ALLOW,1,Medium,0.3,21
3,0.6720000000000002,1.0,Compliant,0.7376000000000001,ALLOW,0,Medium,0.3,21
4,0.7376000000000001,0.0,Violation,0.5900800000000002,HUMAN_REVIEW,1,Medium,0.3,21
5,0.5900800000000002,0.0,Violation,0.47206400000000015,HUMAN_REVIEW,1,Medium,0.3,21
6,0.47206400000000015,1.0,Compliant,0.5776512,HUMAN_REVIEW,0,Medium,0.3,21
7,0.5776512,1.0,Compliant,0.66212096,ALLOW,0,Medium,0.3,21
8,0.66212096,1.0,Compliant,0.7296967679999999,ALLOW,0,Medium,0.3,21
9,0.7296967679999999,1.0,Compliant,0.7837574143999999,ALLOW,0,Medium,0.3,21
10,0.7837574143999999,1.0,Compliant,0.8270059315199999,ALLOW,0,Medium,0.3,21
11,0.8270059315199999,1.0,Compliant,0.861604745216,ALLOW,0,Medium,0.3,21
12,0.861604745216,0.0,Violation,0.6892837961728,ALLOW,1,Medium,0.3,21
13,0.6892837961728,1.0,Compliant,0.75142703693824,ALLOW,0,Medium,0.3,21
14,0.75142703693824,1.0,Compliant,0.801141629550592,ALLOW,0,Medium,0.3,21
15,0.801141629550592,1.0,Compliant,0.8409133036404736,ALLOW,0,Medium,0.3,21
16,0.8409133036404736,0.0,Violation,0.6727306429123789,ALLOW,1,Medium,0.3,21
17,0.6727306429123789,1.0,Compliant,0.7381845143299032,ALLOW,0,Medium,0.3,21
18,0.7381845143299032,1.0,Compliant,0.7905476114639225,ALLOW,0,Medium,0.3,21
19,0.7905476114639225,1.0,Compliant,0.832438089171138,ALLOW,0,Medium,0.3,21
20,0.832438089171138,0.0,Violation,0.6659504713369104,ALLOW,1,Medium,0.3,21
21,0.6659504713369104,1.0,Compliant,0.7327603770695283,ALLOW,0,Medium,0.3,21
22,0.7327603770695283,0.0,Violation,0.5862083016556227,HUMAN_REVIEW,1,Medium,0.3,21
23,0.5862083016556227,1.0,Compliant,0.6689666413244981,ALLOW,0,Medium,0.3,21
24,0.6689666413244981,0.0,Violation,0.5351733130595985,HUMAN_REVIEW,1,Medium,0.3,21
25,0.5351733130595985,1.0,Compliant,0.6281386504476787,ALLOW,0,Medium,0.3,21
26,0.6281386504476787,1.0,Compliant,0.7025109203581429,ALLOW,0,Medium,0.3,21
27,0.7025109203581429,1.0,Compliant,0.7620087362865143,ALLOW,0,Medium,0.3,21
28,0.7620087362865143,1.0,Compliant,0.8096069890292115,ALLOW,0,Medium,0.3,21
29,0.8096069890292115,1.0,Compliant,0.8476855912233692,ALLOW,0,Medium,0.3,21
30,0.8476855912233692,0.0,Violation,0.6781484729786954,ALLOW,1,Medium,0.3,21
31,0.6781484729786954,0.0,Violation,0.5425187783829564,HUMAN_REVIEW,1,Medium,0.3,21
32,0.5425187783829564,0.0,Violation,0.4340150227063651,HUMAN_REVIEW,1,Medium,0.3,21
33,0.4340150227063651,1.0,Compliant,0.5472120181650921,HUMAN_REVIEW,0,Medium,0.3,21
34,0.5472120181650921,1.0,Compliant,0.6377696145320737,ALLOW,0,Medium,0.3,21
35,0.6377696145320737,1.0,Compliant,0.7102156916256589,ALLOW,0,Medium,0.3,21
36,0.7102156916256589,0.0,Violation,0.5681725533005272,HUMAN_REVIEW,1,Medium,0.3,21
37,0.5681725533005272,1.0,Compliant,0.6545380426404217,ALLOW,0,Medium,0.3,21
38,0.6545380426404217,1.0,Compliant,0.7236304341123373,ALLOW,0,Medium,0.3,21
39,0.7236304341123373,1.0,Compliant,0.7789043472898698,ALLOW,0,Medium,0.3,21
40,0.7789043472898698,1.0,Compliant,0.8231234778318959,ALLOW,0,Medium,0.3,21
41,0.8231234778318959,1.0,Compliant,0.8584987822655167,ALLOW,0,Medium,0.3,21
42,0.8584987822655167,0.0,Violation,0.6867990258124134,ALLOW,1,Medium,0.3,21
43,0.6867990258124134,1.0,Compliant,0.7494392206499306,ALLOW,0,Medium,0.3,21
44,0.7494392206499306,1.0,Compliant,0.7995513765199445,ALLOW,0,Medium,0.3,21
45,0.7995513765199445,1.0,Compliant,0.8396411012159556,ALLOW,0,Medium,0.3,21
46,0.8396411012159556,1.0,Compliant,0.8717128809727644,ALLOW,0,Medium,0.3,21
47,0.8717128809727644,1.0,Compliant,0.8973703047782116,ALLOW,0,Medium,0.3,21
48,0.8973703047782116,1.0,Compliant,0.9178962438225693,ALLOW,0,Medium,0.3,21
49,0.9178962438225693,0.0,Violation,0.7343169950580555,ALLOW,1,Medium,0.3,21
50,0.7343169950580555,1.0,Compliant,0.7874535960464444,ALLOW,0,Medium,0.3,21
51,0.7874535960464444,0.0,Violation,0.6299628768371556,ALLOW,1,Medium,0.3,21
52,0.6299628768371556,1.0,Compliant,0.7039703014697244,ALLOW,0,Medium,0.3,21
53,0.7039703014697244,1.0,Compliant,0.7631762411757795,ALLOW,0,Medium,0.3,21
54,0.7631762411757795,0.0,Violation,0.6105409929406237,ALLOW,1,Medium,0.3,21
55,0.6105409929406237,1.0,Compliant,0.6884327943524989,ALLOW,0,Medium,0.3,21
56,0.6884327943524989,0.0,Violation,0.5507462354819992,HUMAN_REVIEW,1,Medium,0.3,21
57,0.5507462354819992,0.0,Violation,0.44059698838559935,HUMAN_REVIEW,1,Medium,0.3,21
58,0.44059698838559935,0.0,Violation,0.3524775907084795,HUMAN_REVIEW,1,Medium,0.3,21
59,0.3524775907084795,1.0,Compliant,0.48198207256678355,HUMAN_REVIEW,0,Medium,0.3,21
60,0.48198207256678355,1.0,Compliant,0.5855856580534269,HUMAN_REVIEW,0,Medium,0.3,21
61,0.5855856580534269,0.0,Violation,0.4684685264427415,HUMAN_REVIEW,1,Medium,0.3,21
62,0.4684685264427415,1.0,Compliant,0.5747748211541932,HUMAN_REVIEW,0,Medium,0.3,21
63,0.5747748211541932,1.0,Compliant,0.6598198569233545,ALLOW,0,Medium,0.3,21
64,0.6598198569233545,1.0,Compliant,0.7278558855386836,ALLOW,0,Medium,0.3,21
65,0.7278558855386836,1.0,Compliant,0.7822847084309469,ALLOW,0,Medium,0.3,21
66,0.7822847084309469,1.0,Compliant,0.8258277667447576,ALLOW,0,Medium,0.3,21
67,0.8258277667447576,1.0,Compliant,0.8606622133958061,ALLOW,0,Medium,0.3,21
68,0.8606622133958061,1.0,Compliant,0.8885297707166449,ALLOW,0,Medium,0.3,21
69,0.8885297707166449,1.0,Compliant,0.9108238165733159,ALLOW,0,Medium,0.3,21
70,0.9108238165733159,1.0,Compliant,0.9286590532586527,ALLOW,0,Medium,0.3,21
71,0.9286590532586527,1.0,Compliant,0.9429272426069222,ALLOW,0,Medium,0.3,21
72,0.9429272426069222,0.0,Violation,0.7543417940855378,ALLOW,1,Medium,0.3,21
73,0.7543417940855378,0.0,Violation,0.6034734352684303,ALLOW,1,Medium,0.3,21
74,0.6034734352684303,1.0,Compliant,0.6827787482147443,ALLOW,0,Medium,0.3,21
75,0.6827787482147443,1.0,Compliant,0.7462229985717954,ALLOW,0,Medium,0.3,21
76,0.7462229985717954,1.0,Compliant,0.7969783988574363,ALLOW,0,Medium,0.3,21
77,0.7969783988574363,1.0,Compliant,0.8375827190859491,ALLOW,0,Medium,0.3,21
78,0.8375827190859491,0.0,Violation,0.6700661752687593,ALLOW,1,Medium,0.3,21
79,0.6700661752687593,1.0,Compliant,0.7360529402150074,ALLOW,0,Medium,0.3,21
80,0.7360529402150074,1.0,Compliant,0.7888423521720059,ALLOW,0,Medium,0.3,21
81,0.7888423521720059,1.0,Compliant,0.8310738817376048,ALLOW,0,Medium,0.3,21
82,0.8310738817376048,0.0,Violation,0.6648591053900839,ALLOW,1,Medium,0.3,21
83,0.6648591053900839,0.0,Violation,0.5318872843120671,HUMAN_REVIEW,1,Medium,0.3,21
84,0.5318872843120671,1.0,Compliant,0.6255098274496537,ALLOW,0,Medium,0.3,21
85,0.6255098274496537,1.0,Compliant,0.7004078619597229,ALLOW,0,Medium,0.3,21
86,0.7004078619597229,1.0,Compliant,0.7603262895677784,ALLOW,0,Medium,0.3,21
87,0.7603262895677784,1.0,Compliant,0.8082610316542227,ALLOW,0,Medium,0.3,21
88,0.8082610316542227,1.0,Compliant,0.8466088253233781,ALLOW,0,Medium,0.3,21
89,0.8466088253233781,1.0,Compliant,0.8772870602587025,ALLOW,0,Medium,0.3,21
90,0.8772870602587025,1.0,Compliant,0.901829648206962,ALLOW,0,Medium,0.3,21
91,0.901829648206962,1.0,Compliant,0.9214637185655696,ALLOW,0,Medium,0.3,21
92,0.9214637185655696,1.0,Compliant,0.9371709748524557,ALLOW,0,Medium,0.3,21
93,0.9371709748524557,1.0,Compliant,0.9497367798819646,ALLOW,0,Medium,0.3,21
94,0.9497367798819646,1.0,Compliant,0.9597894239055716,ALLOW,0,Medium,0.3,21
95,0.9597894239055716,0.0,Violation,0.7678315391244573,ALLOW,1,Medium,0.3,21
96,0.7678315391244573,1.0,Compliant,0.8142652312995659,ALLOW,0,Medium,0.3,21
97,0.8142652312995659,1.0,Compliant,0.8514121850396527,ALLOW,0,Medium,0.3,21
98,0.8514121850396527,1.0,Compliant,0.8811297480317222,ALLOW,0,Medium,0.3,21
99,0.8811297480317222,1.0,Compliant,0.9049037984253777,ALLOW,0,Medium,0.3,21
100,0.9049037984253777,1.0,Compliant,0.9239230387403021,ALLOW,0,Medium,0.3,21
1,0.8,0.0,Violation,0.6400000000000001,ALLOW,1,Medium,0.3,22
2,0.6400000000000001,1.0,Compliant,0.7120000000000001,ALLOW,0,Medium,0.3,22
3,0.7120000000000001,1.0,Compliant,0.7696000000000001,ALLOW,0,Medium,0.3,22
4,0.7696000000000001,1.0,Compliant,0.8156800000000001,ALLOW,0,Medium,0.3,22
5,0.8156800000000001,1.0,Compliant,0.8525440000000001,ALLOW,0,Medium,0.3,22
6,0.8525440000000001,1.0,Compliant,0.8820352,ALLOW,0,Medium,0.3,22
7,0.8820352,1.0,Compliant,0.90562816,ALLOW,0,Medium,0.3,22
8,0.90562816,1.0,Compliant,0.924502528,ALLOW,0,Medium,0.3,22
9,0.924502528,0.0,Violation,0.7396020224000001,ALLOW,1,Medium,0.3,22
10,0.7396020224000001,1.0,Compliant,0.79168161792,ALLOW,0,Medium,0.3,22
11,0.79168161792,1.0,Compliant,0.833345294336,ALLOW,0,Medium,0.3,22
12,0.833345294336,1.0,Compliant,0.8666762354688,ALLOW,0,Medium,0.3,22
13,0.8666762354688,1.0,Compliant,0.8933409883750401,ALLOW,0,Medium,0.3,22
14,0.8933409883750401,1.0,Compliant,0.914672790700032,ALLOW,0,Medium,0.3,22
15,0.914672790700032,0.0,Violation,0.7317382325600257,ALLOW,1,Medium,0.3,22
16,0.7317382325600257,1.0,Compliant,0.7853905860480205,ALLOW,0,Medium,0.3,22
17,0.7853905860480205,1.0,Compliant,0.8283124688384164,ALLOW,0,Medium,0.3,22
18,0.8283124688384164,0.0,Violation,0.6626499750707331,ALLOW,1,Medium,0.3,22
19,0.6626499750707331,1.0,Compliant,0.7301199800565864,ALLOW,0,Medium,0.3,22
20,0.7301199800565864,1.0,Compliant,0.7840959840452691,ALLOW,0,Medium,0.3,22
21,0.7840959840452691,0.0,Violation,0.6272767872362154,ALLOW,1,Medium,0.3,22
22,0.6272767872362154,1.0,Compliant,0.7018214297889723,ALLOW,0,Medium,0.3,22
23,0.7018214297889723,1.0,Compliant,0.7614571438311778,ALLOW,0,Medium,0.3,22
24,0.7614571438311778,1.0,Compliant,0.8091657150649423,ALLOW,0,Medium,0.3,22
25,0.8091657150649423,0.0,Violation,0.6473325720519538,ALLOW,1,Medium,0.3,22
26,0.6473325720519538,1.0,Compliant,0.7178660576415631,ALLOW,0,Medium,0.3,22
27,0.7178660576415631,1.0,Compliant,0.7742928461132504,ALLOW,0,Medium,0.3,22
28,0.7742928461132504,1.0,Compliant,0.8194342768906003,ALLOW,0,Medium,0.3,22
29,0.8194342768906003,1.0,Compliant,0.8555474215124803,ALLOW,0,Medium,0.3,22
30,0.8555474215124803,1.0,Compliant,0.8844379372099842,ALLOW,0,Medium,0.3,22
31,0.8844379372099842,1.0,Compliant,0.9075503497679873,ALLOW,0,Medium,0.3,22
32,0.9075503497679873,1.0,Compliant,0.9260402798143899,ALLOW,0,Medium,0.3,22
33,0.9260402798143899,1.0,Compliant,0.9408322238515119,ALLOW,0,Medium,0.3,22
34,0.9408322238515119,1.0,Compliant,0.9526657790812095,ALLOW,0,Medium,0.3,22
35,0.9526657790812095,0.0,Violation,0.7621326232649677,ALLOW,1,Medium,0.3,22
36,0.7621326232649677,1.0,Compliant,0.8097060986119742,ALLOW,0,Medium,0.3,22
37,0.8097060986119742,1.0,Compliant,0.8477648788895793,ALLOW,0,Medium,0.3,22
38,0.8477648788895793,1.0,Compliant,0.8782119031116634,ALLOW,0,Medium,0.3,22
39,0.8782119031116634,0.0,Violation,0.7025695224893308,ALLOW,1,Medium,0.3,22
40,0.7025695224893308,0.0,Violation,0.5620556179914646,HUMAN_REVIEW,1,Medium,0.3,22
41,0.5620556179914646,1.0,Compliant,0.6496444943931716,ALLOW,0,Medium,0.3,22
42,0.6496444943931716,1.0,Compliant,0.7197155955145372,ALLOW,0,Medium,0.3,22
43,0.7197155955145372,1.0,Compliant,0.7757724764116297,ALLOW,0,Medium,0.3,22
44,0.7757724764116297,0.0,Violation,0.6206179811293038,ALLOW,1,Medium,0.3,22
45,0.6206179811293038,1.0,Compliant,0.6964943849034431,ALLOW,0,Medium,0.3,22
46,0.6964943849034431,1.0,Compliant,0.7571955079227545,ALLOW,0,Medium,0.3,22
47,0.7571955079227545,1.0,Compliant,0.8057564063382036,ALLOW,0,Medium,0.3,22
48,0.8057564063382036,1.0,Compliant,0.8446051250705628,ALLOW,0,Medium,0.3,22
49,0.8446051250705628,1.0,Compliant,0.8756841000564503,ALLOW,0,Medium,0.3,22
50,0.8756841000564503,0.0,Violation,0.7005472800451602,ALLOW,1,Medium,0.3,22
51,0.7005472800451602,1.0,Compliant,0.7604378240361281,ALLOW,0,Medium,0.3,22
52,0.7604378240361281,1.0,Compliant,0.8083502592289025,ALLOW,0,Medium,0.3,22
53,0.8083502592289025,1.0,Compliant,0.846680207383122,ALLOW,0,Medium,0.3,22
54,0.846680207383122,1.0,Compliant,0.8773441659064976,ALLOW,0,Medium,0.3,22
55,0.8773441659064976,0.0,Violation,0.7018753327251981,ALLOW,1,Medium,0.3,22
56,0.7018753327251981,1.0,Compliant,0.7615002661801584,ALLOW,0,Medium,0.3,22
57,0.7615002661801584,1.0,Compliant,0.8092002129441267,ALLOW,0,Medium,0.3,22
58,0.8092002129441267,1.0,Compliant,0.8473601703553013,ALLOW,0,Medium,0.3,22
59,0.8473601703553013,1.0,Compliant,0.877888136284241,ALLOW,0,Medium,0.3,22
60,0.877888136284241,0.0,Violation,0.7023105090273929,ALLOW,1,Medium,0.3,22
61,0.7023105090273929,1.0,Compliant,0.7618484072219143,ALLOW,0,Medium,0.3,22
62,0.7618484072219143,1.0,Compliant,0.8094787257775314,ALLOW,0,Medium,0.3,22
63,0.8094787257775314,1.0,Compliant,0.8475829806220252,ALLOW,0,Medium,0.3,22
64,0.8475829806220252,1.0,Compliant,0.8780663844976202,ALLOW,0,Medium,0.3,22
65,0.8780663844976202,1.0,Compliant,0.9024531075980962,ALLOW,0,Medium,0.3,22
66,0.9024531075980962,0.0,Violation,0.721962486078477,ALLOW,1,Medium,0.3,22
67,0.721962486078477,0.0,Violation,0.5775699888627817,HUMAN_REVIEW,1,Medium,0.3,22
68,0.5775699888627817,1.0,Compliant,0.6620559910902253,ALLOW,0,Medium,0.3,22
69,0.6620559910902253,1.0,Compliant,0.7296447928721802,ALLOW,0,Medium,0.3,22
70,0.7296447928721802,0.0,Violation,0.5837158342977442,HUMAN_REVIEW,1,Medium,0.3,22
71,0.5837158342977442,1.0,Compliant,0.6669726674381953,ALLOW,0,Medium,0.3,22
72,0.6669726674381953,0.0,Violation,0.5335781339505562,HUMAN_REVIEW,1,Medium,0.3,22
73,0.5335781339505562,0.0,Violation,0.426862507160445,HUMAN_REVIEW,1,Medium,0.3,22
74,0.426862507160445,1.0,Compliant,0.541490005728356,HUMAN_REVIEW,0,Medium,0.3,22
75,0.541490005728356,1.0,Compliant,0.6331920045826849,ALLOW,0,Medium,0.3,22
76,0.6331920045826849,0.0,Violation,0.5065536036661479,HUMAN_REVIEW,1,Medium,0.3,22
77,0.5065536036661479,1.0,Compliant,0.6052428829329183,ALLOW,0,Medium,0.3,22
78,0.6052428829329183,1.0,Compliant,0.6841943063463346,ALLOW,0,Medium,0.3,22
79,0.6841943063463346,1.0,Compliant,0.7473554450770676,ALLOW,0,Medium,0.3,22
80,0.7473554450770676,0.0,Violation,0.5978843560616541,HUMAN_REVIEW,1,Medium,0.3,22
81,0.5978843560616541,1.0,Compliant,0.6783074848493233,ALLOW,0,Medium,0.3,22
82,0.6783074848493233,0.0,Violation,0.5426459878794587,HUMAN_REVIEW,1,Medium,0.3,22
83,0.5426459878794587,0.0,Violation,0.434116790303567,HUMAN_REVIEW,1,Medium,0.3,22
84,0.434116790303567,1.0,Compliant,0.5472934322428535,HUMAN_REVIEW,0,Medium,0.3,22
85,0.5472934322428535,0.0,Violation,0.43783474579428283,HUMAN_REVIEW,1,Medium,0.3,22
86,0.43783474579428283,1.0,Compliant,0.5502677966354262,HUMAN_REVIEW,0,Medium,0.3,22
87,0.5502677966354262,1.0,Compliant,0.640214237308341,ALLOW,0,Medium,0.3,22
88,0.640214237308341,0.0,Violation,0.5121713898466729,HUMAN_REVIEW,1,Medium,0.3,22
89,0.5121713898466729,1.0,Compliant,0.6097371118773383,ALLOW,0,Medium,0.3,22
90,0.6097371118773383,0.0,Violation,0.4877896895018706,HUMAN_REVIEW,1,Medium,0.3,22
91,0.4877896895018706,1.0,Compliant,0.5902317516014965,HUMAN_REVIEW,0,Medium,0.3,22
92,0.5902317516014965,1.0,Compliant,0.6721854012811972,ALLOW,0,Medium,0.3,22
93,0.6721854012811972,1.0,Compliant,0.7377483210249577,ALLOW,0,Medium,0.3,22
94,0.7377483210249577,1.0,Compliant,0.7901986568199661,ALLOW,0,Medium,0.3,22
95,0.7901986568199661,1.0,Compliant,0.8321589254559729,ALLOW,0,Medium,0.3,22
96,0.8321589254559729,1.0,Compliant,0.8657271403647784,ALLOW,0,Medium,0.3,22
97,0.8657271403647784,1.0,Compliant,0.8925817122918227,ALLOW,0,Medium,0.3,22
98,0.8925817122918227,1.0,Compliant,0.9140653698334582,ALLOW,0,Medium,0.3,22
99,0.9140653698334582,1.0,Compliant,0.9312522958667666,ALLOW,0,Medium,0.3,22
100,0.9312522958667666,1.0,Compliant,0.9450018366934133,ALLOW,0,Medium,0.3,22
1,0.8,1.0,Compliant,0.8400000000000001,ALLOW,0,Medium,0.3,23
2,0.8400000000000001,1.0,Compliant,0.8720000000000001,ALLOW,0,Medium,0.3,23
3,0.8720000000000001,1.0,Compliant,0.8976000000000001,ALLOW,0,Medium,0.3,23
4,0.8976000000000001,1.0,Compliant,0.91808,ALLOW,0,Medium,0.3,23
5,0.91808,1.0,Compliant,0.934464,ALLOW,0,Medium,0.3,23
6,0.934464,0.0,Violation,0.7475712,ALLOW,1,Medium,0.3,23
7,0.7475712,0.0,Violation,0.59805696,HUMAN_REVIEW,1,Medium,0.3,23
8,0.59805696,0.0,Violation,0.478445568,HUMAN_REVIEW,1,Medium,0.3,23
9,0.478445568,1.0,Compliant,0.5827564543999999,HUMAN_REVIEW,0,Medium,0.3,23
10,0.5827564543999999,1.0,Compliant,0.6662051635199999,ALLOW,0,Medium,0.3,23
11,0.6662051635199999,1.0,Compliant,0.7329641308159999,ALLOW,0,Medium,0.3,23
12,0.7329641308159999,0.0,Violation,0.5863713046528,HUMAN_REVIEW,1,Medium,0.3,23
13,0.5863713046528,1.0,Compliant,0.6690970437222399,ALLOW,0,Medium,0.3,23
14,0.6690970437222399,0.0,Violation,0.5352776349777919,HUMAN_REVIEW,1,Medium,0.3,23
15,0.5352776349777919,1.0,Compliant,0.6282221079822334,ALLOW,0,Medium,0.3,23
16,0.6282221079822334,1.0,Compliant,0.7025776863857868,ALLOW,0,Medium,0.3,23
17,0.7025776863857868,1.0,Compliant,0.7620621491086293,ALLOW,0,Medium,0.3,23
18,0.7620621491086293,0.0,Violation,0.6096497192869035,ALLOW,1,Medium,0.3,23
19,0.6096497192869035,1.0,Compliant,0.6877197754295228,ALLOW,0,Medium,0.3,23
20,0.6877197754295228,1.0,Compliant,0.7501758203436182,ALLOW,0,Medium,0.3,23
21,0.7501758203436182,1.0,Compliant,0.8001406562748945,ALLOW,0,Medium,0.3,23
22,0.8001406562748945,1.0,Compliant,0.8401125250199156,ALLOW,0,Medium,0.3,23
23,0.8401125250199156,0.0,Violation,0.6720900200159325,ALLOW,1,Medium,0.3,23
24,0.6720900200159325,1.0,Compliant,0.737672016012746,ALLOW,0,Medium,0.3,23
25,0.737672016012746,1.0,Compliant,0.7901376128101968,ALLOW,0,Medium,0.3,23
26,0.7901376128101968,0.0,Violation,0.6321100902481575,ALLOW,1,Medium,0.3,23
27,0.6321100902481575,1.0,Compliant,0.7056880721985259,ALLOW,0,Medium,0.3,23
28,0.7056880721985259,0.0,Violation,0.5645504577588207,HUMAN_REVIEW,1,Medium,0.3,23
29,0.5645504577588207,1.0,Compliant,0.6516403662070566,ALLOW,0,Medium,0.3,23
30,0.6516403662070566,1.0,Compliant,0.7213122929656453,ALLOW,0,Medium,0.3,23
31,0.7213122929656453,0.0,Violation,0.5770498343725162,HUMAN_REVIEW,1,Medium,0.3,23
32,0.5770498343725162,1.0,Compliant,0.661639867498013,ALLOW,0,Medium,0.3,23
33,0.661639867498013,1.0,Compliant,0.7293118939984103,ALLOW,0,Medium,0.3,23
34,0.7293118939984103,1.0,Compliant,0.7834495151987283,ALLOW,0,Medium,0.3,23
35,0.7834495151987283,1.0,Compliant,0.8267596121589826,ALLOW,0,Medium,0.3,23
36,0.8267596121589826,0.0,Violation,0.6614076897271861,ALLOW,1,Medium,0.3,23
37,0.6614076897271861,1.0,Compliant,0.7291261517817489,ALLOW,0,Medium,0.3,23
38,0.7291261517817489,1.0,Compliant,0.7833009214253991,ALLOW,0,Medium,0.3,23
39,0.7833009214253991,1.0,Compliant,0.8266407371403193,ALLOW,0,Medium,0.3,23
40,0.8266407371403193,1.0,Compliant,0.8613125897122554,ALLOW,0,Medium,0.3,23
41,0.8613125897122554,1.0,Compliant,0.8890500717698043,ALLOW,0,Medium,0.3,23
42,0.8890500717698043,0.0,Violation,0.7112400574158435,ALLOW,1,Medium,0.3,23
43,0.7112400574158435,1.0,Compliant,0.7689920459326748,ALLOW,0,Medium,0.3,23
44,0.7689920459326748,0.0,Violation,0.6151936367461399,ALLOW,1,Medium,0.3,23
45,0.6151936367461399,1.0,Compliant,0.6921549093969119,ALLOW,0,Medium,0.3,23
46,0.6921549093969119,1.0,Compliant,0.7537239275175295,ALLOW,0,Medium,0.3,23
47,0.7537239275175295,1.0,Compliant,0.8029791420140235,ALLOW,0,Medium,0.3,23
48,0.8029791420140235,1.0,Compliant,0.8423833136112189,ALLOW,0,Medium,0.3,23
49,0.8423833136112189,1.0,Compliant,0.8739066508889751,ALLOW,0,Medium,0.3,23
50,0.8739066508889751,1.0,Compliant,0.8991253207111801,ALLOW,0,Medium,0.3,23
51,0.8991253207111801,0.0,Violation,0.7193002565689441,ALLOW,1,Medium,0.3,23
52,0.7193002565689441,0.0,Violation,0.5754402052551554,HUMAN_REVIEW,1,Medium,0.3,23
53,0.5754402052551554,1.0,Compliant,0.6603521642041243,ALLOW,0,Medium,0.3,23
54,0.6603521642041243,0.0,Violation,0.5282817313632995,HUMAN_REVIEW,1,Medium,0.3,23
55,0.5282817313632995,0.0,Violation,0.4226253850906396,HUMAN_REVIEW,1,Medium,0.3,23
56,0.4226253850906396,0.0,Violation,0.33810030807251173,HUMAN_REVIEW,1,Medium,0.3,23
57,0.33810030807251173,1.0,Compliant,0.47048024645800934,HUMAN_REVIEW,0,Medium,0.3,23
58,0.47048024645800934,0.0,Violation,0.3763841971664075,HUMAN_REVIEW,1,Medium,0.3,23
59,0.3763841971664075,1.0,Compliant,0.501107357733126,HUMAN_REVIEW,0,Medium,0.3,23
60,0.501107357733126,1.0,Compliant,0.6008858861865007,ALLOW,0,Medium,0.3,23
61,0.6008858861865007,0.0,Violation,0.4807087089492006,HUMAN_REVIEW,1,Medium,0.3,23
62,0.4807087089492006,0.0,Violation,0.3845669671593605,HUMAN_REVIEW,1,Medium,0.3,23
63,0.3845669671593605,1.0,Compliant,0.5076535737274883,HUMAN_REVIEW,0,Medium,0.3,23
64,0.5076535737274883,1.0,Compliant,0.6061228589819907,ALLOW,0,Medium,0.3,23
65,0.6061228589819907,1.0,Compliant,0.6848982871855925,ALLOW,0,Medium,0.3,23
66,0.6848982871855925,1.0,Compliant,0.747918629748474,ALLOW,0,Medium,0.3,23
67,0.747918629748474,1.0,Compliant,0.7983349037987791,ALLOW,0,Medium,0.3,23
68,0.7983349037987791,1.0,Compliant,0.8386679230390233,ALLOW,0,Medium,0.3,23
69,0.8386679230390233,1.0,Compliant,0.8709343384312186,ALLOW,0,Medium,0.3,23
70,0.8709343384312186,1.0,Compliant,0.8967474707449749,ALLOW,0,Medium,0.3,23
71,0.8967474707449749,1.0,Compliant,0.9173979765959799,ALLOW,0,Medium,0.3,23
72,0.9173979765959799,0.0,Violation,0.733918381276784,ALLOW,1,Medium,0.3,23
73,0.733918381276784,1.0,Compliant,0.7871347050214271,ALLOW,0,Medium,0.3,23
74,0.7871347050214271,1.0,Compliant,0.8297077640171417,ALLOW,0,Medium,0.3,23
75,0.8297077640171417,1.0,Compliant,0.8637662112137134,ALLOW,0,Medium,0.3,23
76,0.8637662112137134,1.0,Compliant,0.8910129689709707,ALLOW,0,Medium,0.3,23
77,0.8910129689709707,1.0,Compliant,0.9128103751767765,ALLOW,0,Medium,0.3,23
78,0.9128103751767765,0.0,Violation,0.7302483001414213,ALLOW,1,Medium,0.3,23
79,0.7302483001414213,1.0,Compliant,0.784198640113137,ALLOW,0,Medium,0.3,23
80,0.784198640113137,1.0,Compliant,0.8273589120905096,ALLOW,0,Medium,0.3,23
81,0.8273589120905096,0.0,Violation,0.6618871296724077,ALLOW,1,Medium,0.3,23
82,0.6618871296724077,0.0,Violation,0.5295097037379262,HUMAN_REVIEW,1,Medium,0.3,23
83,0.5295097037379262,1.0,Compliant,0.6236077629903409,ALLOW,0,Medium,0.3,23
84,0.6236077629903409,1.0,Compliant,0.6988862103922727,ALLOW,0,Medium,0.3,23
85,0.6988862103922727,1.0,Compliant,0.7591089683138181,ALLOW,0,Medium,0.3,23
86,0.7591089683138181,1.0,Compliant,0.8072871746510545,ALLOW,0,Medium,0.3,23
87,0.8072871746510545,0.0,Violation,0.6458297397208437,ALLOW,1,Medium,0.3,23
88,0.6458297397208437,0.0,Violation,0.516663791776675,HUMAN_REVIEW,1,Medium,0.3,23
89,0.516663791776675,1.0,Compliant,0.61333103342134,ALLOW,0,Medium,0.3,23
90,0.61333103342134,1.0,Compliant,0.690664826737072,ALLOW,0,Medium,0.3,23
91,0.690664826737072,1.0,Compliant,0.7525318613896576,ALLOW,0,Medium,0.3,23
92,0.7525318613896576,1.0,Compliant,0.802025489111726,ALLOW,0,Medium,0.3,23
93,0.802025489111726,0.0,Violation,0.6416203912893809,ALLOW,1,Medium,0.3,23
94,0.6416203912893809,1.0,Compliant,0.7132963130315046,ALLOW,0,Medium,0.3,23
95,0.7132963130315046,0.0,Violation,0.5706370504252037,HUMAN_REVIEW,1,Medium,0.3,23
96,0.5706370504252037,1.0,Compliant,0.6565096403401629,ALLOW,0,Medium,0.3,23
97,0.6565096403401629,1.0,Compliant,0.7252077122721303,ALLOW,0,Medium,0.3,23
98,0.7252077122721303,1.0,Compliant,0.7801661698177043,ALLOW,0,Medium,0.3,23
99,0.7801661698177043,1.0,Compliant,0.8241329358541634,ALLOW,0,Medium,0.3,23
100,0.8241329358541634,1.0,Compliant,0.8593063486833307,ALLOW,0,Medium,0.3,23
1,0.8,1.0,Compliant,0.8400000000000001,ALLOW,0,Medium,0.3,24
2,0.8400000000000001,0.0,Violation,0.6720000000000002,ALLOW,1,Medium,0.3,24
3,0.6720000000000002,1.0,Compliant,0.7376000000000001,ALLOW,0,Medium,0.3,24
4,0.7376000000000001,1.0,Compliant,0.7900800000000001,ALLOW,0,Medium,0.3,24
5,0.7900800000000001,1.0,Compliant,0.8320640000000001,ALLOW,0,Medium,0.3,24
6,0.8320640000000001,0.0,Violation,0.6656512000000001,ALLOW,1,Medium,0.3,24
7,0.6656512000000001,1.0,Compliant,0.7325209600000001,ALLOW,0,Medium,0.3,24
8,0.7325209600000001,1.0,Compliant,0.7860167680000001,ALLOW,0,Medium,0.3,24
9,0.7860167680000001,1.0,Compliant,0.8288134144000001,ALLOW,0,Medium,0.3,24
10,0.8288134144000001,0.0,Violation,0.6630507315200002,ALLOW,1,Medium,0.3,24
11,0.6630507315200002,1.0,Compliant,0.7304405852160001,ALLOW,0,Medium,0.3,24
12,0.7304405852160001,1.0,Compliant,0.7843524681728,ALLOW,0,Medium,0.3,24
13,0.7843524681728,1.0,Compliant,0.82748197453824,ALLOW,0,Medium,0.3,24
14,0.82748197453824,1.0,Compliant,0.861985579630592,ALLOW,0,Medium,0.3,24
15,0.861985579630592,1.0,Compliant,0.8895884637044735,ALLOW,0,Medium,0.3,24
16,0.8895884637044735,1.0,Compliant,0.9116707709635788,ALLOW,0,Medium,0.3,24
17,0.9116707709635788,1.0,Compliant,0.9293366167708631,ALLOW,0,Medium,0.3,24
18,0.9293366167708631,1.0,Compliant,0.9434692934166905,ALLOW,0,Medium,0.3,24
19,0.9434692934166905,1.0,Compliant,0.9547754347333524,ALLOW,0,Medium,0.3,24
20,0.9547754347333524,0.0,Violation,0.763820347786682,ALLOW,1,Medium,0.3,24
21,0.763820347786682,1.0,Compliant,0.8110562782293456,ALLOW,0,Medium,0.3,24
22,0.8110562782293456,0.0,Violation,0.6488450225834765,ALLOW,1,Medium,0.3,24
23,0.6488450225834765,1.0,Compliant,0.7190760180667812,ALLOW,0,Medium,0.3,24
24,0.7190760180667812,1.0,Compliant,0.775260814453425,ALLOW,0,Medium,0.3,24
25,0.775260814453425,0.0,Violation,0.6202086515627401,ALLOW,1,Medium,0.3,24
26,0.6202086515627401,1.0,Compliant,0.696166921250192,ALLOW,0,Medium,0.3,24
27,0.696166921250192,1.0,Compliant,0.7569335370001535,ALLOW,0,Medium,0.3,24
28,0.7569335370001535,1.0,Compliant,0.8055468296001228,ALLOW,0,Medium,0.3,24
29,0.8055468296001228,1.0,Compliant,0.8444374636800982,ALLOW,0,Medium,0.3,24
30,0.8444374636800982,0.0,Violation,0.6755499709440786,ALLOW,1,Medium,0.3,24
31,0.6755499709440786,1.0,Compliant,0.7404399767552629,ALLOW,0,Medium,0.3,24
32,0.7404399767552629,1.0,Compliant,0.7923519814042103,ALLOW,0,Medium,0.3,24
33,0.7923519814042103,1.0,Compliant,0.8338815851233682,ALLOW,0,Medium,0.3,24
34,0.8338815851233682,1.0,Compliant,0.8671052680986946,ALLOW,0,Medium,0.3,24
35,0.8671052680986946,0.0,Violation,0.6936842144789557,ALLOW,1,Medium,0.3,24
36,0.6936842144789557,1.0,Compliant,0.7549473715831645,ALLOW,0,Medium,0.3,24
37,0.7549473715831645,1.0,Compliant,0.8039578972665316,ALLOW,0,Medium,0.3,24
38,0.8039578972665316,1.0,Compliant,0.8431663178132253,ALLOW,0,Medium,0.3,24
39,0.8431663178132253,1.0,Compliant,0.8745330542505803,ALLOW,0,Medium,0.3,24
40,0.8745330542505803,1.0,Compliant,0.8996264434004642,ALLOW,0,Medium,0.3,24
41,0.8996264434004642,1.0,Compliant,0.9197011547203713,ALLOW,0,Medium,0.3,24
42,0.9197011547203713,1.0,Compliant,0.935760923776297,ALLOW,0,Medium,0.3,24
43,0.935760923776297,0.0,Violation,0.7486087390210376,ALLOW,1,Medium,0.3,24
44,0.7486087390210376,0.0,Violation,0.5988869912168301,HUMAN_REVIEW,1,Medium,0.3,24
45,0.5988869912168301,1.0,Compliant,0.6791095929734641,ALLOW,0,Medium,0.3,24
46,0.6791095929734641,0.0,Violation,0.5432876743787712,HUMAN_REVIEW,1,Medium,0.3,24
47,0.5432876743787712,1.0,Compliant,0.6346301395030169,ALLOW,0,Medium,0.3,24
48,0.6346301395030169,0.0,Violation,0.5077041116024136,HUMAN_REVIEW,1,Medium,0.3,24
49,0.5077041116024136,1.0,Compliant,0.6061632892819309,ALLOW,0,Medium,0.3,24
50,0.6061632892819309,0.0,Violation,0.4849306314255447,HUMAN_REVIEW,1,Medium,0.3,24
51,0.4849306314255447,1.0,Compliant,0.5879445051404357,HUMAN_REVIEW,0,Medium,0.3,24
52,0.5879445051404357,1.0,Compliant,0.6703556041123486,ALLOW,0,Medium,0.3,24
53,0.6703556041123486,0.0,Violation,0.5362844832898789,HUMAN_REVIEW,1,Medium,0.3,24
54,0.5362844832898789,0.0,Violation,0.4290275866319031,HUMAN_REVIEW,1,Medium,0.3,24
55,0.4290275866319031,1.0,Compliant,0.5432220693055225,HUMAN_REVIEW,0,Medium,0.3,24
56,0.5432220693055225,1.0,Compliant,0.634577655444418,ALLOW,0,Medium,0.3,24
57,0.634577655444418,1.0,Compliant,0.7076621243555344,ALLOW,0,Medium,0.3,24
58,0.7076621243555344,0.0,Violation,0.5661296994844276,HUMAN_REVIEW,1,Medium,0.3,24
59,0.5661296994844276,0.0,Violation,0.4529037595875421,HUMAN_REVIEW,1,Medium,0.3,24
60,0.4529037595875421,1.0,Compliant,0.5623230076700336,HUMAN_REVIEW,0,Medium,0.3,24
61,0.5623230076700336,1.0,Compliant,0.6498584061360269,ALLOW,0,Medium,0.3,24
62,0.6498584061360269,1.0,Compliant,0.7198867249088214,ALLOW,0,Medium,0.3,24
63,0.7198867249088214,1.0,Compliant,0.7759093799270571,ALLOW,0,Medium,0.3,24
64,0.7759093799270571,1.0,Compliant,0.8207275039416457,ALLOW,0,Medium,0.3,24
65,0.8207275039416457,1.0,Compliant,0.8565820031533166,ALLOW,0,Medium,0.3,24
66,0.8565820031533166,1.0,Compliant,0.8852656025226533,ALLOW,0,Medium,0.3,24
67,0.8852656025226533,1.0,Compliant,0.9082124820181227,ALLOW,0,Medium,0.3,24
68,0.9082124820181227,0.0,Violation,0.7265699856144981,ALLOW,1,Medium,0.3,24
69,0.7265699856144981,1.0,Compliant,0.7812559884915985,ALLOW,0,Medium,0.3,24
70,0.7812559884915985,1.0,Compliant,0.8250047907932788,ALLOW,0,Medium,0.3,24
71,0.8250047907932788,1.0,Compliant,0.8600038326346231,ALLOW,0,Medium,0.3,24
72,0.8600038326346231,1.0,Compliant,0.8880030661076985,ALLOW,0,Medium,0.3,24
73,0.8880030661076985,1.0,Compliant,0.9104024528861588,ALLOW,0,Medium,0.3,24
74,0.9104024528861588,1.0,Compliant,0.928321962308927,ALLOW,0,Medium,0.3,24
75,0.928321962308927,1.0,Compliant,0.9426575698471417,ALLOW,0,Medium,0.3,24
76,0.9426575698471417,0.0,Violation,0.7541260558777134,ALLOW,1,Medium,0.3,24
77,0.7541260558777134,0.0,Violation,0.6033008447021708,ALLOW,1,Medium,0.3,24
78,0.6033008447021708,1.0,Compliant,0.6826406757617367,ALLOW,0,Medium,0.3,24
79,0.6826406757617367,1.0,Compliant,0.7461125406093894,ALLOW,0,Medium,0.3,24
80,0.7461125406093894,0.0,Violation,0.5968900324875115,HUMAN_REVIEW,1,Medium,0.3,24
81,0.5968900324875115,0.0,Violation,0.4775120259900092,HUMAN_REVIEW,1,Medium,0.3,24
82,0.4775120259900092,0.0,Violation,0.3820096207920074,HUMAN_REVIEW,1,Medium,0.3,24
83,0.3820096207920074,0.0,Violation,0.30560769663360593,HUMAN_REVIEW,1,Medium,0.3,24
84,0.30560769663360593,0.0,Violation,0.24448615730688475,HUMAN_REVIEW,1,Medium,0.3,24
85,0.24448615730688475,0.0,Violation,0.1955889258455078,HUMAN_REVIEW,1,Medium,0.3,24
86,0.1955889258455078,1.0,Compliant,0.3564711406764062,HUMAN_REVIEW,0,Medium,0.3,24
87,0.3564711406764062,1.0,Compliant,0.4851769125411249,HUMAN_REVIEW,0,Medium,0.3,24
88,0.4851769125411249,1.0,Compliant,0.5881415300328998,HUMAN_REVIEW,0,Medium,0.3,24
89,0.5881415300328998,1.0,Compliant,0.6705132240263199,ALLOW,0,Medium,0.3,24
90,0.6705132240263199,1.0,Compliant,0.7364105792210559,ALLOW,0,Medium,0.3,24
91,0.7364105792210559,0.0,Violation,0.5891284633768448,HUMAN_REVIEW,1,Medium,0.3,24
92,0.5891284633768448,1.0,Compliant,0.6713027707014758,ALLOW,0,Medium,0.3,24
93,0.6713027707014758,1.0,Compliant,0.7370422165611806,ALLOW,0,Medium,0.3,24
94,0.7370422165611806,1.0,Compliant,0.7896337732489445,ALLOW,0,Medium,0.3,24
95,0.7896337732489445,1.0,Compliant,0.8317070185991555,ALLOW,0,Medium,0.3,24
96,0.8317070185991555,0.0,Violation,0.6653656148793244,ALLOW,1,Medium,0.3,24
97,0.6653656148793244,1.0,Compliant,0.7322924919034596,ALLOW,0,Medium,0.3,24
98,0.7322924919034596,1.0,Compliant,0.7858339935227676,ALLOW,0,Medium,0.3,24
99,0.7858339935227676,0.0,Violation,0.6286671948182141,ALLOW,1,Medium,0.3,24
100,0.6286671948182141,1.0,Compliant,0.7029337558545713,ALLOW,0,Medium,0.3,24
1,0.8,1.0,Compliant,0.8400000000000001,ALLOW,0,Medium,0.3,25
2,0.8400000000000001,1.0,Compliant,0.8720000000000001,ALLOW,0,Medium,0.3,25
3,0.8720000000000001,0.0,Violation,0.6976000000000001,ALLOW,1,Medium,0.3,25
4,0.6976000000000001,0.0,Violation,0.5580800000000001,HUMAN_REVIEW,1,Medium,0.3,25
5,0.5580800000000001,0.0,Violation,0.44646400000000014,HUMAN_REVIEW,1,Medium,0.3,25
6,0.44646400000000014,1.0,Compliant,0.5571712000000001,HUMAN_REVIEW,0,Medium,0.3,25
7,0.5571712000000001,1.0,Compliant,0.64573696,ALLOW,0,Medium,0.3,25
8,0.64573696,0.0,Violation,0.516589568,HUMAN_REVIEW,1,Medium,0.3,25
9,0.516589568,1.0,Compliant,0.6132716544,ALLOW,0,Medium,0.3,25
10,0.6132716544,1.0,Compliant,0.6906173235199999,ALLOW,0,Medium,0.3,25
11,0.6906173235199999,0.0,Violation,0.552493858816,HUMAN_REVIEW,1,Medium,0.3,25
12,0.552493858816,1.0,Compliant,0.6419950870528,ALLOW,0,Medium,0.3,25
13,0.6419950870528,1.0,Compliant,0.71359606964224,ALLOW,0,Medium,0.3,25
14,0.71359606964224,1.0,Compliant,0.7708768557137919,ALLOW,0,Medium,0.3,25
15,0.7708768557137919,1.0,Compliant,0.8167014845710335,ALLOW,0,Medium,0.3,25
16,0.8167014845710335,0.0,Violation,0.6533611876568268,ALLOW,1,Medium,0.3,25
17,0.6533611876568268,0.0,Violation,0.5226889501254615,HUMAN_REVIEW,1,Medium,0.3,25
18,0.5226889501254615,1.0,Compliant,0.6181511601003691,ALLOW,0,Medium,0.3,25
19,0.6181511601003691,1.0,Compliant,0.6945209280802953,ALLOW,0,Medium,0.3,25
20,0.6945209280802953,0.0,Violation,0.5556167424642363,HUMAN_REVIEW,1,Medium,0.3,25
21,0.5556167424642363,1.0,Compliant,0.644493393971389,ALLOW,0,Medium,0.3,25
22,0.644493393971389,1.0,Compliant,0.7155947151771113,ALLOW,0,Medium,0.3,25
23,0.7155947151771113,0.0,Violation,0.572475772141689,HUMAN_REVIEW,1,Medium,0.3,25
24,0.572475772141689,1.0,Compliant,0.6579806177133511,ALLOW,0,Medium,0.3,25
25,0.6579806177133511,0.0,Violation,0.5263844941706809,HUMAN_REVIEW,1,Medium,0.3,25
26,0.5263844941706809,1.0,Compliant,0.6211075953365447,ALLOW,0,Medium,0.3,25
27,0.6211075953365447,0.0,Violation,0.49688607626923575,HUMAN_REVIEW,1,Medium,0.3,25
28,0.49688607626923575,0.0,Violation,0.3975088610153886,HUMAN_REVIEW,1,Medium,0.3,25
29,0.3975088610153886,1.0,Compliant,0.518007088812311,HUMAN_REVIEW,0,Medium,0.3,25
30,0.518007088812311,1.0,Compliant,0.6144056710498487,ALLOW,0,Medium,0.3,25
31,0.6144056710498487,1.0,Compliant,0.6915245368398789,ALLOW,0,Medium,0.3,25
32,0.6915245368398789,1.0,Compliant,0.7532196294719031,ALLOW,0,Medium,0.3,25
33,0.7532196294719031,1.0,Compliant,0.8025757035775225,ALLOW,0,Medium,0.3,25
34,0.8025757035775225,1.0,Compliant,0.842060562862018,ALLOW,0,Medium,0.3,25
35,0.842060562862018,0.0,Violation,0.6736484502896145,ALLOW,1,Medium,0.3,25
36,0.6736484502896145,1.0,Compliant,0.7389187602316916,ALLOW,0,Medium,0.3,25
37,0.7389187602316916,1.0,Compliant,0.7911350081853532,ALLOW,0,Medium,0.3,25
38,0.7911350081853532,1.0,Compliant,0.8329080065482826,ALLOW,0,Medium,0.3,25
39,0.8329080065482826,0.0,Violation,0.6663264052386261,ALLOW,1,Medium,0.3,25
40,0.6663264052386261,1.0,Compliant,0.7330611241909009,ALLOW,0,Medium,0.3,25
41,0.7330611241909009,1.0,Compliant,0.7864488993527207,ALLOW,0,Medium,0.3,25
42,0.7864488993527207,1.0,Compliant,0.8291591194821766,ALLOW,0,Medium,0.3,25
43,0.8291591194821766,1.0,Compliant,0.8633272955857413,ALLOW,0,Medium,0.3,25
44,0.8633272955857413,1.0,Compliant,0.890661836468593,ALLOW,0,Medium,0.3,25
45,0.890661836468593,1.0,Compliant,0.9125294691748744,ALLOW,0,Medium,0.3,25
46,0.9125294691748744,0.0,Violation,0.7300235753398996,ALLOW,1,Medium,0.3,25
47,0.7300235753398996,1.0,Compliant,0.7840188602719197,ALLOW,0,Medium,0.3,25
48,0.7840188602719197,0.0,Violation,0.6272150882175358,ALLOW,1,Medium,0.3,25
49,0.6272150882175358,1.0,Compliant,0.7017720705740286,ALLOW,0,Medium,0.3,25
50,0.7017720705740286,1.0,Compliant,0.7614176564592229,ALLOW,0,Medium,0.3,25
51,0.7614176564592229,0.0,Violation,0.6091341251673783,ALLOW,1,Medium,0.3,25
52,0.6091341251673783,0.0,Violation,0.48730730013390267,HUMAN_REVIEW,1,Medium,0.3,25
53,0.48730730013390267,1.0,Compliant,0.589845840107122,HUMAN_REVIEW,0,Medium,0.3,25
54,0.589845840107122,0.0,Violation,0.47187667208569767,HUMAN_REVIEW,1,Medium,0.3,25
55,0.47187667208569767,0.0,Violation,0.37750133766855815,HUMAN_REVIEW,1,Medium,0.3,25
56,0.37750133766855815,1.0,Compliant,0.5020010701348465,HUMAN_REVIEW,0,Medium,0.3,25
57,0.5020010701348465,1.0,Compliant,0.6016008561078772,ALLOW,0,Medium,0.3,25
58,0.6016008561078772,1.0,Compliant,0.6812806848863018,ALLOW,0,Medium,0.3,25
59,0.6812806848863018,1.0,Compliant,0.7450245479090414,ALLOW,0,Medium,0.3,25
60,0.7450245479090414,0.0,Violation,0.5960196383272331,HUMAN_REVIEW,1,Medium,0.3,25
61,0.5960196383272331,1.0,Compliant,0.6768157106617865,ALLOW,0,Medium,0.3,25
62,0.6768157106617865,1.0,Compliant,0.7414525685294292,ALLOW,0,Medium,0.3,25
63,0.7414525685294292,1.0,Compliant,0.7931620548235433,ALLOW,0,Medium,0.3,25
64,0.7931620548235433,0.0,Violation,0.6345296438588347,ALLOW,1,Medium,0.3,25
65,0.6345296438588347,1.0,Compliant,0.7076237150870678,ALLOW,0,Medium,0.3,25
66,0.7076237150870678,1.0,Compliant,0.7660989720696542,ALLOW,0,Medium,0.3,25
67,0.7660989720696542,0.0,Violation,0.6128791776557234,ALLOW,1,Medium,0.3,25
68,0.6128791776557234,1.0,Compliant,0.6903033421245788,ALLOW,0,Medium,0.3,25
69,0.6903033421245788,1.0,Compliant,0.752242673699663,ALLOW,0,Medium,0.3,25
70,0.752242673699663,0.0,Violation,0.6017941389597304,ALLOW,1,Medium,0.3,25
71,0.6017941389597304,1.0,Compliant,0.6814353111677843,ALLOW,0,Medium,0.3,25
72,0.6814353111677843,1.0,Compliant,0.7451482489342275,ALLOW,0,Medium,0.3,25
73,0.7451482489342275,1.0,Compliant,0.7961185991473819,ALLOW,0,Medium,0.3,25
74,0.7961185991473819,1.0,Compliant,0.8368948793179055,ALLOW,0,Medium,0.3,25
75,0.8368948793179055,0.0,Violation,0.6695159034543244,ALLOW,1,Medium,0.3,25
76,0.6695159034543244,1.0,Compliant,0.7356127227634596,ALLOW,0,Medium,0.3,25
77,0.7356127227634596,1.0,Compliant,0.7884901782107676,ALLOW,0,Medium,0.3,25
78,0.7884901782107676,0.0,Violation,0.6307921425686142,ALLOW,1,Medium,0.3,25
79,0.6307921425686142,1.0,Compliant,0.7046337140548913,ALLOW,0,Medium,0.3,25
80,0.7046337140548913,1.0,Compliant,0.763706971243913,ALLOW,0,Medium,0.3,25
81,0.763706971243913,0.0,Violation,0.6109655769951304,ALLOW,1,Medium,0.3,25
82,0.6109655769951304,0.0,Violation,0.4887724615961044,HUMAN_REVIEW,1,Medium,0.3,25
83,0.4887724615961044,1.0,Compliant,0.5910179692768835,HUMAN_REVIEW,0,Medium,0.3,25
84,0.5910179692768835,0.0,Violation,0.47281437542150684,HUMAN_REVIEW,1,Medium,0.3,25
85,0.47281437542150684,1.0,Compliant,0.5782515003372055,HUMAN_REVIEW,0,Medium,0.3,25
86,0.5782515003372055,1.0,Compliant,0.6626012002697643,ALLOW,0,Medium,0.3,25
87,0.6626012002697643,0.0,Violation,0.5300809602158115,HUMAN_REVIEW,1,Medium,0.3,25
88,0.5300809602158115,1.0,Compliant,0.6240647681726492,ALLOW,0,Medium,0.3,25
89,0.6240647681726492,1.0,Compliant,0.6992518145381194,ALLOW,0,Medium,0.3,25
90,0.6992518145381194,1.0,Compliant,0.7594014516304954,ALLOW,0,Medium,0.3,25
91,0.7594014516304954,1.0,Compliant,0.8075211613043963,ALLOW,0,Medium,0.3,25
92,0.8075211613043963,1.0,Compliant,0.8460169290435171,ALLOW,0,Medium,0.3,25
93,0.8460169290435171,1.0,Compliant,0.8768135432348136,ALLOW,0,Medium,0.3,25
94,0.8768135432348136,1.0,Compliant,0.9014508345878509,ALLOW,0,Medium,0.3,25
95,0.9014508345878509,1.0,Compliant,0.9211606676702807,ALLOW,0,Medium,0.3,25
96,0.9211606676702807,1.0,Compliant,0.9369285341362246,ALLOW,0,Medium,0.3,25
97,0.9369285341362246,1.0,Compliant,0.9495428273089797,ALLOW,0,Medium,0.3,25
98,0.9495428273089797,0.0,Violation,0.7596342618471837,ALLOW,1,Medium,0.3,25
99,0.7596342618471837,0.0,Violation,0.607707409477747,ALLOW,1,Medium,0.3,25
100,0.607707409477747,0.0,Violation,0.4861659275821977,HUMAN_REVIEW,1,Medium,0.3,25
1,0.8,0.0,Violation,0.6400000000000001,ALLOW,1,Medium,0.3,26
2,0.6400000000000001,1.0,Compliant,0.7120000000000001,ALLOW,0,Medium,0.3,26
3,0.7120000000000001,0.0,Violation,0.5696000000000001,HUMAN_REVIEW,1,Medium,0.3,26
4,0.5696000000000001,0.0,Violation,0.4556800000000001,HUMAN_REVIEW,1,Medium,0.3,26
5,0.4556800000000001,1.0,Compliant,0.564544,HUMAN_REVIEW,0,Medium,0.3,26
6,0.564544,1.0,Compliant,0.6516352000000001,ALLOW,0,Medium,0.3,26
7,0.6516352000000001,1.0,Compliant,0.7213081600000001,ALLOW,0,Medium,0.3,26
8,0.7213081600000001,0.0,Violation,0.5770465280000001,HUMAN_REVIEW,1,Medium,0.3,26
9,0.5770465280000001,1.0,Compliant,0.6616372224,ALLOW,0,Medium,0.3,26
10,0.6616372224,1.0,Compliant,0.72930977792,ALLOW,0,Medium,0.3,26
11,0.72930977792,1.0,Compliant,0.783447822336,ALLOW,0,Medium,0.3,26
12,0.783447822336,1.0,Compliant,0.8267582578688,ALLOW,0,Medium,0.3,26
13,0.8267582578688,1.0,Compliant,0.86140660629504,ALLOW,0,Medium,0.3,26
14,0.86140660629504,0.0,Violation,0.689125285036032,ALLOW,1,Medium,0.3,26
15,0.689125285036032,1.0,Compliant,0.7513002280288256,ALLOW,0,Medium,0.3,26
16,0.7513002280288256,0.0,Violation,0.6010401824230605,ALLOW,1,Medium,0.3,26
17,0.6010401824230605,1.0,Compliant,0.6808321459384483,ALLOW,0,Medium,0.3,26
18,0.6808321459384483,1.0,Compliant,0.7446657167507587,ALLOW,0,Medium,0.3,26
19,0.7446657167507587,1.0,Compliant,0.7957325734006069,ALLOW,0,Medium,0.3,26
20,0.7957325734006069,1.0,Compliant,0.8365860587204855,ALLOW,0,Medium,0.3,26
21,0.8365860587204855,0.0,Violation,0.6692688469763884,ALLOW,1,Medium,0.3,26
22,0.6692688469763884,0.0,Violation,0.5354150775811107,HUMAN_REVIEW,1,Medium,0.3,26
23,0.5354150775811107,0.0,Violation,0.4283320620648886,HUMAN_REVIEW,1,Medium,0.3,26
24,0.4283320620648886,0.0,Violation,0.34266564965191093,HUMAN_REVIEW,1,Medium,0.3,26
25,0.34266564965191093,1.0,Compliant,0.4741325197215287,HUMAN_REVIEW,0,Medium,0.3,26
26,0.4741325197215287,1.0,Compliant,0.579306015777223,HUMAN_REVIEW,0,Medium,0.3,26
27,0.579306015777223,1.0,Compliant,0.6634448126217783,ALLOW,0,Medium,0.3,26
28,0.6634448126217783,1.0,Compliant,0.7307558500974226,ALLOW,0,Medium,0.3,26
29,0.7307558500974226,1.0,Compliant,0.784604680077938,ALLOW,0,Medium,0.3,26
30,0.784604680077938,1.0,Compliant,0.8276837440623505,ALLOW,0,Medium,0.3,26
31,0.8276837440623505,1.0,Compliant,0.8621469952498804,ALLOW,0,Medium,0.3,26
32,0.8621469952498804,0.0,Violation,0.6897175961999044,ALLOW,1,Medium,0.3,26
33,0.6897175961999044,0.0,Violation,0.5517740769599235,HUMAN_REVIEW,1,Medium,0.3,26
34,0.5517740769599235,1.0,Compliant,0.6414192615679388,ALLOW,0,Medium,0.3,26
35,0.6414192615679388,1.0,Compliant,0.713135409254351,ALLOW,0,Medium,0.3,26
36,0.713135409254351,0.0,Violation,0.5705083274034809,HUMAN_REVIEW,1,Medium,0.3,26
37,0.5705083274034809,0.0,Violation,0.45640666192278473,HUMAN_REVIEW,1,Medium,0.3,26
38,0.45640666192278473,1.0,Compliant,0.5651253295382277,HUMAN_REVIEW,0,Medium,0.3,26
39,0.5651253295382277,1.0,Compliant,0.6521002636305822,ALLOW,0,Medium,0.3,26
40,0.6521002636305822,0.0,Violation,0.5216802109044657,HUMAN_REVIEW,1,Medium,0.3,26
41,0.5216802109044657,1.0,Compliant,0.6173441687235726,ALLOW,0,Medium,0.3,26
42,0.6173441687235726,0.0,Violation,0.49387533497885805,HUMAN_REVIEW,1,Medium,0.3,26
43,0.49387533497885805,0.0,Violation,0.39510026798308645,HUMAN_REVIEW,1,Medium,0.3,26
44,0.39510026798308645,1.0,Compliant,0.5160802143864691,HUMAN_REVIEW,0,Medium,0.3,26
45,0.5160802143864691,1.0,Compliant,0.6128641715091753,ALLOW,0,Medium,0.3,26
46,0.6128641715091753,1.0,Compliant,0.6902913372073403,ALLOW,0,Medium,0.3,26
47,0.6902913372073403,1.0,Compliant,0.7522330697658722,ALLOW,0,Medium,0.3,26
48,0.7522330697658722,1.0,Compliant,0.8017864558126978,ALLOW,0,Medium,0.3,26
49,0.8017864558126978,1.0,Compliant,0.8414291646501583,ALLOW,0,Medium,0.3,26
50,0.8414291646501583,0.0,Violation,0.6731433317201266,ALLOW,1,Medium,0.3,26
51,0.6731433317201266,1.0,Compliant,0.7385146653761013,ALLOW,0,Medium,0.3,26
52,0.7385146653761013,1.0,Compliant,0.7908117323008811,ALLOW,0,Medium,0.3,26
53,0.7908117323008811,0.0,Violation,0.632649385840705,ALLOW,1,Medium,0.3,26
54,0.632649385840705,1.0,Compliant,0.7061195086725639,ALLOW,0,Medium,0.3,26
55,0.7061195086725639,0.0,Violation,0.5648956069380512,HUMAN_REVIEW,1,Medium,0.3,26
56,0.5648956069380512,0.0,Violation,0.45191648555044095,HUMAN_REVIEW,1,Medium,0.3,26
57,0.45191648555044095,1.0,Compliant,0.5615331884403527,HUMAN_REVIEW,0,Medium,0.3,26
58,0.5615331884403527,0.0,Violation,0.4492265507522822,HUMAN_REVIEW,1,Medium,0.3,26
59,0.4492265507522822,0.0,Violation,0.35938124060182575,HUMAN_REVIEW,1,Medium,0.3,26
60,0.35938124060182575,1.0,Compliant,0.48750499248146056,HUMAN_REVIEW,0,Medium,0.3,26
61,0.48750499248146056,1.0,Compliant,0.5900039939851685,HUMAN_REVIEW,0,Medium,0.3,26
62,0.5900039939851685,1.0,Compliant,0.6720031951881347,ALLOW,0,Medium,0.3,26
63,0.6720031951881347,1.0,Compliant,0.7376025561505077,ALLOW,0,Medium,0.3,26
64,0.7376025561505077,0.0,Violation,0.5900820449204062,HUMAN_REVIEW,1,Medium,0.3,26
65,0.5900820449204062,1.0,Compliant,0.6720656359363248,ALLOW,0,Medium,0.3,26
66,0.6720656359363248,1.0,Compliant,0.7376525087490599,ALLOW,0,Medium,0.3,26
67,0.7376525087490599,0.0,Violation,0.5901220069992479,HUMAN_REVIEW,1,Medium,0.3,26
68,0.5901220069992479,1.0,Compliant,0.6720976055993984,ALLOW,0,Medium,0.3,26
69,0.6720976055993984,0.0,Violation,0.5376780844795187,HUMAN_REVIEW,1,Medium,0.3,26
70,0.5376780844795187,1.0,Compliant,0.6301424675836149,ALLOW,0,Medium,0.3,26
71,0.6301424675836149,0.0,Violation,0.504113974066892,HUMAN_REVIEW,1,Medium,0.3,26
72,0.504113974066892,1.0,Compliant,0.6032911792535136,ALLOW,0,Medium,0.3,26
73,0.6032911792535136,1.0,Compliant,0.6826329434028109,ALLOW,0,Medium,0.3,26
74,0.6826329434028109,0.0,Violation,0.5461063547222488,HUMAN_REVIEW,1,Medium,0.3,26
75,0.5461063547222488,1.0,Compliant,0.6368850837777991,ALLOW,0,Medium,0.3,26
76,0.6368850837777991,0.0,Violation,0.5095080670222393,HUMAN_REVIEW,1,Medium,0.3,26
77,0.5095080670222393,1.0,Compliant,0.6076064536177914,ALLOW,0,Medium,0.3,26
78,0.6076064536177914,1.0,Compliant,0.686085162894233,ALLOW,0,Medium,0.3,26
79,0.686085162894233,1.0,Compliant,0.7488681303153865,ALLOW,0,Medium,0.3,26
80,0.7488681303153865,1.0,Compliant,0.7990945042523091,ALLOW,0,Medium,0.3,26
81,0.7990945042523091,1.0,Compliant,0.8392756034018473,ALLOW,0,Medium,0.3,26
82,0.8392756034018473,0.0,Violation,0.6714204827214778,ALLOW,1,Medium,0.3,26
83,0.6714204827214778,1.0,Compliant,0.7371363861771822,ALLOW,0,Medium,0.3,26
84,0.7371363861771822,1.0,Compliant,0.7897091089417457,ALLOW,0,Medium,0.3,26
85,0.7897091089417457,1.0,Compliant,0.8317672871533965,ALLOW,0,Medium,0.3,26
86,0.8317672871533965,1.0,Compliant,0.8654138297227172,ALLOW,0,Medium,0.3,26
87,0.8654138297227172,1.0,Compliant,0.8923310637781737,ALLOW,0,Medium,0.3,26
88,0.8923310637781737,1.0,Compliant,0.913864851022539,ALLOW,0,Medium,0.3,26
89,0.913864851022539,1.0,Compliant,0.9310918808180312,ALLOW,0,Medium,0.3,26
90,0.9310918808180312,1.0,Compliant,0.944873504654425,ALLOW,0,Medium,0.3,26
91,0.944873504654425,1.0,Compliant,0.95589880372354,ALLOW,0,Medium,0.3,26
92,0.95589880372354,0.0,Violation,0.764719042978832,ALLOW,1,Medium,0.3,26
93,0.764719042978832,1.0,Compliant,0.8117752343830655,ALLOW,0,Medium,0.3,26
94,0.8117752343830655,1.0,Compliant,0.8494201875064524,ALLOW,0,Medium,0.3,26
95,0.8494201875064524,0.0,Violation,0.679536150005162,ALLOW,1,Medium,0.3,26
96,0.679536150005162,1.0,Compliant,0.7436289200041296,ALLOW,0,Medium,0.3,26
97,0.7436289200041296,1.0,Compliant,0.7949031360033036,ALLOW,0,Medium,0.3,26
98,0.7949031360033036,1.0,Compliant,0.835922508802643,ALLOW,0,Medium,0.3,26
99,0.835922508802643,0.0,Violation,0.6687380070421144,ALLOW,1,Medium,0.3,26
100,0.6687380070421144,1.0,Compliant,0.7349904056336914,ALLOW,0,Medium,0.3,26
1,0.8,0.0,Violation,0.6400000000000001,ALLOW,1,Medium,0.3,27
2,0.6400000000000001,1.0,Compliant,0.7120000000000001,ALLOW,0,Medium,0.3,27
3,0.7120000000000001,1.0,Compliant,0.7696000000000001,ALLOW,0,Medium,0.3,27
4,0.7696000000000001,0.0,Violation,0.6156800000000001,ALLOW,1,Medium,0.3,27
5,0.6156800000000001,1.0,Compliant,0.692544,ALLOW,0,Medium,0.3,27
6,0.692544,1.0,Compliant,0.7540352,ALLOW,0,Medium,0.3,27
7,0.7540352,1.0,Compliant,0.80322816,ALLOW,0,Medium,0.3,27
8,0.80322816,0.0,Violation,0.642582528,ALLOW,1,Medium,0.3,27
9,0.642582528,0.0,Violation,0.5140660224000001,HUMAN_REVIEW,1,Medium,0.3,27
10,0.5140660224000001,1.0,Compliant,0.6112528179200001,ALLOW,0,Medium,0.3,27
11,0.6112528179200001,1.0,Compliant,0.689002254336,ALLOW,0,Medium,0.3,27
12,0.689002254336,1.0,Compliant,0.7512018034688001,ALLOW,0,Medium,0.3,27
13,0.7512018034688001,1.0,Compliant,0.80096144277504,ALLOW,0,Medium,0.3,27
14,0.80096144277504,1.0,Compliant,0.840769154220032,ALLOW,0,Medium,0.3,27
15,0.840769154220032,0.0,Violation,0.6726153233760256,ALLOW,1,Medium,0.3,27
16,0.6726153233760256,1.0,Compliant,0.7380922587008204,ALLOW,0,Medium,0.3,27
17,0.7380922587008204,1.0,Compliant,0.7904738069606563,ALLOW,0,Medium,0.3,27
18,0.7904738069606563,1.0,Compliant,0.832379045568525,ALLOW,0,Medium,0.3,27
19,0.832379045568525,1.0,Compliant,0.86590323645482,ALLOW,0,Medium,0.3,27
20,0.86590323645482,1.0,Compliant,0.892722589163856,ALLOW,0,Medium,0.3,27
21,0.892722589163856,0.0,Violation,0.7141780713310849,ALLOW,1,Medium,0.3,27
22,0.7141780713310849,0.0,Violation,0.571342457064868,HUMAN_REVIEW,1,Medium,0.3,27
23,0.571342457064868,0.0,Violation,0.4570739656518944,HUMAN_REVIEW,1,Medium,0.3,27
24,0.4570739656518944,1.0,Compliant,0.5656591725215154,HUMAN_REVIEW,0,Medium,0.3,27
25,0.5656591725215154,0.0,Violation,0.45252733801721234,HUMAN_REVIEW,1,Medium,0.3,27
26,0.45252733801721234,0.0,Violation,0.3620218704137699,HUMAN_REVIEW,1,Medium,0.3,27
27,0.3620218704137699,1.0,Compliant,0.48961749633101587,HUMAN_REVIEW,0,Medium,0.3,27
28,0.48961749633101587,1.0,Compliant,0.5916939970648127,HUMAN_REVIEW,0,Medium,0.3,27
29,0.5916939970648127,0.0,Violation,0.4733551976518502,HUMAN_REVIEW,1,Medium,0.3,27
30,0.4733551976518502,1.0,Compliant,0.5786841581214801,HUMAN_REVIEW,0,Medium,0.3,27
31,0.5786841581214801,0.0,Violation,0.4629473264971841,HUMAN_REVIEW,1,Medium,0.3,27
32,0.4629473264971841,0.0,Violation,0.37035786119774733,HUMAN_REVIEW,1,Medium,0.3,27
33,0.37035786119774733,1.0,Compliant,0.4962862889581978,HUMAN_REVIEW,0,Medium,0.3,27
34,0.4962862889581978,0.0,Violation,0.3970290311665583,HUMAN_REVIEW,1,Medium,0.3,27
35,0.3970290311665583,1.0,Compliant,0.5176232249332466,HUMAN_REVIEW,0,Medium,0.3,27
36,0.5176232249332466,1.0,Compliant,0.6140985799465972,ALLOW,0,Medium,0.3,27
37,0.6140985799465972,1.0,Compliant,0.6912788639572778,ALLOW,0,Medium,0.3,27
38,0.6912788639572778,0.0,Violation,0.5530230911658223,HUMAN_REVIEW,1,Medium,0.3,27
39,0.5530230911658223,0.0,Violation,0.44241847293265785,HUMAN_REVIEW,1,Medium,0.3,27
40,0.44241847293265785,1.0,Compliant,0.5539347783461263,HUMAN_REVIEW,0,Medium,0.3,27
41,0.5539347783461263,1.0,Compliant,0.643147822676901,ALLOW,0,Medium,0.3,27
42,0.643147822676901,1.0,Compliant,0.7145182581415207,ALLOW,0,Medium,0.3,27
43,0.7145182581415207,1.0,Compliant,0.7716146065132166,ALLOW,0,Medium,0.3,27
44,0.7716146065132166,1.0,Compliant,0.8172916852105733,ALLOW,0,Medium,0.3,27
45,0.8172916852105733,1.0,Compliant,0.8538333481684586,ALLOW,0,Medium,0.3,27
46,0.8538333481684586,1.0,Compliant,0.8830666785347668,ALLOW,0,Medium,0.3,27
47,0.8830666785347668,0.0,Violation,0.7064533428278135,ALLOW,1,Medium,0.3,27
48,0.7064533428278135,1.0,Compliant,0.7651626742622507,ALLOW,0,Medium,0.3,27
49,0.7651626742622507,1.0,Compliant,0.8121301394098006,ALLOW,0,Medium,0.3,27
50,0.8121301394098006,1.0,Compliant,0.8497041115278405,ALLOW,0,Medium,0.3,27
51,0.8497041115278405,1.0,Compliant,0.8797632892222724,ALLOW,0,Medium,0.3,27
52,0.8797632892222724,1.0,Compliant,0.9038106313778179,ALLOW,0,Medium,0.3,27
53,0.9038106313778179,1.0,Compliant,0.9230485051022543,ALLOW,0,Medium,0.3,27
54,0.9230485051022543,1.0,Compliant,0.9384388040818035,ALLOW,0,Medium,0.3,27
55,0.9384388040818035,1.0,Compliant,0.9507510432654428,ALLOW,0,Medium,0.3,27
56,0.9507510432654428,1.0,Compliant,0.9606008346123542,ALLOW,0,Medium,0.3,27
57,0.9606008346123542,1.0,Compliant,0.9684806676898834,ALLOW,0,Medium,0.3,27
58,0.9684806676898834,1.0,Compliant,0.9747845341519067,ALLOW,0,Medium,0.3,27
59,0.9747845341519067,0.0,Violation,0.7798276273215254,ALLOW,1,Medium,0.3,27
60,0.7798276273215254,0.0,Violation,0.6238621018572204,ALLOW,1,Medium,0.3,27
61,0.6238621018572204,1.0,Compliant,0.6990896814857763,ALLOW,0,Medium,0.3,27
62,0.6990896814857763,1.0,Compliant,0.7592717451886211,ALLOW,0,Medium,0.3,27
63,0.7592717451886211,1.0,Compliant,0.8074173961508968,ALLOW,0,Medium,0.3,27
64,0.8074173961508968,0.0,Violation,0.6459339169207174,ALLOW,1,Medium,0.3,27
65,0.6459339169207174,1.0,Compliant,0.7167471335365739,ALLOW,0,Medium,0.3,27
66,0.7167471335365739,1.0,Compliant,0.7733977068292591,ALLOW,0,Medium,0.3,27
67,0.7733977068292591,1.0,Compliant,0.8187181654634073,ALLOW,0,Medium,0.3,27
68,0.8187181654634073,1.0,Compliant,0.8549745323707258,ALLOW,0,Medium,0.3,27
69,0.8549745323707258,1.0,Compliant,0.8839796258965806,ALLOW,0,Medium,0.3,27
70,0.8839796258965806,1.0,Compliant,0.9071837007172645,ALLOW,0,Medium,0.3,27
71,0.9071837007172645,1.0,Compliant,0.9257469605738116,ALLOW,0,Medium,0.3,27
72,0.9257469605738116,1.0,Compliant,0.9405975684590493,ALLOW,0,Medium,0.3,27
73,0.9405975684590493,1.0,Compliant,0.9524780547672395,ALLOW,0,Medium,0.3,27
74,0.9524780547672395,1.0,Compliant,0.9619824438137916,ALLOW,0,Medium,0.3,27
75,0.9619824438137916,1.0,Compliant,0.9695859550510333,ALLOW,0,Medium,0.3,27
76,0.9695859550510333,1.0,Compliant,0.9756687640408266,ALLOW,0,Medium,0.3,27
77,0.9756687640408266,1.0,Compliant,0.9805350112326613,ALLOW,0,Medium,0.3,27
78,0.9805350112326613,0.0,Violation,0.7844280089861291,ALLOW,1,Medium,0.3,27
79,0.7844280089861291,1.0,Compliant,0.8275424071889033,ALLOW,0,Medium,0.3,27
80,0.8275424071889033,1.0,Compliant,0.8620339257511226,ALLOW,0,Medium,0.3,27
81,0.8620339257511226,1.0,Compliant,0.8896271406008981,ALLOW,0,Medium,0.3,27
82,0.8896271406008981,1.0,Compliant,0.9117017124807185,ALLOW,0,Medium,0.3,27
83,0.9117017124807185,0.0,Violation,0.7293613699845749,ALLOW,1,Medium,0.3,27
84,0.7293613699845749,1.0,Compliant,0.7834890959876599,ALLOW,0,Medium,0.3,27
85,0.7834890959876599,1.0,Compliant,0.826791276790128,ALLOW,0,Medium,0.3,27
86,0.826791276790128,1.0,Compliant,0.8614330214321024,ALLOW,0,Medium,0.3,27
87,0.8614330214321024,0.0,Violation,0.689146417145682,ALLOW,1,Medium,0.3,27
88,0.689146417145682,0.0,Violation,0.5513171337165457,HUMAN_REVIEW,1,Medium,0.3,27
89,0.5513171337165457,1.0,Compliant,0.6410537069732365,ALLOW,0,Medium,0.3,27
90,0.6410537069732365,1.0,Compliant,0.7128429655785892,ALLOW,0,Medium,0.3,27
91,0.7128429655785892,1.0,Compliant,0.7702743724628713,ALLOW,0,Medium,0.3,27
92,0.7702743724628713,1.0,Compliant,0.816219497970297,ALLOW,0,Medium,0.3,27
93,0.816219497970297,1.0,Compliant,0.8529755983762376,ALLOW,0,Medium,0.3,27
94,0.8529755983762376,1.0,Compliant,0.8823804787009901,ALLOW,0,Medium,0.3,27
95,0.8823804787009901,1.0,Compliant,0.9059043829607921,ALLOW,0,Medium,0.3,27
96,0.9059043829607921,1.0,Compliant,0.9247235063686337,ALLOW,0,Medium,0.3,27
97,0.9247235063686337,0.0,Violation,0.739778805094907,ALLOW,1,Medium,0.3,27
98,0.739778805094907,0.0,Violation,0.5918230440759257,HUMAN_REVIEW,1,Medium,0.3,27
99,0.5918230440759257,0.0,Violation,0.47345843526074055,HUMAN_REVIEW,1,Medium,0.3,27
100,0.47345843526074055,0.0,Violation,0.37876674820859246,HUMAN_REVIEW,1,Medium,0.3,27
1,0.8,1.0,Compliant,0.8400000000000001,ALLOW,0,Medium,0.3,28
2,0.8400000000000001,1.0,Compliant,0.8720000000000001,ALLOW,0,Medium,0.3,28
3,0.8720000000000001,1.0,Compliant,0.8976000000000001,ALLOW,0,Medium,0.3,28
4,0.8976000000000001,0.0,Violation,0.71808,ALLOW,1,Medium,0.3,28
5,0.71808,1.0,Compliant,0.774464,ALLOW,0,Medium,0.3,28
6,0.774464,1.0,Compliant,0.8195712,ALLOW,0,Medium,0.3,28
7,0.8195712,1.0,Compliant,0.85565696,ALLOW,0,Medium,0.3,28
8,0.85565696,1.0,Compliant,0.884525568,ALLOW,0,Medium,0.3,28
9,0.884525568,1.0,Compliant,0.9076204544,ALLOW,0,Medium,0.3,28
10,0.9076204544,0.0,Violation,0.7260963635200001,ALLOW,1,Medium,0.3,28
11,0.7260963635200001,1.0,Compliant,0.780877090816,ALLOW,0,Medium,0.3,28
12,0.780877090816,0.0,Violation,0.6247016726528001,ALLOW,1,Medium,0.3,28
13,0.6247016726528001,0.0,Violation,0.4997613381222401,HUMAN_REVIEW,1,Medium,0.3,28
14,0.4997613381222401,1.0,Compliant,0.5998090704977921,HUMAN_REVIEW,0,Medium,0.3,28
15,0.5998090704977921,1.0,Compliant,0.6798472563982336,ALLOW,0,Medium,0.3,28
16,0.6798472563982336,0.0,Violation,0.543877805118587,HUMAN_REVIEW,1,Medium,0.3,28
17,0.543877805118587,1.0,Compliant,0.6351022440948695,ALLOW,0,Medium,0.3,28
18,0.6351022440948695,0.0,Violation,0.5080817952758956,HUMAN_REVIEW,1,Medium,0.3,28
19,0.5080817952758956,1.0,Compliant,0.6064654362207165,ALLOW,0,Medium,0.3,28
20,0.6064654362207165,0.0,Violation,0.4851723489765732,HUMAN_REVIEW,1,Medium,0.3,28
21,0.4851723489765732,1.0,Compliant,0.5881378791812586,HUMAN_REVIEW,0,Medium,0.3,28
22,0.5881378791812586,1.0,Compliant,0.6705103033450068,ALLOW,0,Medium,0.3,28
23,0.6705103033450068,1.0,Compliant,0.7364082426760055,ALLOW,0,Medium,0.3,28
24,0.7364082426760055,1.0,Compliant,0.7891265941408043,ALLOW,0,Medium,0.3,28
25,0.7891265941408043,1.0,Compliant,0.8313012753126434,ALLOW,0,Medium,0.3,28
26,0.8313012753126434,1.0,Compliant,0.8650410202501148,ALLOW,0,Medium,0.3,28
27,0.8650410202501148,1.0,Compliant,0.8920328162000918,ALLOW,0,Medium,0.3,28
28,0.8920328162000918,1.0,Compliant,0.9136262529600734,ALLOW,0,Medium,0.3,28
29,0.9136262529600734,1.0,Compliant,0.9309010023680587,ALLOW,0,Medium,0.3,28
30,0.9309010023680587,1.0,Compliant,0.944720801894447,ALLOW,0,Medium,0.3,28
31,0.944720801894447,1.0,Compliant,0.9557766415155575,ALLOW,0,Medium,0.3,28
32,0.9557766415155575,1.0,Compliant,0.964621313212446,ALLOW,0,Medium,0.3,28
33,0.964621313212446,1.0,Compliant,0.9716970505699568,ALLOW,0,Medium,0.3,28
34,0.9716970505699568,0.0,Violation,0.7773576404559654,ALLOW,1,Medium,0.3,28
35,0.7773576404559654,0.0,Violation,0.6218861123647724,ALLOW,1,Medium,0.3,28
36,0.6218861123647724,1.0,Compliant,0.6975088898918179,ALLOW,0,Medium,0.3,28
37,0.6975088898918179,1.0,Compliant,0.7580071119134543,ALLOW,0,Medium,0.3,28
38,0.7580071119134543,1.0,Compliant,0.8064056895307634,ALLOW,0,Medium,0.3,28
39,0.8064056895307634,1.0,Compliant,0.8451245516246108,ALLOW,0,Medium,0.3,28
40,0.8451245516246108,1.0,Compliant,0.8760996412996886,ALLOW,0,Medium,0.3,28
41,0.8760996412996886,0.0,Violation,0.7008797130397509,ALLOW,1,Medium,0.3,28
42,0.7008797130397509,0.0,Violation,0.5607037704318008,HUMAN_REVIEW,1,Medium,0.3,28
43,0.5607037704318008,1.0,Compliant,0.6485630163454406,ALLOW,0,Medium,0.3,28
44,0.6485630163454406,1.0,Compliant,0.7188504130763524,ALLOW,0,Medium,0.3,28
45,0.7188504130763524,1.0,Compliant,0.7750803304610819,ALLOW,0,Medium,0.3,28
46,0.7750803304610819,1.0,Compliant,0.8200642643688656,ALLOW,0,Medium,0.3,28
47,0.8200642643688656,0.0,Violation,0.6560514114950925,ALLOW,1,Medium,0.3,28
48,0.6560514114950925,1.0,Compliant,0.724841129196074,ALLOW,0,Medium,0.3,28
49,0.724841129196074,0.0,Violation,0.5798729033568593,HUMAN_REVIEW,1,Medium,0.3,28
50,0.5798729033568593,1.0,Compliant,0.6638983226854873,ALLOW,0,Medium,0.3,28
51,0.6638983226854873,0.0,Violation,0.5311186581483899,HUMAN_REVIEW,1,Medium,0.3,28
52,0.5311186581483899,0.0,Violation,0.4248949265187119,HUMAN_REVIEW,1,Medium,0.3,28
53,0.4248949265187119,0.0,Violation,0.33991594121496954,HUMAN_REVIEW,1,Medium,0.3,28
54,0.33991594121496954,0.0,Violation,0.27193275297197567,HUMAN_REVIEW,1,Medium,0.3,28
55,0.27193275297197567,1.0,Compliant,0.4175462023775805,HUMAN_REVIEW,0,Medium,0.3,28
56,0.4175462023775805,0.0,Violation,0.33403696190206444,HUMAN_REVIEW,1,Medium,0.3,28
57,0.33403696190206444,1.0,Compliant,0.4672295695216515,HUMAN_REVIEW,0,Medium,0.3,28
58,0.4672295695216515,1.0,Compliant,0.5737836556173213,HUMAN_REVIEW,0,Medium,0.3,28
59,0.5737836556173213,1.0,Compliant,0.6590269244938569,ALLOW,0,Medium,0.3,28
60,0.6590269244938569,1.0,Compliant,0.7272215395950855,ALLOW,0,Medium,0.3,28
61,0.7272215395950855,0.0,Violation,0.5817772316760684,HUMAN_REVIEW,1,Medium,0.3,28
62,0.5817772316760684,0.0,Violation,0.46542178534085477,HUMAN_REVIEW,1,Medium,0.3,28
63,0.46542178534085477,1.0,Compliant,0.5723374282726839,HUMAN_REVIEW,0,Medium,0.3,28
64,0.5723374282726839,1.0,Compliant,0.6578699426181471,ALLOW,0,Medium,0.3,28
65,0.6578699426181471,1.0,Compliant,0.7262959540945176,ALLOW,0,Medium,0.3,28
66,0.7262959540945176,1.0,Compliant,0.7810367632756141,ALLOW,0,Medium,0.3,28
67,0.7810367632756141,0.0,Violation,0.6248294106204914,ALLOW,1,Medium,0.3,28
68,0.6248294106204914,1.0,Compliant,0.699863528496393,ALLOW,0,Medium,0.3,28
69,0.699863528496393,0.0,Violation,0.5598908227971144,HUMAN_REVIEW,1,Medium,0.3,28
70,0.5598908227971144,0.0,Violation,0.44791265823769155,HUMAN_REVIEW,1,Medium,0.3,28
71,0.44791265823769155,1.0,Compliant,0.5583301265901532,HUMAN_REVIEW,0,Medium,0.3,28
72,0.5583301265901532,1.0,Compliant,0.6466641012721226,ALLOW,0,Medium,0.3,28
73,0.6466641012721226,1.0,Compliant,0.717331281017698,ALLOW,0,Medium,0.3,28
74,0.717331281017698,1.0,Compliant,0.7738650248141584,ALLOW,0,Medium,0.3,28
75,0.7738650248141584,1.0,Compliant,0.8190920198513267,ALLOW,0,Medium,0.3,28
76,0.8190920198513267,1.0,Compliant,0.8552736158810614,ALLOW,0,Medium,0.3,28
77,0.8552736158810614,0.0,Violation,0.6842188927048491,ALLOW,1,Medium,0.3,28
78,0.6842188927048491,1.0,Compliant,0.7473751141638793,ALLOW,0,Medium,0.3,28
79,0.7473751141638793,0.0,Violation,0.5979000913311034,HUMAN_REVIEW,1,Medium,0.3,28
80,0.5979000913311034,1.0,Compliant,0.6783200730648827,ALLOW,0,Medium,0.3,28
81,0.6783200730648827,1.0,Compliant,0.7426560584519062,ALLOW,0,Medium,0.3,28
82,0.7426560584519062,1.0,Compliant,0.794124846761525,ALLOW,0,Medium,0.3,28
83,0.794124846761525,0.0,Violation,0.63529987740922,ALLOW,1,Medium,0.3,28
84,0.63529987740922,1.0,Compliant,0.708239901927376,ALLOW,0,Medium,0.3,28
85,0.708239901927376,1.0,Compliant,0.7665919215419007,ALLOW,0,Medium,0.3,28
86,0.7665919215419007,1.0,Compliant,0.8132735372335206,ALLOW,0,Medium,0.3,28
87,0.8132735372335206,1.0,Compliant,0.8506188297868165,ALLOW,0,Medium,0.3,28
88,0.8506188297868165,1.0,Compliant,0.8804950638294532,ALLOW,0,Medium,0.3,28
89,0.8804950638294532,1.0,Compliant,0.9043960510635626,ALLOW,0,Medium,0.3,28
90,0.9043960510635626,1.0,Compliant,0.9235168408508501,ALLOW,0,Medium,0.3,28
91,0.9235168408508501,1.0,Compliant,0.93881347268068,ALLOW,0,Medium,0.3,28
92,0.93881347268068,1.0,Compliant,0.9510507781445441,ALLOW,0,Medium,0.3,28
93,0.9510507781445441,1.0,Compliant,0.9608406225156353,ALLOW,0,Medium,0.3,28
94,0.9608406225156353,1.0,Compliant,0.9686724980125082,ALLOW,0,Medium,0.3,28
95,0.9686724980125082,0.0,Violation,0.7749379984100067,ALLOW,1,Medium,0.3,28
96,0.7749379984100067,1.0,Compliant,0.8199503987280053,ALLOW,0,Medium,0.3,28
97,0.8199503987280053,1.0,Compliant,0.8559603189824043,ALLOW,0,Medium,0.3,28
98,0.8559603189824043,1.0,Compliant,0.8847682551859235,ALLOW,0,Medium,0.3,28
99,0.8847682551859235,0.0,Violation,0.7078146041487389,ALLOW,1,Medium,0.3,28
100,0.7078146041487389,0.0,Violation,0.5662516833189911,HUMAN_REVIEW,1,Medium,0.3,28
1,0.8,1.0,Compliant,0.8400000000000001,ALLOW,0,Medium,0.3,29
2,0.8400000000000001,1.0,Compliant,0.8720000000000001,ALLOW,0,Medium,0.3,29
3,0.8720000000000001,0.0,Violation,0.6976000000000001,ALLOW,1,Medium,0.3,29
4,0.6976000000000001,0.0,Violation,0.5580800000000001,HUMAN_REVIEW,1,Medium,0.3,29
5,0.5580800000000001,1.0,Compliant,0.6464640000000001,ALLOW,0,Medium,0.3,29
6,0.6464640000000001,1.0,Compliant,0.7171712000000001,ALLOW,0,Medium,0.3,29
7,0.7171712000000001,1.0,Compliant,0.77373696,ALLOW,0,Medium,0.3,29
8,0.77373696,0.0,Violation,0.618989568,ALLOW,1,Medium,0.3,29
9,0.618989568,1.0,Compliant,0.6951916544000001,ALLOW,0,Medium,0.3,29
10,0.6951916544000001,0.0,Violation,0.5561533235200001,HUMAN_REVIEW,1,Medium,0.3,29
11,0.5561533235200001,1.0,Compliant,0.6449226588160001,ALLOW,0,Medium,0.3,29
12,0.6449226588160001,1.0,Compliant,0.7159381270528,ALLOW,0,Medium,0.3,29
13,0.7159381270528,0.0,Violation,0.5727505016422401,HUMAN_REVIEW,1,Medium,0.3,29
14,0.5727505016422401,1.0,Compliant,0.6582004013137921,ALLOW,0,Medium,0.3,29
15,0.6582004013137921,0.0,Violation,0.5265603210510337,HUMAN_REVIEW,1,Medium,0.3,29
16,0.5265603210510337,0.0,Violation,0.42124825684082695,HUMAN_REVIEW,1,Medium,0.3,29
17,0.42124825684082695,1.0,Compliant,0.5369986054726615,HUMAN_REVIEW,0,Medium,0.3,29
18,0.5369986054726615,1.0,Compliant,0.6295988843781293,ALLOW,0,Medium,0.3,29
19,0.6295988843781293,1.0,Compliant,0.7036791075025034,ALLOW,0,Medium,0.3,29
20,0.7036791075025034,1.0,Compliant,0.7629432860020027,ALLOW,0,Medium,0.3,29
21,0.7629432860020027,1.0,Compliant,0.8103546288016021,ALLOW,0,Medium,0.3,29
22,0.8103546288016021,1.0,Compliant,0.8482837030412818,ALLOW,0,Medium,0.3,29
23,0.8482837030412818,0.0,Violation,0.6786269624330254,ALLOW,1,Medium,0.3,29
24,0.6786269624330254,1.0,Compliant,0.7429015699464203,ALLOW,0,Medium,0.3,29
25,0.7429015699464203,1.0,Compliant,0.7943212559571362,ALLOW,0,Medium,0.3,29
26,0.7943212559571362,1.0,Compliant,0.8354570047657089,ALLOW,0,Medium,0.3,29
27,0.8354570047657089,1.0,Compliant,0.8683656038125671,ALLOW,0,Medium,0.3,29
28,0.8683656038125671,1.0,Compliant,0.8946924830500537,ALLOW,0,Medium,0.3,29
29,0.8946924830500537,0.0,Violation,0.715753986440043,ALLOW,1,Medium,0.3,29
30,0.715753986440043,1.0,Compliant,0.7726031891520343,ALLOW,0,Medium,0.3,29
31,0.7726031891520343,0.0,Violation,0.6180825513216275,ALLOW,1,Medium,0.3,29
32,0.6180825513216275,1.0,Compliant,0.694466041057302,ALLOW,0,Medium,0.3,29
33,0.694466041057302,0.0,Violation,0.5555728328458417,HUMAN_REVIEW,1,Medium,0.3,29
34,0.5555728328458417,1.0,Compliant,0.6444582662766734,ALLOW,0,Medium,0.3,29
35,0.6444582662766734,0.0,Violation,0.5155666130213387,HUMAN_REVIEW,1,Medium,0.3,29
36,0.5155666130213387,0.0,Violation,0.41245329041707096,HUMAN_REVIEW,1,Medium,0.3,29
37,0.41245329041707096,1.0,Compliant,0.5299626323336568,HUMAN_REVIEW,0,Medium,0.3,29
38,0.5299626323336568,0.0,Violation,0.42397010586692546,HUMAN_REVIEW,1,Medium,0.3,29
39,0.42397010586692546,1.0,Compliant,0.5391760846935403,HUMAN_REVIEW,0,Medium,0.3,29
40,0.5391760846935403,0.0,Violation,0.43134086775483227,HUMAN_REVIEW,1,Medium,0.3,29
41,0.43134086775483227,1.0,Compliant,0.5450726942038657,HUMAN_REVIEW,0,Medium,0.3,29
42,0.5450726942038657,1.0,Compliant,0.6360581553630926,ALLOW,0,Medium,0.3,29
43,0.6360581553630926,1.0,Compliant,0.7088465242904741,ALLOW,0,Medium,0.3,29
44,0.7088465242904741,1.0,Compliant,0.7670772194323793,ALLOW,0,Medium,0.3,29
45,0.7670772194323793,0.0,Violation,0.6136617755459035,ALLOW,1,Medium,0.3,29
46,0.6136617755459035,1.0,Compliant,0.6909294204367228,ALLOW,0,Medium,0.3,29
47,0.6909294204367228,1.0,Compliant,0.7527435363493782,ALLOW,0,Medium,0.3,29
48,0.7527435363493782,1.0,Compliant,0.8021948290795026,ALLOW,0,Medium,0.3,29
49,0.8021948290795026,0.0,Violation,0.6417558632636021,ALLOW,1,Medium,0.3,29
50,0.6417558632636021,1.0,Compliant,0.7134046906108816,ALLOW,0,Medium,0.3,29
51,0.7134046906108816,1.0,Compliant,0.7707237524887053,ALLOW,0,Medium,0.3,29
52,0.7707237524887053,1.0,Compliant,0.8165790019909642,ALLOW,0,Medium,0.3,29
53,0.8165790019909642,0.0,Violation,0.6532632015927714,ALLOW,1,Medium,0.3,29
54,0.6532632015927714,0.0,Violation,0.5226105612742171,HUMAN_REVIEW,1,Medium,0.3,29
55,0.5226105612742171,0.0,Violation,0.4180884490193737,HUMAN_REVIEW,1,Medium,0.3,29
56,0.4180884490193737,0.0,Violation,0.33447075921549896,HUMAN_REVIEW,1,Medium,0.3,29
57,0.33447075921549896,0.0,Violation,0.2675766073723992,HUMAN_REVIEW,1,Medium,0.3,29
58,0.2675766073723992,1.0,Compliant,0.41406128589791935,HUMAN_REVIEW,0,Medium,0.3,29
59,0.41406128589791935,1.0,Compliant,0.5312490287183355,HUMAN_REVIEW,0,Medium,0.3,29
60,0.5312490287183355,1.0,Compliant,0.6249992229746684,ALLOW,0,Medium,0.3,29
61,0.6249992229746684,0.0,Violation,0.49999937837973474,HUMAN_REVIEW,1,Medium,0.3,29
62,0.49999937837973474,0.0,Violation,0.3999995027037878,HUMAN_REVIEW,1,Medium,0.3,29
63,0.3999995027037878,0.0,Violation,0.31999960216303025,HUMAN_REVIEW,1,Medium,0.3,29
64,0.31999960216303025,0.0,Violation,0.2559996817304242,HUMAN_REVIEW,1,Medium,0.3,29
65,0.2559996817304242,0.0,Violation,0.20479974538433937,HUMAN_REVIEW,1,Medium,0.3,29
66,0.20479974538433937,1.0,Compliant,0.36383979630747143,HUMAN_REVIEW,0,Medium,0.3,29
67,0.36383979630747143,1.0,Compliant,0.4910718370459771,HUMAN_REVIEW,0,Medium,0.3,29
68,0.4910718370459771,1.0,Compliant,0.5928574696367817,HUMAN_REVIEW,0,Medium,0.3,29
69,0.5928574696367817,1.0,Compliant,0.6742859757094253,ALLOW,0,Medium,0.3,29
70,0.6742859757094253,1.0,Compliant,0.7394287805675402,ALLOW,0,Medium,0.3,29
71,0.7394287805675402,1.0,Compliant,0.7915430244540321,ALLOW,0,Medium,0.3,29
72,0.7915430244540321,0.0,Violation,0.6332344195632258,ALLOW,1,Medium,0.3,29
73,0.6332344195632258,1.0,Compliant,0.7065875356505806,ALLOW,0,Medium,0.3,29
74,0.7065875356505806,1.0,Compliant,0.7652700285204644,ALLOW,0,Medium,0.3,29
75,0.7652700285204644,1.0,Compliant,0.8122160228163715,ALLOW,0,Medium,0.3,29
76,0.8122160228163715,1.0,Compliant,0.8497728182530973,ALLOW,0,Medium,0.3,29
77,0.8497728182530973,1.0,Compliant,0.8798182546024778,ALLOW,0,Medium,0.3,29
78,0.8798182546024778,0.0,Violation,0.7038546036819823,ALLOW,1,Medium,0.3,29
79,0.7038546036819823,1.0,Compliant,0.7630836829455858,ALLOW,0,Medium,0.3,29
80,0.7630836829455858,0.0,Violation,0.6104669463564687,ALLOW,1,Medium,0.3,29
81,0.6104669463564687,0.0,Violation,0.488373557085175,HUMAN_REVIEW,1,Medium,0.3,29
82,0.488373557085175,0.0,Violation,0.39069884566814,HUMAN_REVIEW,1,Medium,0.3,29
83,0.39069884566814,1.0,Compliant,0.512559076534512,HUMAN_REVIEW,0,Medium,0.3,29
84,0.512559076534512,0.0,Violation,0.41004726122760965,HUMAN_REVIEW,1,Medium,0.3,29
85,0.41004726122760965,0.0,Violation,0.32803780898208773,HUMAN_REVIEW,1,Medium,0.3,29
86,0.32803780898208773,1.0,Compliant,0.46243024718567016,HUMAN_REVIEW,0,Medium,0.3,29
87,0.46243024718567016,1.0,Compliant,0.5699441977485361,HUMAN_REVIEW,0,Medium,0.3,29
88,0.5699441977485361,1.0,Compliant,0.6559553581988289,ALLOW,0,Medium,0.3,29
89,0.6559553581988289,1.0,Compliant,0.7247642865590631,ALLOW,0,Medium,0.3,29
90,0.7247642865590631,1.0,Compliant,0.7798114292472504,ALLOW,0,Medium,0.3,29
91,0.7798114292472504,1.0,Compliant,0.8238491433978004,ALLOW,0,Medium,0.3,29
92,0.8238491433978004,1.0,Compliant,0.8590793147182403,ALLOW,0,Medium,0.3,29
93,0.8590793147182403,0.0,Violation,0.6872634517745922,ALLOW,1,Medium,0.3,29
94,0.6872634517745922,1.0,Compliant,0.7498107614196737,ALLOW,0,Medium,0.3,29
95,0.7498107614196737,1.0,Compliant,0.799848609135739,ALLOW,0,Medium,0.3,29
96,0.799848609135739,1.0,Compliant,0.8398788873085912,ALLOW,0,Medium,0.3,29
97,0.8398788873085912,0.0,Violation,0.671903109846873,ALLOW,1,Medium,0.3,29
98,0.671903109846873,1.0,Compliant,0.7375224878774983,ALLOW,0,Medium,0.3,29
99,0.7375224878774983,0.0,Violation,0.5900179903019986,HUMAN_REVIEW,1,Medium,0.3,29
100,0.5900179903019986,1.0,Compliant,0.6720143922415989,ALLOW,0,Medium,0.3,29
1,0.8,0.0,Violation,0.6400000000000001,ALLOW,1,Medium,0.3,30
2,0.6400000000000001,0.0,Violation,0.5120000000000001,HUMAN_REVIEW,1,Medium,0.3,30
3,0.5120000000000001,1.0,Compliant,0.6096000000000001,ALLOW,0,Medium,0.3,30
4,0.6096000000000001,1.0,Compliant,0.6876800000000001,ALLOW,0,Medium,0.3,30
5,0.6876800000000001,1.0,Compliant,0.750144,ALLOW,0,Medium,0.3,30
6,0.750144,1.0,Compliant,0.8001152,ALLOW,0,Medium,0.3,30
7,0.8001152,0.0,Violation,0.64009216,ALLOW,1,Medium,0.3,30
8,0.64009216,0.0,Violation,0.5120737280000001,HUMAN_REVIEW,1,Medium,0.3,30
9,0.5120737280000001,0.0,Violation,0.4096589824000001,HUMAN_REVIEW,1,Medium,0.3,30
10,0.4096589824000001,0.0,Violation,0.3277271859200001,HUMAN_REVIEW,1,Medium,0.3,30
11,0.3277271859200001,1.0,Compliant,0.46218174873600004,HUMAN_REVIEW,0,Medium,0.3,30
12,0.46218174873600004,1.0,Compliant,0.5697453989888,HUMAN_REVIEW,0,Medium,0.3,30
13,0.5697453989888,0.0,Violation,0.45579631919103997,HUMAN_REVIEW,1,Medium,0.3,30
14,0.45579631919103997,0.0,Violation,0.364637055352832,HUMAN_REVIEW,1,Medium,0.3,30
15,0.364637055352832,1.0,Compliant,0.49170964428226555,HUMAN_REVIEW,0,Medium,0.3,30
16,0.49170964428226555,1.0,Compliant,0.5933677154258123,HUMAN_REVIEW,0,Medium,0.3,30
17,0.5933677154258123,1.0,Compliant,0.6746941723406499,ALLOW,0,Medium,0.3,30
18,0.6746941723406499,1.0,Compliant,0.7397553378725199,ALLOW,0,Medium,0.3,30
19,0.7397553378725199,1.0,Compliant,0.7918042702980159,ALLOW,0,Medium,0.3,30
20,0.7918042702980159,0.0,Violation,0.6334434162384128,ALLOW,1,Medium,0.3,30
21,0.6334434162384128,1.0,Compliant,0.7067547329907302,ALLOW,0,Medium,0.3,30
22,0.7067547329907302,1.0,Compliant,0.7654037863925841,ALLOW,0,Medium,0.3,30
23,0.7654037863925841,0.0,Violation,0.6123230291140673,ALLOW,1,Medium,0.3,30
24,0.6123230291140673,1.0,Compliant,0.6898584232912539,ALLOW,0,Medium,0.3,30
25,0.6898584232912539,0.0,Violation,0.5518867386330032,HUMAN_REVIEW,1,Medium,0.3,30
26,0.5518867386330032,1.0,Compliant,0.6415093909064025,ALLOW,0,Medium,0.3,30
27,0.6415093909064025,1.0,Compliant,0.713207512725122,ALLOW,0,Medium,0.3,30
28,0.713207512725122,1.0,Compliant,0.7705660101800975,ALLOW,0,Medium,0.3,30
29,0.7705660101800975,1.0,Compliant,0.8164528081440781,ALLOW,0,Medium,0.3,30
30,0.8164528081440781,1.0,Compliant,0.8531622465152624,ALLOW,0,Medium,0.3,30
31,0.8531622465152624,1.0,Compliant,0.8825297972122099,ALLOW,0,Medium,0.3,30
32,0.8825297972122099,0.0,Violation,0.706023837769768,ALLOW,1,Medium,0.3,30
33,0.706023837769768,1.0,Compliant,0.7648190702158143,ALLOW,0,Medium,0.3,30
34,0.7648190702158143,1.0,Compliant,0.8118552561726514,ALLOW,0,Medium,0.3,30
35,0.8118552561726514,1.0,Compliant,0.8494842049381212,ALLOW,0,Medium,0.3,30
36,0.8494842049381212,1.0,Compliant,0.879587363950497,ALLOW,0,Medium,0.3,30
37,0.879587363950497,1.0,Compliant,0.9036698911603975,ALLOW,0,Medium,0.3,30
38,0.9036698911603975,0.0,Violation,0.722935912928318,ALLOW,1,Medium,0.3,30
39,0.722935912928318,1.0,Compliant,0.7783487303426544,ALLOW,0,Medium,0.3,30
40,0.7783487303426544,1.0,Compliant,0.8226789842741236,ALLOW,0,Medium,0.3,30
41,0.8226789842741236,0.0,Violation,0.6581431874192989,ALLOW,1,Medium,0.3,30
42,0.6581431874192989,1.0,Compliant,0.7265145499354391,ALLOW,0,Medium,0.3,30
43,0.7265145499354391,0.0,Violation,0.5812116399483512,HUMAN_REVIEW,1,Medium,0.3,30
44,0.5812116399483512,1.0,Compliant,0.664969311958681,ALLOW,0,Medium,0.3,30
45,0.664969311958681,1.0,Compliant,0.7319754495669448,ALLOW,0,Medium,0.3,30
46,0.7319754495669448,1.0,Compliant,0.7855803596535559,ALLOW,0,Medium,0.3,30
47,0.7855803596535559,0.0,Violation,0.6284642877228448,ALLOW,1,Medium,0.3,30
48,0.6284642877228448,1.0,Compliant,0.7027714301782758,ALLOW,0,Medium,0.3,30
49,0.7027714301782758,1.0,Compliant,0.7622171441426207,ALLOW,0,Medium,0.3,30
50,0.7622171441426207,0.0,Violation,0.6097737153140965,ALLOW,1,Medium,0.3,30
51,0.6097737153140965,0.0,Violation,0.48781897225127724,HUMAN_REVIEW,1,Medium,0.3,30
52,0.48781897225127724,0.0,Violation,0.3902551778010218,HUMAN_REVIEW,1,Medium,0.3,30
53,0.3902551778010218,1.0,Compliant,0.5122041422408175,HUMAN_REVIEW,0,Medium,0.3,30
54,0.5122041422408175,0.0,Violation,0.40976331379265396,HUMAN_REVIEW,1,Medium,0.3,30
55,0.40976331379265396,1.0,Compliant,0.5278106510341232,HUMAN_REVIEW,0,Medium,0.3,30
56,0.5278106510341232,1.0,Compliant,0.6222485208272985,ALLOW,0,Medium,0.3,30
57,0.6222485208272985,1.0,Compliant,0.6977988166618387,ALLOW,0,Medium,0.3,30
58,0.6977988166618387,1.0,Compliant,0.758239053329471,ALLOW,0,Medium,0.3,30
59,0.758239053329471,1.0,Compliant,0.8065912426635767,ALLOW,0,Medium,0.3,30
60,0.8065912426635767,1.0,Compliant,0.8452729941308614,ALLOW,0,Medium,0.3,30
61,0.8452729941308614,1.0,Compliant,0.8762183953046891,ALLOW,0,Medium,0.3,30
62,0.8762183953046891,1.0,Compliant,0.9009747162437514,ALLOW,0,Medium,0.3,30
63,0.9009747162437514,1.0,Compliant,0.9207797729950011,ALLOW,0,Medium,0.3,30
64,0.9207797729950011,0.0,Violation,0.736623818396001,ALLOW,1,Medium,0.3,30
65,0.736623818396001,1.0,Compliant,0.7892990547168007,ALLOW,0,Medium,0.3,30
66,0.7892990547168007,1.0,Compliant,0.8314392437734406,ALLOW,0,Medium,0.3,30
67,0.8314392437734406,1.0,Compliant,0.8651513950187525,ALLOW,0,Medium,0.3,30
68,0.8651513950187525,1.0,Compliant,0.892121116015002,ALLOW,0,Medium,0.3,30
69,0.892121116015002,0.0,Violation,0.7136968928120017,ALLOW,1,Medium,0.3,30
70,0.7136968928120017,1.0,Compliant,0.7709575142496014,ALLOW,0,Medium,0.3,30
71,0.7709575142496014,1.0,Compliant,0.8167660113996811,ALLOW,0,Medium,0.3,30
72,0.8167660113996811,1.0,Compliant,0.8534128091197448,ALLOW,0,Medium,0.3,30
73,0.8534128091197448,0.0,Violation,0.6827302472957959,ALLOW,1,Medium,0.3,30
74,0.6827302472957959,1.0,Compliant,0.7461841978366367,ALLOW,0,Medium,0.3,30
75,0.7461841978366367,0.0,Violation,0.5969473582693093,HUMAN_REVIEW,1,Medium,0.3,30
76,0.5969473582693093,1.0,Compliant,0.6775578866154475,ALLOW,0,Medium,0.3,30
77,0.6775578866154475,1.0,Compliant,0.7420463092923579,ALLOW,0,Medium,0.3,30
78,0.7420463092923579,1.0,Compliant,0.7936370474338863,ALLOW,0,Medium,0.3,30
79,0.7936370474338863,1.0,Compliant,0.834909637947109,ALLOW,0,Medium,0.3,30
80,0.834909637947109,1.0,Compliant,0.8679277103576872,ALLOW,0,Medium,0.3,30
81,0.8679277103576872,1.0,Compliant,0.8943421682861498,ALLOW,0,Medium,0.3,30
82,0.8943421682861498,1.0,Compliant,0.9154737346289198,ALLOW,0,Medium,0.3,30
83,0.9154737346289198,1.0,Compliant,0.9323789877031359,ALLOW,0,Medium,0.3,30
84,0.9323789877031359,1.0,Compliant,0.9459031901625087,ALLOW,0,Medium,0.3,30
85,0.9459031901625087,0.0,Violation,0.7567225521300069,ALLOW,1,Medium,0.3,30
86,0.7567225521300069,0.0,Violation,0.6053780417040056,ALLOW,1,Medium,0.3,30
87,0.6053780417040056,1.0,Compliant,0.6843024333632044,ALLOW,0,Medium,0.3,30
88,0.6843024333632044,1.0,Compliant,0.7474419466905635,ALLOW,0,Medium,0.3,30
89,0.7474419466905635,0.0,Violation,0.5979535573524508,HUMAN_REVIEW,1,Medium,0.3,30
90,0.5979535573524508,0.0,Violation,0.47836284588196065,HUMAN_REVIEW,1,Medium,0.3,30
91,0.47836284588196065,1.0,Compliant,0.5826902767055685,HUMAN_REVIEW,0,Medium,0.3,30
92,0.5826902767055685,0.0,Violation,0.46615222136445483,HUMAN_REVIEW,1,Medium,0.3,30
93,0.46615222136445483,1.0,Compliant,0.5729217770915638,HUMAN_REVIEW,0,Medium,0.3,30
94,0.5729217770915638,1.0,Compliant,0.6583374216732509,ALLOW,0,Medium,0.3,30
95,0.6583374216732509,1.0,Compliant,0.7266699373386007,ALLOW,0,Medium,0.3,30
96,0.7266699373386007,1.0,Compliant,0.7813359498708806,ALLOW,0,Medium,0.3,30
97,0.7813359498708806,1.0,Compliant,0.8250687598967045,ALLOW,0,Medium,0.3,30
98,0.8250687598967045,0.0,Violation,0.6600550079173636,ALLOW,1,Medium,0.3,30
99,0.6600550079173636,1.0,Compliant,0.7280440063338909,ALLOW,0,Medium,0.3,30
100,0.7280440063338909,0.0,Violation,0.5824352050671128,HUMAN_REVIEW,1,Medium,0.3,30
1,0.8,1.0,Compliant,0.8400000000000001,ALLOW,0,High,0.5,1
2,0.8400000000000001,0.0,Violation,0.6720000000000002,ALLOW,1,High,0.5,1
3,0.6720000000000002,0.0,Violation,0.5376000000000002,HUMAN_REVIEW,1,High,0.5,1
4,0.5376000000000002,1.0,Compliant,0.6300800000000002,ALLOW,0,High,0.5,1
5,0.6300800000000002,0.0,Violation,0.5040640000000002,HUMAN_REVIEW,1,High,0.5,1
6,0.5040640000000002,0.0,Violation,0.40325120000000014,HUMAN_REVIEW,1,High,0.5,1
7,0.40325120000000014,1.0,Compliant,0.5226009600000001,HUMAN_REVIEW,0,High,0.5,1
8,0.5226009600000001,0.0,Violation,0.4180807680000001,HUMAN_REVIEW,1,High,0.5,1
9,0.4180807680000001,0.0,Violation,0.3344646144000001,HUMAN_REVIEW,1,High,0.5,1
10,0.3344646144000001,0.0,Violation,0.2675716915200001,HUMAN_REVIEW,1,High,0.5,1
11,0.2675716915200001,0.0,Violation,0.21405735321600008,HUMAN_REVIEW,1,High,0.5,1
12,0.21405735321600008,1.0,Compliant,0.3712458825728,HUMAN_REVIEW,0,High,0.5,1
13,0.3712458825728,1.0,Compliant,0.49699670605824,HUMAN_REVIEW,0,High,0.5,1
14,0.49699670605824,0.0,Violation,0.397597364846592,HUMAN_REVIEW,1,High,0.5,1
15,0.397597364846592,0.0,Violation,0.31807789187727364,HUMAN_REVIEW,1,High,0.5,1
16,0.31807789187727364,0.0,Violation,0.2544623135018189,HUMAN_REVIEW,1,High,0.5,1
17,0.2544623135018189,0.0,Violation,0.20356985080145515,HUMAN_REVIEW,1,High,0.5,1
18,0.20356985080145515,1.0,Compliant,0.3628558806411641,HUMAN_REVIEW,0,High,0.5,1
19,0.3628558806411641,0.0,Violation,0.29028470451293126,HUMAN_REVIEW,1,High,0.5,1
20,0.29028470451293126,0.0,Violation,0.23222776361034503,HUMAN_REVIEW,1,High,0.5,1
21,0.23222776361034503,0.0,Violation,0.18578221088827604,HUMAN_REVIEW,1,High,0.5,1
22,0.18578221088827604,1.0,Compliant,0.3486257687106208,HUMAN_REVIEW,0,High,0.5,1
23,0.3486257687106208,1.0,Compliant,0.4789006149684966,HUMAN_REVIEW,0,High,0.5,1
24,0.4789006149684966,0.0,Violation,0.3831204919747973,HUMAN_REVIEW,1,High,0.5,1
25,0.3831204919747973,1.0,Compliant,0.5064963935798379,HUMAN_REVIEW,0,High,0.5,1
26,0.5064963935798379,0.0,Violation,0.40519711486387033,HUMAN_REVIEW,1,High,0.5,1
27,0.40519711486387033,0.0,Violation,0.3241576918910963,HUMAN_REVIEW,1,High,0.5,1
28,0.3241576918910963,0.0,Violation,0.259326153512877,HUMAN_REVIEW,1,High,0.5,1
29,0.259326153512877,0.0,Violation,0.20746092281030162,HUMAN_REVIEW,1,High,0.5,1
30,0.20746092281030162,1.0,Compliant,0.3659687382482413,HUMAN_REVIEW,0,High,0.5,1
31,0.3659687382482413,0.0,Violation,0.292774990598593,HUMAN_REVIEW,1,High,0.5,1
32,0.292774990598593,0.0,Violation,0.23421999247887443,HUMAN_REVIEW,1,High,0.5,1
33,0.23421999247887443,0.0,Violation,0.18737599398309956,HUMAN_REVIEW,1,High,0.5,1
34,0.18737599398309956,0.0,Violation,0.14990079518647967,HUMAN_REVIEW,1,High,0.5,1
35,0.14990079518647967,0.0,Violation,0.11992063614918375,HUMAN_REVIEW,1,High,0.5,1
36,0.11992063614918375,0.0,Violation,0.095936508919347,HUMAN_REVIEW,1,High,0.5,1
37,0.095936508919347,0.0,Violation,0.07674920713547762,HUMAN_REVIEW,1,High,0.5,1
38,0.07674920713547762,0.0,Violation,0.06139936570838209,HUMAN_REVIEW,1,High,0.5,1
39,0.06139936570838209,0.0,Violation,0.049119492566705676,HUMAN_REVIEW,1,High,0.5,1
40,0.049119492566705676,1.0,Compliant,0.2392955940533645,HUMAN_REVIEW,0,High,0.5,1
41,0.2392955940533645,0.0,Violation,0.1914364752426916,HUMAN_REVIEW,1,High,0.5,1
42,0.1914364752426916,1.0,Compliant,0.35314918019415326,HUMAN_REVIEW,0,High,0.5,1
43,0.35314918019415326,0.0,Violation,0.2825193441553226,HUMAN_REVIEW,1,High,0.5,1
44,0.2825193441553226,0.0,Violation,0.22601547532425809,HUMAN_REVIEW,1,High,0.5,1
45,0.22601547532425809,1.0,Compliant,0.38081238025940645,HUMAN_REVIEW,0,High,0.5,1
46,0.38081238025940645,1.0,Compliant,0.5046499042075252,HUMAN_REVIEW,0,High,0.5,1
47,0.5046499042075252,0.0,Violation,0.4037199233660202,HUMAN_REVIEW,1,High,0.5,1
48,0.4037199233660202,1.0,Compliant,0.5229759386928161,HUMAN_REVIEW,0,High,0.5,1
49,0.5229759386928161,1.0,Compliant,0.6183807509542529,ALLOW,0,High,0.5,1
50,0.6183807509542529,0.0,Violation,0.4947046007634024,HUMAN_REVIEW,1,High,0.5,1
51,0.4947046007634024,1.0,Compliant,0.5957636806107218,HUMAN_REVIEW,0,High,0.5,1
52,0.5957636806107218,0.0,Violation,0.4766109444885775,HUMAN_REVIEW,1,High,0.5,1
53,0.4766109444885775,0.0,Violation,0.381288755590862,HUMAN_REVIEW,1,High,0.5,1
54,0.381288755590862,0.0,Violation,0.3050310044726896,HUMAN_REVIEW,1,High,0.5,1
55,0.3050310044726896,0.0,Violation,0.2440248035781517,HUMAN_REVIEW,1,High,0.5,1
56,0.2440248035781517,1.0,Compliant,0.3952198428625213,HUMAN_REVIEW,0,High,0.5,1
57,0.3952198428625213,1.0,Compliant,0.5161758742900171,HUMAN_REVIEW,0,High,0.5,1
58,0.5161758742900171,0.0,Violation,0.4129406994320137,HUMAN_REVIEW,1,High,0.5,1
59,0.4129406994320137,1.0,Compliant,0.5303525595456109,HUMAN_REVIEW,0,High,0.5,1
60,0.5303525595456109,1.0,Compliant,0.6242820476364888,ALLOW,0,High,0.5,1
61,0.6242820476364888,0.0,Violation,0.49942563810919105,HUMAN_REVIEW,1,High,0.5,1
62,0.49942563810919105,0.0,Violation,0.39954051048735284,HUMAN_REVIEW,1,High,0.5,1
63,0.39954051048735284,0.0,Violation,0.31963240838988227,HUMAN_REVIEW,1,High,0.5,1
64,0.31963240838988227,1.0,Compliant,0.4557059267119058,HUMAN_REVIEW,0,High,0.5,1
65,0.4557059267119058,0.0,Violation,0.36456474136952466,HUMAN_REVIEW,1,High,0.5,1
66,0.36456474136952466,1.0,Compliant,0.4916517930956197,HUMAN_REVIEW,0,High,0.5,1
67,0.4916517930956197,1.0,Compliant,0.5933214344764957,HUMAN_REVIEW,0,High,0.5,1
68,0.5933214344764957,1.0,Compliant,0.6746571475811964,ALLOW,0,High,0.5,1
69,0.6746571475811964,1.0,Compliant,0.7397257180649571,ALLOW,0,High,0.5,1
70,0.7397257180649571,1.0,Compliant,0.7917805744519657,ALLOW,0,High,0.5,1
71,0.7917805744519657,0.0,Violation,0.6334244595615726,ALLOW,1,High,0.5,1
72,0.6334244595615726,1.0,Compliant,0.706739567649258,ALLOW,0,High,0.5,1
73,0.706739567649258,1.0,Compliant,0.7653916541194065,ALLOW,0,High,0.5,1
74,0.7653916541194065,1.0,Compliant,0.8123133232955252,ALLOW,0,High,0.5,1
75,0.8123133232955252,0.0,Violation,0.6498506586364202,ALLOW,1,High,0.5,1
76,0.6498506586364202,1.0,Compliant,0.7198805269091362,ALLOW,0,High,0.5,1
77,0.7198805269091362,0.0,Violation,0.5759044215273089,HUMAN_REVIEW,1,High,0.5,1
78,0.5759044215273089,0.0,Violation,0.46072353722184717,HUMAN_REVIEW,1,High,0.5,1
79,0.46072353722184717,1.0,Compliant,0.5685788297774776,HUMAN_REVIEW,0,High,0.5,1
80,0.5685788297774776,0.0,Violation,0.45486306382198216,HUMAN_REVIEW,1,High,0.5,1
81,0.45486306382198216,1.0,Compliant,0.5638904510575857,HUMAN_REVIEW,0,High,0.5,1
82,0.5638904510575857,0.0,Violation,0.4511123608460686,HUMAN_REVIEW,1,High,0.5,1
83,0.4511123608460686,1.0,Compliant,0.5608898886768549,HUMAN_REVIEW,0,High,0.5,1
84,0.5608898886768549,0.0,Violation,0.4487119109414839,HUMAN_REVIEW,1,High,0.5,1
85,0.4487119109414839,1.0,Compliant,0.5589695287531871,HUMAN_REVIEW,0,High,0.5,1
86,0.5589695287531871,1.0,Compliant,0.6471756230025496,ALLOW,0,High,0.5,1
87,0.6471756230025496,1.0,Compliant,0.7177404984020397,ALLOW,0,High,0.5,1
88,0.7177404984020397,1.0,Compliant,0.7741923987216317,ALLOW,0,High,0.5,1
89,0.7741923987216317,0.0,Violation,0.6193539189773054,ALLOW,1,High,0.5,1
90,0.6193539189773054,1.0,Compliant,0.6954831351818442,ALLOW,0,High,0.5,1
91,0.6954831351818442,0.0,Violation,0.5563865081454754,HUMAN_REVIEW,1,High,0.5,1
92,0.5563865081454754,1.0,Compliant,0.6451092065163804,ALLOW,0,High,0.5,1
93,0.6451092065163804,1.0,Compliant,0.7160873652131042,ALLOW,0,High,0.5,1
94,0.7160873652131042,1.0,Compliant,0.7728698921704834,ALLOW,0,High,0.5,1
95,0.7728698921704834,0.0,Violation,0.6182959137363868,ALLOW,1,High,0.5,1
96,0.6182959137363868,0.0,Violation,0.4946367309891095,HUMAN_REVIEW,1,High,0.5,1
97,0.4946367309891095,1.0,Compliant,0.5957093847912875,HUMAN_REVIEW,0,High,0.5,1
98,0.5957093847912875,0.0,Violation,0.47656750783303004,HUMAN_REVIEW,1,High,0.5,1
99,0.47656750783303004,0.0,Violation,0.38125400626642403,HUMAN_REVIEW,1,High,0.5,1
100,0.38125400626642403,1.0,Compliant,0.5050032050131392,HUMAN_REVIEW,0,High,0.5,1
1,0.8,0.0,Violation,0.6400000000000001,ALLOW,1,High,0.5,2
2,0.6400000000000001,0.0,Violation,0.5120000000000001,HUMAN_REVIEW,1,High,0.5,2
3,0.5120000000000001,1.0,Compliant,0.6096000000000001,ALLOW,0,High,0.5,2
4,0.6096000000000001,0.0,Violation,0.4876800000000001,HUMAN_REVIEW,1,High,0.5,2
5,0.4876800000000001,0.0,Violation,0.3901440000000001,HUMAN_REVIEW,1,High,0.5,2
6,0.3901440000000001,1.0,Compliant,0.5121152,HUMAN_REVIEW,0,High,0.5,2
7,0.5121152,0.0,Violation,0.40969216,HUMAN_REVIEW,1,High,0.5,2
8,0.40969216,0.0,Violation,0.327753728,HUMAN_REVIEW,1,High,0.5,2
9,0.327753728,1.0,Compliant,0.46220298239999996,HUMAN_REVIEW,0,High,0.5,2
10,0.46220298239999996,0.0,Violation,0.36976238592,HUMAN_REVIEW,1,High,0.5,2
11,0.36976238592,1.0,Compliant,0.49580990873599995,HUMAN_REVIEW,0,High,0.5,2
12,0.49580990873599995,0.0,Violation,0.39664792698879997,HUMAN_REVIEW,1,High,0.5,2
13,0.39664792698879997,0.0,Violation,0.31731834159104,HUMAN_REVIEW,1,High,0.5,2
14,0.31731834159104,1.0,Compliant,0.45385467327283197,HUMAN_REVIEW,0,High,0.5,2
15,0.45385467327283197,0.0,Violation,0.3630837386182656,HUMAN_REVIEW,1,High,0.5,2
16,0.3630837386182656,0.0,Violation,0.2904669908946125,HUMAN_REVIEW,1,High,0.5,2
17,0.2904669908946125,0.0,Violation,0.23237359271569,HUMAN_REVIEW,1,High,0.5,2
18,0.23237359271569,1.0,Compliant,0.385898874172552,HUMAN_REVIEW,0,High,0.5,2
19,0.385898874172552,0.0,Violation,0.3087190993380416,HUMAN_REVIEW,1,High,0.5,2
20,0.3087190993380416,0.0,Violation,0.2469752794704333,HUMAN_REVIEW,1,High,0.5,2
21,0.2469752794704333,0.0,Violation,0.19758022357634664,HUMAN_REVIEW,1,High,0.5,2
22,0.19758022357634664,1.0,Compliant,0.3580641788610773,HUMAN_REVIEW,0,High,0.5,2
23,0.3580641788610773,0.0,Violation,0.28645134308886183,HUMAN_REVIEW,1,High,0.5,2
24,0.28645134308886183,0.0,Violation,0.22916107447108947,HUMAN_REVIEW,1,High,0.5,2
25,0.22916107447108947,0.0,Violation,0.1833288595768716,HUMAN_REVIEW,1,High,0.5,2
26,0.1833288595768716,1.0,Compliant,0.3466630876614972,HUMAN_REVIEW,0,High,0.5,2
27,0.3466630876614972,0.0,Violation,0.2773304701291978,HUMAN_REVIEW,1,High,0.5,2
28,0.2773304701291978,0.0,Violation,0.22186437610335827,HUMAN_REVIEW,1,High,0.5,2
29,0.22186437610335827,0.0,Violation,0.17749150088268661,HUMAN_REVIEW,1,High,0.5,2
30,0.17749150088268661,0.0,Violation,0.1419932007061493,HUMAN_REVIEW,1,High,0.5,2
31,0.1419932007061493,1.0,Compliant,0.3135945605649194,HUMAN_REVIEW,0,High,0.5,2
32,0.3135945605649194,1.0,Compliant,0.4508756484519355,HUMAN_REVIEW,0,High,0.5,2
33,0.4508756484519355,0.0,Violation,0.3607005187615484,HUMAN_REVIEW,1,High,0.5,2
34,0.3607005187615484,0.0,Violation,0.28856041500923874,HUMAN_REVIEW,1,High,0.5,2
35,0.28856041500923874,1.0,Compliant,0.4308483320073909,HUMAN_REVIEW,0,High,0.5,2
36,0.4308483320073909,0.0,Violation,0.34467866560591276,HUMAN_REVIEW,1,High,0.5,2
37,0.34467866560591276,0.0,Violation,0.2757429324847302,HUMAN_REVIEW,1,High,0.5,2
38,0.2757429324847302,1.0,Compliant,0.4205943459877841,HUMAN_REVIEW,0,High,0.5,2
39,0.4205943459877841,0.0,Violation,0.3364754767902273,HUMAN_REVIEW,1,High,0.5,2
40,0.3364754767902273,0.0,Violation,0.26918038143218187,HUMAN_REVIEW,1,High,0.5,2
41,0.26918038143218187,1.0,Compliant,0.4153443051457455,HUMAN_REVIEW,0,High,0.5,2
42,0.4153443051457455,0.0,Violation,0.33227544411659643,HUMAN_REVIEW,1,High,0.5,2
43,0.33227544411659643,1.0,Compliant,0.4658203552932771,HUMAN_REVIEW,0,High,0.5,2
44,0.4658203552932771,1.0,Compliant,0.5726562842346217,HUMAN_REVIEW,0,High,0.5,2
45,0.5726562842346217,0.0,Violation,0.45812502738769734,HUMAN_REVIEW,1,High,0.5,2
46,0.45812502738769734,0.0,Violation,0.3665000219101579,HUMAN_REVIEW,1,High,0.5,2
47,0.3665000219101579,0.0,Violation,0.29320001752812636,HUMAN_REVIEW,1,High,0.5,2
48,0.29320001752812636,1.0,Compliant,0.43456001402250105,HUMAN_REVIEW,0,High,0.5,2
49,0.43456001402250105,0.0,Violation,0.3476480112180009,HUMAN_REVIEW,1,High,0.5,2
50,0.3476480112180009,0.0,Violation,0.2781184089744007,HUMAN_REVIEW,1,High,0.5,2
51,0.2781184089744007,0.0,Violation,0.22249472717952057,HUMAN_REVIEW,1,High,0.5,2
52,0.22249472717952057,1.0,Compliant,0.3779957817436164,HUMAN_REVIEW,0,High,0.5,2
53,0.3779957817436164,0.0,Violation,0.30239662539489315,HUMAN_REVIEW,1,High,0.5,2
54,0.30239662539489315,0.0,Violation,0.24191730031591452,HUMAN_REVIEW,1,High,0.5,2
55,0.24191730031591452,1.0,Compliant,0.3935338402527316,HUMAN_REVIEW,0,High,0.5,2
56,0.3935338402527316,0.0,Violation,0.3148270722021853,HUMAN_REVIEW,1,High,0.5,2
57,0.3148270722021853,0.0,Violation,0.25186165776174824,HUMAN_REVIEW,1,High,0.5,2
58,0.25186165776174824,0.0,Violation,0.2014893262093986,HUMAN_REVIEW,1,High,0.5,2
59,0.2014893262093986,0.0,Violation,0.1611914609675189,HUMAN_REVIEW,1,High,0.5,2
60,0.1611914609675189,0.0,Violation,0.12895316877401514,HUMAN_REVIEW,1,High,0.5,2
61,0.12895316877401514,1.0,Compliant,0.3031625350192121,HUMAN_REVIEW,0,High,0.5,2
62,0.3031625350192121,1.0,Compliant,0.44253002801536967,HUMAN_REVIEW,0,High,0.5,2
63,0.44253002801536967,1.0,Compliant,0.5540240224122956,HUMAN_REVIEW,0,High,0.5,2
64,0.5540240224122956,0.0,Violation,0.44321921792983654,HUMAN_REVIEW,1,High,0.5,2
65,0.44321921792983654,1.0,Compliant,0.5545753743438693,HUMAN_REVIEW,0,High,0.5,2
66,0.5545753743438693,1.0,Compliant,0.6436602994750954,ALLOW,0,High,0.5,2
67,0.6436602994750954,0.0,Violation,0.5149282395800764,HUMAN_REVIEW,1,High,0.5,2
68,0.5149282395800764,1.0,Compliant,0.6119425916640611,ALLOW,0,High,0.5,2
69,0.6119425916640611,1.0,Compliant,0.6895540733312489,ALLOW,0,High,0.5,2
70,0.6895540733312489,0.0,Violation,0.5516432586649991,HUMAN_REVIEW,1,High,0.5,2
71,0.5516432586649991,1.0,Compliant,0.6413146069319993,ALLOW,0,High,0.5,2
72,0.6413146069319993,1.0,Compliant,0.7130516855455994,ALLOW,0,High,0.5,2
73,0.7130516855455994,0.0,Violation,0.5704413484364795,HUMAN_REVIEW,1,High,0.5,2
74,0.5704413484364795,0.0,Violation,0.4563530787491836,HUMAN_REVIEW,1,High,0.5,2
75,0.4563530787491836,0.0,Violation,0.36508246299934694,HUMAN_REVIEW,1,High,0.5,2
76,0.36508246299934694,1.0,Compliant,0.4920659703994775,HUMAN_REVIEW,0,High,0.5,2
77,0.4920659703994775,0.0,Violation,0.39365277631958207,HUMAN_REVIEW,1,High,0.5,2
78,0.39365277631958207,0.0,Violation,0.3149222210556657,HUMAN_REVIEW,1,High,0.5,2
79,0.3149222210556657,1.0,Compliant,0.4519377768445325,HUMAN_REVIEW,0,High,0.5,2
80,0.4519377768445325,1.0,Compliant,0.561550221475626,HUMAN_REVIEW,0,High,0.5,2
81,0.561550221475626,1.0,Compliant,0.6492401771805008,ALLOW,0,High,0.5,2
82,0.6492401771805008,1.0,Compliant,0.7193921417444006,ALLOW,0,High,0.5,2
83,0.7193921417444006,1.0,Compliant,0.7755137133955204,ALLOW,0,High,0.5,2
84,0.7755137133955204,1.0,Compliant,0.8204109707164163,ALLOW,0,High,0.5,2
85,0.8204109707164163,1.0,Compliant,0.8563287765731331,ALLOW,0,High,0.5,2
86,0.8563287765731331,1.0,Compliant,0.8850630212585064,ALLOW,0,High,0.5,2
87,0.8850630212585064,0.0,Violation,0.7080504170068052,ALLOW,1,High,0.5,2
88,0.7080504170068052,0.0,Violation,0.5664403336054441,HUMAN_REVIEW,1,High,0.5,2
89,0.5664403336054441,0.0,Violation,0.4531522668843553,HUMAN_REVIEW,1,High,0.5,2
90,0.4531522668843553,0.0,Violation,0.36252181350748425,HUMAN_REVIEW,1,High,0.5,2
91,0.36252181350748425,1.0,Compliant,0.49001745080598735,HUMAN_REVIEW,0,High,0.5,2
92,0.49001745080598735,1.0,Compliant,0.5920139606447898,HUMAN_REVIEW,0,High,0.5,2
93,0.5920139606447898,1.0,Compliant,0.6736111685158319,ALLOW,0,High,0.5,2
94,0.6736111685158319,1.0,Compliant,0.7388889348126655,ALLOW,0,High,0.5,2
95,0.7388889348126655,0.0,Violation,0.5911111478501324,HUMAN_REVIEW,1,High,0.5,2
96,0.5911111478501324,1.0,Compliant,0.6728889182801059,ALLOW,0,High,0.5,2
97,0.6728889182801059,0.0,Violation,0.5383111346240848,HUMAN_REVIEW,1,High,0.5,2
98,0.5383111346240848,0.0,Violation,0.43064890769926784,HUMAN_REVIEW,1,High,0.5,2
99,0.43064890769926784,0.0,Violation,0.34451912615941427,HUMAN_REVIEW,1,High,0.5,2
100,0.34451912615941427,0.0,Violation,0.27561530092753145,HUMAN_REVIEW,1,High,0.5,2
1,0.8,0.0,Violation,0.6400000000000001,ALLOW,1,High,0.5,3
2,0.6400000000000001,0.0,Violation,0.5120000000000001,HUMAN_REVIEW,1,High,0.5,3
3,0.5120000000000001,0.0,Violation,0.40960000000000013,HUMAN_REVIEW,1,High,0.5,3
4,0.40960000000000013,1.0,Compliant,0.5276800000000001,HUMAN_REVIEW,0,High,0.5,3
5,0.5276800000000001,1.0,Compliant,0.622144,ALLOW,0,High,0.5,3
6,0.622144,1.0,Compliant,0.6977152,ALLOW,0,High,0.5,3
7,0.6977152,0.0,Violation,0.55817216,HUMAN_REVIEW,1,High,0.5,3
8,0.55817216,1.0,Compliant,0.646537728,ALLOW,0,High,0.5,3
9,0.646537728,1.0,Compliant,0.7172301823999999,ALLOW,0,High,0.5,3
10,0.7172301823999999,1.0,Compliant,0.7737841459199999,ALLOW,0,High,0.5,3
11,0.7737841459199999,0.0,Violation,0.619027316736,ALLOW,1,High,0.5,3
12,0.619027316736,0.0,Violation,0.4952218533888,HUMAN_REVIEW,1,High,0.5,3
13,0.4952218533888,1.0,Compliant,0.59617748271104,HUMAN_REVIEW,0,High,0.5,3
14,0.59617748271104,1.0,Compliant,0.6769419861688319,ALLOW,0,High,0.5,3
15,0.6769419861688319,0.0,Violation,0.5415535889350656,HUMAN_REVIEW,1,High,0.5,3
16,0.5415535889350656,0.0,Violation,0.4332428711480525,HUMAN_REVIEW,1,High,0.5,3
17,0.4332428711480525,1.0,Compliant,0.546594296918442,HUMAN_REVIEW,0,High,0.5,3
18,0.546594296918442,1.0,Compliant,0.6372754375347536,ALLOW,0,High,0.5,3
19,0.6372754375347536,1.0,Compliant,0.7098203500278029,ALLOW,0,High,0.5,3
20,0.7098203500278029,0.0,Violation,0.5678562800222423,HUMAN_REVIEW,1,High,0.5,3
21,0.5678562800222423,1.0,Compliant,0.6542850240177938,ALLOW,0,High,0.5,3
22,0.6542850240177938,1.0,Compliant,0.7234280192142349,ALLOW,0,High,0.5,3
23,0.7234280192142349,0.0,Violation,0.5787424153713879,HUMAN_REVIEW,1,High,0.5,3
24,0.5787424153713879,1.0,Compliant,0.6629939322971103,ALLOW,0,High,0.5,3
25,0.6629939322971103,0.0,Violation,0.5303951458376883,HUMAN_REVIEW,1,High,0.5,3
26,0.5303951458376883,1.0,Compliant,0.6243161166701506,ALLOW,0,High,0.5,3
27,0.6243161166701506,1.0,Compliant,0.6994528933361205,ALLOW,0,High,0.5,3
28,0.6994528933361205,0.0,Violation,0.5595623146688964,HUMAN_REVIEW,1,High,0.5,3
29,0.5595623146688964,1.0,Compliant,0.647649851735117,ALLOW,0,High,0.5,3
30,0.647649851735117,0.0,Violation,0.5181198813880936,HUMAN_REVIEW,1,High,0.5,3
31,0.5181198813880936,0.0,Violation,0.4144959051104749,HUMAN_REVIEW,1,High,0.5,3
32,0.4144959051104749,1.0,Compliant,0.5315967240883799,HUMAN_REVIEW,0,High,0.5,3
33,0.5315967240883799,0.0,Violation,0.4252773792707039,HUMAN_REVIEW,1,High,0.5,3
34,0.4252773792707039,1.0,Compliant,0.5402219034165632,HUMAN_REVIEW,0,High,0.5,3
35,0.5402219034165632,1.0,Compliant,0.6321775227332505,ALLOW,0,High,0.5,3
36,0.6321775227332505,0.0,Violation,0.5057420181866004,HUMAN_REVIEW,1,High,0.5,3
37,0.5057420181866004,1.0,Compliant,0.6045936145492803,ALLOW,0,High,0.5,3
38,0.6045936145492803,0.0,Violation,0.48367489163942423,HUMAN_REVIEW,1,High,0.5,3
39,0.48367489163942423,1.0,Compliant,0.5869399133115394,HUMAN_REVIEW,0,High,0.5,3
40,0.5869399133115394,1.0,Compliant,0.6695519306492315,ALLOW,0,High,0.5,3
41,0.6695519306492315,0.0,Violation,0.5356415445193852,HUMAN_REVIEW,1,High,0.5,3
42,0.5356415445193852,0.0,Violation,0.42851323561550814,HUMAN_REVIEW,1,High,0.5,3
43,0.42851323561550814,0.0,Violation,0.34281058849240653,HUMAN_REVIEW,1,High,0.5,3
44,0.34281058849240653,1.0,Compliant,0.4742484707939252,HUMAN_REVIEW,0,High,0.5,3
45,0.4742484707939252,0.0,Violation,0.37939877663514016,HUMAN_REVIEW,1,High,0.5,3
46,0.37939877663514016,1.0,Compliant,0.5035190213081121,HUMAN_REVIEW,0,High,0.5,3
47,0.5035190213081121,0.0,Violation,0.4028152170464897,HUMAN_REVIEW,1,High,0.5,3
48,0.4028152170464897,0.0,Violation,0.3222521736371918,HUMAN_REVIEW,1,High,0.5,3
49,0.3222521736371918,1.0,Compliant,0.4578017389097534,HUMAN_REVIEW,0,High,0.5,3
50,0.4578017389097534,1.0,Compliant,0.5662413911278027,HUMAN_REVIEW,0,High,0.5,3
51,0.5662413911278027,1.0,Compliant,0.6529931129022422,ALLOW,0,High,0.5,3
52,0.6529931129022422,0.0,Violation,0.5223944903217937,HUMAN_REVIEW,1,High,0.5,3
53,0.5223944903217937,0.0,Violation,0.417915592257435,HUMAN_REVIEW,1,High,0.5,3
54,0.417915592257435,1.0,Compliant,0.5343324738059481,HUMAN_REVIEW,0,High,0.5,3
55,0.5343324738059481,1.0,Compliant,0.6274659790447584,ALLOW,0,High,0.5,3
56,0.6274659790447584,0.0,Violation,0.5019727832358067,HUMAN_REVIEW,1,High,0.5,3
57,0.5019727832358067,1.0,Compliant,0.6015782265886453,ALLOW,0,High,0.5,3
58,0.6015782265886453,0.0,Violation,0.4812625812709163,HUMAN_REVIEW,1,High,0.5,3
59,0.4812625812709163,1.0,Compliant,0.585010065016733,HUMAN_REVIEW,0,High,0.5,3
60,0.585010065016733,0.0,Violation,0.46800805201338647,HUMAN_REVIEW,1,High,0.5,3
61,0.46800805201338647,0.0,Violation,0.3744064416107092,HUMAN_REVIEW,1,High,0.5,3
62,0.3744064416107092,1.0,Compliant,0.49952515328856734,HUMAN_REVIEW,0,High,0.5,3
63,0.49952515328856734,1.0,Compliant,0.5996201226308538,HUMAN_REVIEW,0,High,0.5,3
64,0.5996201226308538,1.0,Compliant,0.6796960981046831,ALLOW,0,High,0.5,3
65,0.6796960981046831,0.0,Violation,0.5437568784837465,HUMAN_REVIEW,1,High,0.5,3
66,0.5437568784837465,0.0,Violation,0.43500550278699723,HUMAN_REVIEW,1,High,0.5,3
67,0.43500550278699723,1.0,Compliant,0.5480044022295978,HUMAN_REVIEW,0,High,0.5,3
68,0.5480044022295978,1.0,Compliant,0.6384035217836782,ALLOW,0,High,0.5,3
69,0.6384035217836782,0.0,Violation,0.5107228174269426,HUMAN_REVIEW,1,High,0.5,3
70,0.5107228174269426,0.0,Violation,0.4085782539415541,HUMAN_REVIEW,1,High,0.5,3
71,0.4085782539415541,0.0,Violation,0.32686260315324334,HUMAN_REVIEW,1,High,0.5,3
72,0.32686260315324334,0.0,Violation,0.2614900825225947,HUMAN_REVIEW,1,High,0.5,3
73,0.2614900825225947,0.0,Violation,0.20919206601807577,HUMAN_REVIEW,1,High,0.5,3
74,0.20919206601807577,1.0,Compliant,0.3673536528144606,HUMAN_REVIEW,0,High,0.5,3
75,0.3673536528144606,0.0,Violation,0.2938829222515685,HUMAN_REVIEW,1,High,0.5,3
76,0.2938829222515685,0.0,Violation,0.23510633780125478,HUMAN_REVIEW,1,High,0.5,3
77,0.23510633780125478,0.0,Violation,0.18808507024100385,HUMAN_REVIEW,1,High,0.5,3
78,0.18808507024100385,0.0,Violation,0.1504680561928031,HUMAN_REVIEW,1,High,0.5,3
79,0.1504680561928031,0.0,Violation,0.12037444495424249,HUMAN_REVIEW,1,High,0.5,3
80,0.12037444495424249,1.0,Compliant,0.29629955596339397,HUMAN_REVIEW,0,High,0.5,3
81,0.29629955596339397,1.0,Compliant,0.4370396447707151,HUMAN_REVIEW,0,High,0.5,3
82,0.4370396447707151,0.0,Violation,0.3496317158165721,HUMAN_REVIEW,1,High,0.5,3
83,0.3496317158165721,0.0,Violation,0.2797053726532577,HUMAN_REVIEW,1,High,0.5,3
84,0.2797053726532577,1.0,Compliant,0.4237642981226061,HUMAN_REVIEW,0,High,0.5,3
85,0.4237642981226061,0.0,Violation,0.3390114384980849,HUMAN_REVIEW,1,High,0.5,3
86,0.3390114384980849,1.0,Compliant,0.47120915079846787,HUMAN_REVIEW,0,High,0.5,3
87,0.47120915079846787,1.0,Compliant,0.5769673206387742,HUMAN_REVIEW,0,High,0.5,3
88,0.5769673206387742,1.0,Compliant,0.6615738565110194,ALLOW,0,High,0.5,3
89,0.6615738565110194,0.0,Violation,0.5292590852088156,HUMAN_REVIEW,1,High,0.5,3
90,0.5292590852088156,1.0,Compliant,0.6234072681670524,ALLOW,0,High,0.5,3
91,0.6234072681670524,1.0,Compliant,0.6987258145336419,ALLOW,0,High,0.5,3
92,0.6987258145336419,1.0,Compliant,0.7589806516269135,ALLOW,0,High,0.5,3
93,0.7589806516269135,1.0,Compliant,0.8071845213015308,ALLOW,0,High,0.5,3
94,0.8071845213015308,1.0,Compliant,0.8457476170412247,ALLOW,0,High,0.5,3
95,0.8457476170412247,1.0,Compliant,0.8765980936329798,ALLOW,0,High,0.5,3
96,0.8765980936329798,0.0,Violation,0.7012784749063838,ALLOW,1,High,0.5,3
97,0.7012784749063838,0.0,Violation,0.5610227799251071,HUMAN_REVIEW,1,High,0.5,3
98,0.5610227799251071,0.0,Violation,0.4488182239400857,HUMAN_REVIEW,1,High,0.5,3
99,0.4488182239400857,0.0,Violation,0.35905457915206856,HUMAN_REVIEW,1,High,0.5,3
100,0.35905457915206856,1.0,Compliant,0.4872436633216548,HUMAN_REVIEW,0,High,0.5,3
1,0.8,0.0,Violation,0.6400000000000001,ALLOW,1,High,0.5,4
2,0.6400000000000001,0.0,Violation,0.5120000000000001,HUMAN_REVIEW,1,High,0.5,4
3,0.5120000000000001,0.0,Violation,0.40960000000000013,HUMAN_REVIEW,1,High,0.5,4
4,0.40960000000000013,0.0,Violation,0.32768000000000014,HUMAN_REVIEW,1,High,0.5,4
5,0.32768000000000014,1.0,Compliant,0.46214400000000005,HUMAN_REVIEW,0,High,0.5,4
6,0.46214400000000005,1.0,Compliant,0.5697152000000001,HUMAN_REVIEW,0,High,0.5,4
7,0.5697152000000001,0.0,Violation,0.4557721600000001,HUMAN_REVIEW,1,High,0.5,4
8,0.4557721600000001,1.0,Compliant,0.564617728,HUMAN_REVIEW,0,High,0.5,4
9,0.564617728,0.0,Violation,0.45169418240000003,HUMAN_REVIEW,1,High,0.5,4
10,0.45169418240000003,1.0,Compliant,0.56135534592,HUMAN_REVIEW,0,High,0.5,4
11,0.56135534592,1.0,Compliant,0.649084276736,ALLOW,0,High,0.5,4
12,0.649084276736,0.0,Violation,0.5192674213888,HUMAN_REVIEW,1,High,0.5,4
13,0.5192674213888,0.0,Violation,0.41541393711104,HUMAN_REVIEW,1,High,0.5,4
14,0.41541393711104,0.0,Violation,0.33233114968883204,HUMAN_REVIEW,1,High,0.5,4
15,0.33233114968883204,0.0,Violation,0.26586491975106563,HUMAN_REVIEW,1,High,0.5,4
16,0.26586491975106563,1.0,Compliant,0.4126919358008525,HUMAN_REVIEW,0,High,0.5,4
17,0.4126919358008525,1.0,Compliant,0.530153548640682,HUMAN_REVIEW,0,High,0.5,4
18,0.530153548640682,1.0,Compliant,0.6241228389125455,ALLOW,0,High,0.5,4
19,0.6241228389125455,1.0,Compliant,0.6992982711300364,ALLOW,0,High,0.5,4
20,0.6992982711300364,1.0,Compliant,0.7594386169040291,ALLOW,0,High,0.5,4
21,0.7594386169040291,1.0,Compliant,0.8075508935232233,ALLOW,0,High,0.5,4
22,0.8075508935232233,1.0,Compliant,0.8460407148185787,ALLOW,0,High,0.5,4
23,0.8460407148185787,0.0,Violation,0.676832571854863,ALLOW,1,High,0.5,4
24,0.676832571854863,0.0,Violation,0.5414660574838904,HUMAN_REVIEW,1,High,0.5,4
25,0.5414660574838904,0.0,Violation,0.43317284598711236,HUMAN_REVIEW,1,High,0.5,4
26,0.43317284598711236,1.0,Compliant,0.5465382767896898,HUMAN_REVIEW,0,High,0.5,4
27,0.5465382767896898,1.0,Compliant,0.6372306214317518,ALLOW,0,High,0.5,4
28,0.6372306214317518,0.0,Violation,0.5097844971454014,HUMAN_REVIEW,1,High,0.5,4
29,0.5097844971454014,0.0,Violation,0.40782759771632116,HUMAN_REVIEW,1,High,0.5,4
30,0.40782759771632116,1.0,Compliant,0.5262620781730569,HUMAN_REVIEW,0,High,0.5,4
31,0.5262620781730569,0.0,Violation,0.4210096625384456,HUMAN_REVIEW,1,High,0.5,4
32,0.4210096625384456,1.0,Compliant,0.5368077300307564,HUMAN_REVIEW,0,High,0.5,4
33,0.5368077300307564,1.0,Compliant,0.6294461840246051,ALLOW,0,High,0.5,4
34,0.6294461840246051,1.0,Compliant,0.703556947219684,ALLOW,0,High,0.5,4
35,0.703556947219684,0.0,Violation,0.5628455577757472,HUMAN_REVIEW,1,High,0.5,4
36,0.5628455577757472,0.0,Violation,0.45027644622059776,HUMAN_REVIEW,1,High,0.5,4
37,0.45027644622059776,0.0,Violation,0.3602211569764782,HUMAN_REVIEW,1,High,0.5,4
38,0.3602211569764782,1.0,Compliant,0.48817692558118253,HUMAN_REVIEW,0,High,0.5,4
39,0.48817692558118253,1.0,Compliant,0.590541540464946,HUMAN_REVIEW,0,High,0.5,4
40,0.590541540464946,0.0,Violation,0.47243323237195683,HUMAN_REVIEW,1,High,0.5,4
41,0.47243323237195683,1.0,Compliant,0.5779465858975654,HUMAN_REVIEW,0,High,0.5,4
42,0.5779465858975654,0.0,Violation,0.4623572687180524,HUMAN_REVIEW,1,High,0.5,4
43,0.4623572687180524,1.0,Compliant,0.5698858149744419,HUMAN_REVIEW,0,High,0.5,4
44,0.5698858149744419,1.0,Compliant,0.6559086519795535,ALLOW,0,High,0.5,4
45,0.6559086519795535,0.0,Violation,0.5247269215836429,HUMAN_REVIEW,1,High,0.5,4
46,0.5247269215836429,1.0,Compliant,0.6197815372669142,ALLOW,0,High,0.5,4
47,0.6197815372669142,1.0,Compliant,0.6958252298135313,ALLOW,0,High,0.5,4
48,0.6958252298135313,1.0,Compliant,0.756660183850825,ALLOW,0,High,0.5,4
49,0.756660183850825,1.0,Compliant,0.80532814708066,ALLOW,0,High,0.5,4
50,0.80532814708066,1.0,Compliant,0.844262517664528,ALLOW,0,High,0.5,4
51,0.844262517664528,0.0,Violation,0.6754100141316224,ALLOW,1,High,0.5,4
52,0.6754100141316224,0.0,Violation,0.540328011305298,HUMAN_REVIEW,1,High,0.5,4
53,0.540328011305298,1.0,Compliant,0.6322624090442384,ALLOW,0,High,0.5,4
54,0.6322624090442384,1.0,Compliant,0.7058099272353907,ALLOW,0,High,0.5,4
55,0.7058099272353907,1.0,Compliant,0.7646479417883125,ALLOW,0,High,0.5,4
56,0.7646479417883125,1.0,Compliant,0.81171835343065,ALLOW,0,High,0.5,4
57,0.81171835343065,0.0,Violation,0.64937468274452,ALLOW,1,High,0.5,4
58,0.64937468274452,1.0,Compliant,0.719499746195616,ALLOW,0,High,0.5,4
59,0.719499746195616,1.0,Compliant,0.7755997969564927,ALLOW,0,High,0.5,4
60,0.7755997969564927,0.0,Violation,0.6204798375651942,ALLOW,1,High,0.5,4
61,0.6204798375651942,0.0,Violation,0.4963838700521554,HUMAN_REVIEW,1,High,0.5,4
62,0.4963838700521554,0.0,Violation,0.39710709604172434,HUMAN_REVIEW,1,High,0.5,4
63,0.39710709604172434,1.0,Compliant,0.5176856768333795,HUMAN_REVIEW,0,High,0.5,4
64,0.5176856768333795,1.0,Compliant,0.6141485414667036,ALLOW,0,High,0.5,4
65,0.6141485414667036,1.0,Compliant,0.6913188331733628,ALLOW,0,High,0.5,4
66,0.6913188331733628,1.0,Compliant,0.7530550665386903,ALLOW,0,High,0.5,4
67,0.7530550665386903,0.0,Violation,0.6024440532309523,ALLOW,1,High,0.5,4
68,0.6024440532309523,0.0,Violation,0.48195524258476186,HUMAN_REVIEW,1,High,0.5,4
69,0.48195524258476186,0.0,Violation,0.3855641940678095,HUMAN_REVIEW,1,High,0.5,4
70,0.3855641940678095,1.0,Compliant,0.5084513552542476,HUMAN_REVIEW,0,High,0.5,4
71,0.5084513552542476,1.0,Compliant,0.606761084203398,ALLOW,0,High,0.5,4
72,0.606761084203398,0.0,Violation,0.48540886736271843,HUMAN_REVIEW,1,High,0.5,4
73,0.48540886736271843,0.0,Violation,0.3883270938901748,HUMAN_REVIEW,1,High,0.5,4
74,0.3883270938901748,1.0,Compliant,0.5106616751121398,HUMAN_REVIEW,0,High,0.5,4
75,0.5106616751121398,1.0,Compliant,0.6085293400897118,ALLOW,0,High,0.5,4
76,0.6085293400897118,1.0,Compliant,0.6868234720717694,ALLOW,0,High,0.5,4
77,0.6868234720717694,1.0,Compliant,0.7494587776574155,ALLOW,0,High,0.5,4
78,0.7494587776574155,1.0,Compliant,0.7995670221259324,ALLOW,0,High,0.5,4
79,0.7995670221259324,0.0,Violation,0.639653617700746,ALLOW,1,High,0.5,4
80,0.639653617700746,0.0,Violation,0.5117228941605968,HUMAN_REVIEW,1,High,0.5,4
81,0.5117228941605968,0.0,Violation,0.40937831532847746,HUMAN_REVIEW,1,High,0.5,4
82,0.40937831532847746,1.0,Compliant,0.5275026522627819,HUMAN_REVIEW,0,High,0.5,4
83,0.5275026522627819,1.0,Compliant,0.6220021218102255,ALLOW,0,High,0.5,4
84,0.6220021218102255,0.0,Violation,0.49760169744818045,HUMAN_REVIEW,1,High,0.5,4
85,0.49760169744818045,0.0,Violation,0.3980813579585444,HUMAN_REVIEW,1,High,0.5,4
86,0.3980813579585444,1.0,Compliant,0.5184650863668354,HUMAN_REVIEW,0,High,0.5,4
87,0.5184650863668354,1.0,Compliant,0.6147720690934684,ALLOW,0,High,0.5,4
88,0.6147720690934684,0.0,Violation,0.4918176552747747,HUMAN_REVIEW,1,High,0.5,4
89,0.4918176552747747,0.0,Violation,0.3934541242198198,HUMAN_REVIEW,1,High,0.5,4
90,0.3934541242198198,0.0,Violation,0.31476329937585584,HUMAN_REVIEW,1,High,0.5,4
91,0.31476329937585584,1.0,Compliant,0.4518106395006846,HUMAN_REVIEW,0,High,0.5,4
92,0.4518106395006846,1.0,Compliant,0.5614485116005477,HUMAN_REVIEW,0,High,0.5,4
93,0.5614485116005477,0.0,Violation,0.44915880928043816,HUMAN_REVIEW,1,High,0.5,4
94,0.44915880928043816,1.0,Compliant,0.5593270474243506,HUMAN_REVIEW,0,High,0.5,4
95,0.5593270474243506,0.0,Violation,0.44746163793948046,HUMAN_REVIEW,1,High,0.5,4
96,0.44746163793948046,1.0,Compliant,0.5579693103515844,HUMAN_REVIEW,0,High,0.5,4
97,0.5579693103515844,0.0,Violation,0.4463754482812675,HUMAN_REVIEW,1,High,0.5,4
98,0.4463754482812675,1.0,Compliant,0.5571003586250141,HUMAN_REVIEW,0,High,0.5,4
99,0.5571003586250141,1.0,Compliant,0.6456802869000112,ALLOW,0,High,0.5,4
100,0.6456802869000112,0.0,Violation,0.516544229520009,HUMAN_REVIEW,1,High,0.5,4
1,0.8,0.0,Violation,0.6400000000000001,ALLOW,1,High,0.5,5
2,0.6400000000000001,1.0,Compliant,0.7120000000000001,ALLOW,0,High,0.5,5
3,0.7120000000000001,0.0,Violation,0.5696000000000001,HUMAN_REVIEW,1,High,0.5,5
4,0.5696000000000001,1.0,Compliant,0.65568,ALLOW,0,High,0.5,5
5,0.65568,1.0,Compliant,0.724544,ALLOW,0,High,0.5,5
6,0.724544,1.0,Compliant,0.7796352,ALLOW,0,High,0.5,5
7,0.7796352,0.0,Violation,0.6237081600000001,ALLOW,1,High,0.5,5
8,0.6237081600000001,0.0,Violation,0.4989665280000001,HUMAN_REVIEW,1,High,0.5,5
9,0.4989665280000001,1.0,Compliant,0.5991732224,HUMAN_REVIEW,0,High,0.5,5
10,0.5991732224,0.0,Violation,0.47933857792000006,HUMAN_REVIEW,1,High,0.5,5
11,0.47933857792000006,1.0,Compliant,0.5834708623360001,HUMAN_REVIEW,0,High,0.5,5
12,0.5834708623360001,0.0,Violation,0.4667766898688001,HUMAN_REVIEW,1,High,0.5,5
13,0.4667766898688001,1.0,Compliant,0.5734213518950401,HUMAN_REVIEW,0,High,0.5,5
14,0.5734213518950401,0.0,Violation,0.4587370815160321,HUMAN_REVIEW,1,High,0.5,5
15,0.4587370815160321,0.0,Violation,0.3669896652128257,HUMAN_REVIEW,1,High,0.5,5
16,0.3669896652128257,1.0,Compliant,0.49359173217026053,HUMAN_REVIEW,0,High,0.5,5
17,0.49359173217026053,1.0,Compliant,0.5948733857362084,HUMAN_REVIEW,0,High,0.5,5
18,0.5948733857362084,0.0,Violation,0.47589870858896677,HUMAN_REVIEW,1,High,0.5,5
19,0.47589870858896677,1.0,Compliant,0.5807189668711734,HUMAN_REVIEW,0,High,0.5,5
20,0.5807189668711734,1.0,Compliant,0.6645751734969387,ALLOW,0,High,0.5,5
21,0.6645751734969387,1.0,Compliant,0.731660138797551,ALLOW,0,High,0.5,5
22,0.731660138797551,0.0,Violation,0.5853281110380408,HUMAN_REVIEW,1,High,0.5,5
23,0.5853281110380408,1.0,Compliant,0.6682624888304327,ALLOW,0,High,0.5,5
24,0.6682624888304327,1.0,Compliant,0.7346099910643461,ALLOW,0,High,0.5,5
25,0.7346099910643461,0.0,Violation,0.5876879928514769,HUMAN_REVIEW,1,High,0.5,5
26,0.5876879928514769,1.0,Compliant,0.6701503942811815,ALLOW,0,High,0.5,5
27,0.6701503942811815,1.0,Compliant,0.7361203154249452,ALLOW,0,High,0.5,5
28,0.7361203154249452,0.0,Violation,0.5888962523399561,HUMAN_REVIEW,1,High,0.5,5
29,0.5888962523399561,1.0,Compliant,0.6711170018719649,ALLOW,0,High,0.5,5
30,0.6711170018719649,0.0,Violation,0.5368936014975719,HUMAN_REVIEW,1,High,0.5,5
31,0.5368936014975719,1.0,Compliant,0.6295148811980575,ALLOW,0,High,0.5,5
32,0.6295148811980575,0.0,Violation,0.5036119049584461,HUMAN_REVIEW,1,High,0.5,5
33,0.5036119049584461,1.0,Compliant,0.6028895239667569,ALLOW,0,High,0.5,5
34,0.6028895239667569,0.0,Violation,0.48231161917340554,HUMAN_REVIEW,1,High,0.5,5
35,0.48231161917340554,1.0,Compliant,0.5858492953387244,HUMAN_REVIEW,0,High,0.5,5
36,0.5858492953387244,1.0,Compliant,0.6686794362709796,ALLOW,0,High,0.5,5
37,0.6686794362709796,0.0,Violation,0.5349435490167836,HUMAN_REVIEW,1,High,0.5,5
38,0.5349435490167836,0.0,Violation,0.4279548392134269,HUMAN_REVIEW,1,High,0.5,5
39,0.4279548392134269,1.0,Compliant,0.5423638713707415,HUMAN_REVIEW,0,High,0.5,5
40,0.5423638713707415,1.0,Compliant,0.6338910970965932,ALLOW,0,High,0.5,5
41,0.6338910970965932,0.0,Violation,0.5071128776772745,HUMAN_REVIEW,1,High,0.5,5
42,0.5071128776772745,0.0,Violation,0.40569030214181967,HUMAN_REVIEW,1,High,0.5,5
43,0.40569030214181967,0.0,Violation,0.32455224171345576,HUMAN_REVIEW,1,High,0.5,5
44,0.32455224171345576,0.0,Violation,0.2596417933707646,HUMAN_REVIEW,1,High,0.5,5
45,0.2596417933707646,1.0,Compliant,0.40771343469661164,HUMAN_REVIEW,0,High,0.5,5
46,0.40771343469661164,0.0,Violation,0.3261707477572893,HUMAN_REVIEW,1,High,0.5,5
47,0.3261707477572893,0.0,Violation,0.2609365982058315,HUMAN_REVIEW,1,High,0.5,5
48,0.2609365982058315,0.0,Violation,0.20874927856466519,HUMAN_REVIEW,1,High,0.5,5
49,0.20874927856466519,0.0,Violation,0.16699942285173217,HUMAN_REVIEW,1,High,0.5,5
50,0.16699942285173217,1.0,Compliant,0.33359953828138567,HUMAN_REVIEW,0,High,0.5,5
51,0.33359953828138567,0.0,Violation,0.26687963062510855,HUMAN_REVIEW,1,High,0.5,5
52,0.26687963062510855,0.0,Violation,0.21350370450008685,HUMAN_REVIEW,1,High,0.5,5
53,0.21350370450008685,0.0,Violation,0.1708029636000695,HUMAN_REVIEW,1,High,0.5,5
54,0.1708029636000695,0.0,Violation,0.1366423708800556,HUMAN_REVIEW,1,High,0.5,5
55,0.1366423708800556,0.0,Violation,0.10931389670404448,HUMAN_REVIEW,1,High,0.5,5
56,0.10931389670404448,0.0,Violation,0.08745111736323559,HUMAN_REVIEW,1,High,0.5,5
57,0.08745111736323559,0.0,Violation,0.06996089389058847,HUMAN_REVIEW,1,High,0.5,5
58,0.06996089389058847,1.0,Compliant,0.25596871511247077,HUMAN_REVIEW,0,High,0.5,5
59,0.25596871511247077,0.0,Violation,0.20477497208997664,HUMAN_REVIEW,1,High,0.5,5
60,0.20477497208997664,1.0,Compliant,0.36381997767198127,HUMAN_REVIEW,0,High,0.5,5
61,0.36381997767198127,1.0,Compliant,0.491055982137585,HUMAN_REVIEW,0,High,0.5,5
62,0.491055982137585,1.0,Compliant,0.592844785710068,HUMAN_REVIEW,0,High,0.5,5
63,0.592844785710068,0.0,Violation,0.47427582856805445,HUMAN_REVIEW,1,High,0.5,5
64,0.47427582856805445,0.0,Violation,0.3794206628544436,HUMAN_REVIEW,1,High,0.5,5
65,0.3794206628544436,1.0,Compliant,0.5035365302835548,HUMAN_REVIEW,0,High,0.5,5
66,0.5035365302835548,1.0,Compliant,0.6028292242268438,ALLOW,0,High,0.5,5
67,0.6028292242268438,1.0,Compliant,0.682263379381475,ALLOW,0,High,0.5,5
68,0.682263379381475,1.0,Compliant,0.74581070350518,ALLOW,0,High,0.5,5
69,0.74581070350518,0.0,Violation,0.596648562804144,HUMAN_REVIEW,1,High,0.5,5
70,0.596648562804144,1.0,Compliant,0.6773188502433152,ALLOW,0,High,0.5,5
71,0.6773188502433152,0.0,Violation,0.5418550801946521,HUMAN_REVIEW,1,High,0.5,5
72,0.5418550801946521,1.0,Compliant,0.6334840641557217,ALLOW,0,High,0.5,5
73,0.6334840641557217,1.0,Compliant,0.7067872513245773,ALLOW,0,High,0.5,5
74,0.7067872513245773,0.0,Violation,0.5654298010596619,HUMAN_REVIEW,1,High,0.5,5
75,0.5654298010596619,0.0,Violation,0.45234384084772955,HUMAN_REVIEW,1,High,0.5,5
76,0.45234384084772955,1.0,Compliant,0.5618750726781836,HUMAN_REVIEW,0,High,0.5,5
77,0.5618750726781836,0.0,Violation,0.4495000581425469,HUMAN_REVIEW,1,High,0.5,5
78,0.4495000581425469,0.0,Violation,0.35960004651403754,HUMAN_REVIEW,1,High,0.5,5
79,0.35960004651403754,0.0,Violation,0.28768003721123003,HUMAN_REVIEW,1,High,0.5,5
80,0.28768003721123003,1.0,Compliant,0.430144029768984,HUMAN_REVIEW,0,High,0.5,5
81,0.430144029768984,1.0,Compliant,0.5441152238151872,HUMAN_REVIEW,0,High,0.5,5
82,0.5441152238151872,0.0,Violation,0.4352921790521498,HUMAN_REVIEW,1,High,0.5,5
83,0.4352921790521498,1.0,Compliant,0.5482337432417198,HUMAN_REVIEW,0,High,0.5,5
84,0.5482337432417198,0.0,Violation,0.43858699459337586,HUMAN_REVIEW,1,High,0.5,5
85,0.43858699459337586,0.0,Violation,0.3508695956747007,HUMAN_REVIEW,1,High,0.5,5
86,0.3508695956747007,0.0,Violation,0.2806956765397606,HUMAN_REVIEW,1,High,0.5,5
87,0.2806956765397606,0.0,Violation,0.22455654123180846,HUMAN_REVIEW,1,High,0.5,5
88,0.22455654123180846,1.0,Compliant,0.3796452329854467,HUMAN_REVIEW,0,High,0.5,5
89,0.3796452329854467,1.0,Compliant,0.5037161863883574,HUMAN_REVIEW,0,High,0.5,5
90,0.5037161863883574,0.0,Violation,0.40297294911068593,HUMAN_REVIEW,1,High,0.5,5
91,0.40297294911068593,1.0,Compliant,0.5223783592885487,HUMAN_REVIEW,0,High,0.5,5
92,0.5223783592885487,1.0,Compliant,0.6179026874308389,ALLOW,0,High,0.5,5
93,0.6179026874308389,1.0,Compliant,0.694322149944671,ALLOW,0,High,0.5,5
94,0.694322149944671,0.0,Violation,0.5554577199557368,HUMAN_REVIEW,1,High,0.5,5
95,0.5554577199557368,0.0,Violation,0.44436617596458944,HUMAN_REVIEW,1,High,0.5,5
96,0.44436617596458944,0.0,Violation,0.3554929407716716,HUMAN_REVIEW,1,High,0.5,5
97,0.3554929407716716,0.0,Violation,0.2843943526173373,HUMAN_REVIEW,1,High,0.5,5
98,0.2843943526173373,0.0,Violation,0.22751548209386985,HUMAN_REVIEW,1,High,0.5,5
99,0.22751548209386985,1.0,Compliant,0.3820123856750959,HUMAN_REVIEW,0,High,0.5,5
100,0.3820123856750959,1.0,Compliant,0.5056099085400767,HUMAN_REVIEW,0,High,0.5,5
1,0.8,0.0,Violation,0.6400000000000001,ALLOW,1,High,0.5,6
2,0.6400000000000001,1.0,Compliant,0.7120000000000001,ALLOW,0,High,0.5,6
3,0.7120000000000001,0.0,Violation,0.5696000000000001,HUMAN_REVIEW,1,High,0.5,6
4,0.5696000000000001,0.0,Violation,0.4556800000000001,HUMAN_REVIEW,1,High,0.5,6
5,0.4556800000000001,1.0,Compliant,0.564544,HUMAN_REVIEW,0,High,0.5,6
6,0.564544,0.0,Violation,0.45163520000000007,HUMAN_REVIEW,1,High,0.5,6
7,0.45163520000000007,0.0,Violation,0.3613081600000001,HUMAN_REVIEW,1,High,0.5,6
8,0.3613081600000001,0.0,Violation,0.2890465280000001,HUMAN_REVIEW,1,High,0.5,6
9,0.2890465280000001,1.0,Compliant,0.43123722240000006,HUMAN_REVIEW,0,High,0.5,6
10,0.43123722240000006,0.0,Violation,0.3449897779200001,HUMAN_REVIEW,1,High,0.5,6
11,0.3449897779200001,1.0,Compliant,0.475991822336,HUMAN_REVIEW,0,High,0.5,6
12,0.475991822336,1.0,Compliant,0.5807934578688,HUMAN_REVIEW,0,High,0.5,6
13,0.5807934578688,0.0,Violation,0.46463476629504,HUMAN_REVIEW,1,High,0.5,6
14,0.46463476629504,0.0,Violation,0.37170781303603206,HUMAN_REVIEW,1,High,0.5,6
15,0.37170781303603206,1.0,Compliant,0.4973662504288256,HUMAN_REVIEW,0,High,0.5,6
16,0.4973662504288256,0.0,Violation,0.3978930003430605,HUMAN_REVIEW,1,High,0.5,6
17,0.3978930003430605,0.0,Violation,0.31831440027444846,HUMAN_REVIEW,1,High,0.5,6
18,0.31831440027444846,1.0,Compliant,0.45465152021955874,HUMAN_REVIEW,0,High,0.5,6
19,0.45465152021955874,1.0,Compliant,0.563721216175647,HUMAN_REVIEW,0,High,0.5,6
20,0.563721216175647,1.0,Compliant,0.6509769729405175,ALLOW,0,High,0.5,6
21,0.6509769729405175,0.0,Violation,0.520781578352414,HUMAN_REVIEW,1,High,0.5,6
22,0.520781578352414,1.0,Compliant,0.6166252626819312,ALLOW,0,High,0.5,6
23,0.6166252626819312,1.0,Compliant,0.693300210145545,ALLOW,0,High,0.5,6
24,0.693300210145545,0.0,Violation,0.554640168116436,HUMAN_REVIEW,1,High,0.5,6
25,0.554640168116436,1.0,Compliant,0.6437121344931488,ALLOW,0,High,0.5,6
26,0.6437121344931488,0.0,Violation,0.5149697075945191,HUMAN_REVIEW,1,High,0.5,6
27,0.5149697075945191,0.0,Violation,0.4119757660756153,HUMAN_REVIEW,1,High,0.5,6
28,0.4119757660756153,0.0,Violation,0.3295806128604923,HUMAN_REVIEW,1,High,0.5,6
29,0.3295806128604923,0.0,Violation,0.26366449028839384,HUMAN_REVIEW,1,High,0.5,6
30,0.26366449028839384,1.0,Compliant,0.41093159223071507,HUMAN_REVIEW,0,High,0.5,6
31,0.41093159223071507,0.0,Violation,0.3287452737845721,HUMAN_REVIEW,1,High,0.5,6
32,0.3287452737845721,1.0,Compliant,0.46299621902765764,HUMAN_REVIEW,0,High,0.5,6
33,0.46299621902765764,1.0,Compliant,0.5703969752221261,HUMAN_REVIEW,0,High,0.5,6
34,0.5703969752221261,1.0,Compliant,0.6563175801777008,ALLOW,0,High,0.5,6
35,0.6563175801777008,0.0,Violation,0.5250540641421607,HUMAN_REVIEW,1,High,0.5,6
36,0.5250540641421607,0.0,Violation,0.4200432513137286,HUMAN_REVIEW,1,High,0.5,6
37,0.4200432513137286,0.0,Violation,0.33603460105098293,HUMAN_REVIEW,1,High,0.5,6
38,0.33603460105098293,0.0,Violation,0.26882768084078634,HUMAN_REVIEW,1,High,0.5,6
39,0.26882768084078634,0.0,Violation,0.21506214467262907,HUMAN_REVIEW,1,High,0.5,6
40,0.21506214467262907,0.0,Violation,0.17204971573810326,HUMAN_REVIEW,1,High,0.5,6
41,0.17204971573810326,0.0,Violation,0.13763977259048263,HUMAN_REVIEW,1,High,0.5,6
42,0.13763977259048263,0.0,Violation,0.11011181807238611,HUMAN_REVIEW,1,High,0.5,6
43,0.11011181807238611,1.0,Compliant,0.28808945445790884,HUMAN_REVIEW,0,High,0.5,6
44,0.28808945445790884,1.0,Compliant,0.43047156356632704,HUMAN_REVIEW,0,High,0.5,6
45,0.43047156356632704,0.0,Violation,0.34437725085306164,HUMAN_REVIEW,1,High,0.5,6
46,0.34437725085306164,0.0,Violation,0.27550180068244934,HUMAN_REVIEW,1,High,0.5,6
47,0.27550180068244934,0.0,Violation,0.22040144054595948,HUMAN_REVIEW,1,High,0.5,6
48,0.22040144054595948,0.0,Violation,0.1763211524367676,HUMAN_REVIEW,1,High,0.5,6
49,0.1763211524367676,1.0,Compliant,0.34105692194941406,HUMAN_REVIEW,0,High,0.5,6
50,0.34105692194941406,1.0,Compliant,0.47284553755953124,HUMAN_REVIEW,0,High,0.5,6
51,0.47284553755953124,1.0,Compliant,0.578276430047625,HUMAN_REVIEW,0,High,0.5,6
52,0.578276430047625,0.0,Violation,0.4626211440381,HUMAN_REVIEW,1,High,0.5,6
53,0.4626211440381,1.0,Compliant,0.57009691523048,HUMAN_REVIEW,0,High,0.5,6
54,0.57009691523048,0.0,Violation,0.456077532184384,HUMAN_REVIEW,1,High,0.5,6
55,0.456077532184384,1.0,Compliant,0.5648620257475072,HUMAN_REVIEW,0,High,0.5,6
56,0.5648620257475072,1.0,Compliant,0.6518896205980058,ALLOW,0,High,0.5,6
57,0.6518896205980058,1.0,Compliant,0.7215116964784046,ALLOW,0,High,0.5,6
58,0.7215116964784046,1.0,Compliant,0.7772093571827237,ALLOW,0,High,0.5,6
59,0.7772093571827237,0.0,Violation,0.621767485746179,ALLOW,1,High,0.5,6
60,0.621767485746179,0.0,Violation,0.49741398859694325,HUMAN_REVIEW,1,High,0.5,6
61,0.49741398859694325,1.0,Compliant,0.5979311908775546,HUMAN_REVIEW,0,High,0.5,6
62,0.5979311908775546,0.0,Violation,0.47834495270204375,HUMAN_REVIEW,1,High,0.5,6
63,0.47834495270204375,1.0,Compliant,0.582675962161635,HUMAN_REVIEW,0,High,0.5,6
64,0.582675962161635,0.0,Violation,0.466140769729308,HUMAN_REVIEW,1,High,0.5,6
65,0.466140769729308,0.0,Violation,0.3729126157834464,HUMAN_REVIEW,1,High,0.5,6
66,0.3729126157834464,1.0,Compliant,0.4983300926267571,HUMAN_REVIEW,0,High,0.5,6
67,0.4983300926267571,1.0,Compliant,0.5986640741014057,HUMAN_REVIEW,0,High,0.5,6
68,0.5986640741014057,0.0,Violation,0.47893125928112457,HUMAN_REVIEW,1,High,0.5,6
69,0.47893125928112457,0.0,Violation,0.38314500742489965,HUMAN_REVIEW,1,High,0.5,6
70,0.38314500742489965,1.0,Compliant,0.5065160059399196,HUMAN_REVIEW,0,High,0.5,6
71,0.5065160059399196,0.0,Violation,0.4052128047519357,HUMAN_REVIEW,1,High,0.5,6
72,0.4052128047519357,0.0,Violation,0.3241702438015486,HUMAN_REVIEW,1,High,0.5,6
73,0.3241702438015486,0.0,Violation,0.2593361950412389,HUMAN_REVIEW,1,High,0.5,6
74,0.2593361950412389,1.0,Compliant,0.40746895603299105,HUMAN_REVIEW,0,High,0.5,6
75,0.40746895603299105,0.0,Violation,0.3259751648263929,HUMAN_REVIEW,1,High,0.5,6
76,0.3259751648263929,0.0,Violation,0.2607801318611143,HUMAN_REVIEW,1,High,0.5,6
77,0.2607801318611143,0.0,Violation,0.20862410548889146,HUMAN_REVIEW,1,High,0.5,6
78,0.20862410548889146,1.0,Compliant,0.36689928439111313,HUMAN_REVIEW,0,High,0.5,6
79,0.36689928439111313,0.0,Violation,0.2935194275128905,HUMAN_REVIEW,1,High,0.5,6
80,0.2935194275128905,1.0,Compliant,0.43481554201031236,HUMAN_REVIEW,0,High,0.5,6
81,0.43481554201031236,1.0,Compliant,0.5478524336082499,HUMAN_REVIEW,0,High,0.5,6
82,0.5478524336082499,0.0,Violation,0.43828194688659994,HUMAN_REVIEW,1,High,0.5,6
83,0.43828194688659994,0.0,Violation,0.35062555750928,HUMAN_REVIEW,1,High,0.5,6
84,0.35062555750928,0.0,Violation,0.280500446007424,HUMAN_REVIEW,1,High,0.5,6
85,0.280500446007424,0.0,Violation,0.22440035680593923,HUMAN_REVIEW,1,High,0.5,6
86,0.22440035680593923,0.0,Violation,0.1795202854447514,HUMAN_REVIEW,1,High,0.5,6
87,0.1795202854447514,0.0,Violation,0.14361622835580112,HUMAN_REVIEW,1,High,0.5,6
88,0.14361622835580112,1.0,Compliant,0.31489298268464083,HUMAN_REVIEW,0,High,0.5,6
89,0.31489298268464083,0.0,Violation,0.25191438614771267,HUMAN_REVIEW,1,High,0.5,6
90,0.25191438614771267,1.0,Compliant,0.40153150891817013,HUMAN_REVIEW,0,High,0.5,6
91,0.40153150891817013,1.0,Compliant,0.521225207134536,HUMAN_REVIEW,0,High,0.5,6
92,0.521225207134536,0.0,Violation,0.41698016570762886,HUMAN_REVIEW,1,High,0.5,6
93,0.41698016570762886,1.0,Compliant,0.533584132566103,HUMAN_REVIEW,0,High,0.5,6
94,0.533584132566103,0.0,Violation,0.4268673060528825,HUMAN_REVIEW,1,High,0.5,6
95,0.4268673060528825,0.0,Violation,0.341493844842306,HUMAN_REVIEW,1,High,0.5,6
96,0.341493844842306,1.0,Compliant,0.47319507587384474,HUMAN_REVIEW,0,High,0.5,6
97,0.47319507587384474,0.0,Violation,0.3785560606990758,HUMAN_REVIEW,1,High,0.5,6
98,0.3785560606990758,0.0,Violation,0.3028448485592607,HUMAN_REVIEW,1,High,0.5,6
99,0.3028448485592607,1.0,Compliant,0.4422758788474085,HUMAN_REVIEW,0,High,0.5,6
100,0.4422758788474085,0.0,Violation,0.3538207030779268,HUMAN_REVIEW,1,High,0.5,6
1,0.8,0.0,Violation,0.6400000000000001,ALLOW,1,High,0.5,7
2,0.6400000000000001,1.0,Compliant,0.7120000000000001,ALLOW,0,High,0.5,7
3,0.7120000000000001,1.0,Compliant,0.7696000000000001,ALLOW,0,High,0.5,7
4,0.7696000000000001,0.0,Violation,0.6156800000000001,ALLOW,1,High,0.5,7
5,0.6156800000000001,1.0,Compliant,0.692544,ALLOW,0,High,0.5,7
6,0.692544,1.0,Compliant,0.7540352,ALLOW,0,High,0.5,7
7,0.7540352,0.0,Violation,0.60322816,ALLOW,1,High,0.5,7
8,0.60322816,0.0,Violation,0.482582528,HUMAN_REVIEW,1,High,0.5,7
9,0.482582528,0.0,Violation,0.38606602240000004,HUMAN_REVIEW,1,High,0.5,7
10,0.38606602240000004,0.0,Violation,0.3088528179200001,HUMAN_REVIEW,1,High,0.5,7
11,0.3088528179200001,1.0,Compliant,0.447082254336,HUMAN_REVIEW,0,High,0.5,7
12,0.447082254336,0.0,Violation,0.35766580346880006,HUMAN_REVIEW,1,High,0.5,7
13,0.35766580346880006,1.0,Compliant,0.48613264277504004,HUMAN_REVIEW,0,High,0.5,7
14,0.48613264277504004,1.0,Compliant,0.588906114220032,HUMAN_REVIEW,0,High,0.5,7
15,0.588906114220032,1.0,Compliant,0.6711248913760256,ALLOW,0,High,0.5,7
16,0.6711248913760256,1.0,Compliant,0.7368999131008205,ALLOW,0,High,0.5,7
17,0.7368999131008205,1.0,Compliant,0.7895199304806564,ALLOW,0,High,0.5,7
18,0.7895199304806564,0.0,Violation,0.6316159443845252,ALLOW,1,High,0.5,7
19,0.6316159443845252,1.0,Compliant,0.7052927555076202,ALLOW,0,High,0.5,7
20,0.7052927555076202,0.0,Violation,0.5642342044060962,HUMAN_REVIEW,1,High,0.5,7
21,0.5642342044060962,1.0,Compliant,0.6513873635248769,ALLOW,0,High,0.5,7
22,0.6513873635248769,1.0,Compliant,0.7211098908199015,ALLOW,0,High,0.5,7
23,0.7211098908199015,1.0,Compliant,0.7768879126559212,ALLOW,0,High,0.5,7
24,0.7768879126559212,0.0,Violation,0.621510330124737,ALLOW,1,High,0.5,7
25,0.621510330124737,1.0,Compliant,0.6972082640997896,ALLOW,0,High,0.5,7
26,0.6972082640997896,1.0,Compliant,0.7577666112798317,ALLOW,0,High,0.5,7
27,0.7577666112798317,1.0,Compliant,0.8062132890238654,ALLOW,0,High,0.5,7
28,0.8062132890238654,0.0,Violation,0.6449706312190924,ALLOW,1,High,0.5,7
29,0.6449706312190924,0.0,Violation,0.5159765049752739,HUMAN_REVIEW,1,High,0.5,7
30,0.5159765049752739,0.0,Violation,0.41278120398021917,HUMAN_REVIEW,1,High,0.5,7
31,0.41278120398021917,0.0,Violation,0.3302249631841754,HUMAN_REVIEW,1,High,0.5,7
32,0.3302249631841754,0.0,Violation,0.2641799705473403,HUMAN_REVIEW,1,High,0.5,7
33,0.2641799705473403,0.0,Violation,0.21134397643787228,HUMAN_REVIEW,1,High,0.5,7
34,0.21134397643787228,1.0,Compliant,0.3690751811502978,HUMAN_REVIEW,0,High,0.5,7
35,0.3690751811502978,1.0,Compliant,0.49526014492023823,HUMAN_REVIEW,0,High,0.5,7
36,0.49526014492023823,1.0,Compliant,0.5962081159361905,HUMAN_REVIEW,0,High,0.5,7
37,0.5962081159361905,1.0,Compliant,0.6769664927489524,ALLOW,0,High,0.5,7
38,0.6769664927489524,1.0,Compliant,0.7415731941991619,ALLOW,0,High,0.5,7
39,0.7415731941991619,1.0,Compliant,0.7932585553593295,ALLOW,0,High,0.5,7
40,0.7932585553593295,1.0,Compliant,0.8346068442874637,ALLOW,0,High,0.5,7
41,0.8346068442874637,0.0,Violation,0.667685475429971,ALLOW,1,High,0.5,7
42,0.667685475429971,0.0,Violation,0.5341483803439768,HUMAN_REVIEW,1,High,0.5,7
43,0.5341483803439768,1.0,Compliant,0.6273187042751814,ALLOW,0,High,0.5,7
44,0.6273187042751814,0.0,Violation,0.5018549634201451,HUMAN_REVIEW,1,High,0.5,7
45,0.5018549634201451,0.0,Violation,0.40148397073611614,HUMAN_REVIEW,1,High,0.5,7
46,0.40148397073611614,1.0,Compliant,0.5211871765888929,HUMAN_REVIEW,0,High,0.5,7
47,0.5211871765888929,0.0,Violation,0.41694974127111434,HUMAN_REVIEW,1,High,0.5,7
48,0.41694974127111434,0.0,Violation,0.3335597930168915,HUMAN_REVIEW,1,High,0.5,7
49,0.3335597930168915,1.0,Compliant,0.46684783441351313,HUMAN_REVIEW,0,High,0.5,7
50,0.46684783441351313,1.0,Compliant,0.5734782675308105,HUMAN_REVIEW,0,High,0.5,7
51,0.5734782675308105,0.0,Violation,0.4587826140246485,HUMAN_REVIEW,1,High,0.5,7
52,0.4587826140246485,1.0,Compliant,0.5670260912197187,HUMAN_REVIEW,0,High,0.5,7
53,0.5670260912197187,1.0,Compliant,0.6536208729757749,ALLOW,0,High,0.5,7
54,0.6536208729757749,0.0,Violation,0.5228966983806199,HUMAN_REVIEW,1,High,0.5,7
55,0.5228966983806199,0.0,Violation,0.41831735870449593,HUMAN_REVIEW,1,High,0.5,7
56,0.41831735870449593,1.0,Compliant,0.5346538869635967,HUMAN_REVIEW,0,High,0.5,7
57,0.5346538869635967,1.0,Compliant,0.6277231095708773,ALLOW,0,High,0.5,7
58,0.6277231095708773,1.0,Compliant,0.7021784876567018,ALLOW,0,High,0.5,7
59,0.7021784876567018,0.0,Violation,0.5617427901253614,HUMAN_REVIEW,1,High,0.5,7
60,0.5617427901253614,0.0,Violation,0.44939423210028917,HUMAN_REVIEW,1,High,0.5,7
61,0.44939423210028917,0.0,Violation,0.35951538568023134,HUMAN_REVIEW,1,High,0.5,7
62,0.35951538568023134,1.0,Compliant,0.487612308544185,HUMAN_REVIEW,0,High,0.5,7
63,0.487612308544185,1.0,Compliant,0.5900898468353479,HUMAN_REVIEW,0,High,0.5,7
64,0.5900898468353479,1.0,Compliant,0.6720718774682783,ALLOW,0,High,0.5,7
65,0.6720718774682783,1.0,Compliant,0.7376575019746227,ALLOW,0,High,0.5,7
66,0.7376575019746227,1.0,Compliant,0.7901260015796981,ALLOW,0,High,0.5,7
67,0.7901260015796981,1.0,Compliant,0.8321008012637585,ALLOW,0,High,0.5,7
68,0.8321008012637585,1.0,Compliant,0.8656806410110068,ALLOW,0,High,0.5,7
69,0.8656806410110068,1.0,Compliant,0.8925445128088054,ALLOW,0,High,0.5,7
70,0.8925445128088054,1.0,Compliant,0.9140356102470444,ALLOW,0,High,0.5,7
71,0.9140356102470444,0.0,Violation,0.7312284881976355,ALLOW,1,High,0.5,7
72,0.7312284881976355,0.0,Violation,0.5849827905581084,HUMAN_REVIEW,1,High,0.5,7
73,0.5849827905581084,1.0,Compliant,0.6679862324464867,ALLOW,0,High,0.5,7
74,0.6679862324464867,1.0,Compliant,0.7343889859571894,ALLOW,0,High,0.5,7
75,0.7343889859571894,1.0,Compliant,0.7875111887657514,ALLOW,0,High,0.5,7
76,0.7875111887657514,1.0,Compliant,0.8300089510126012,ALLOW,0,High,0.5,7
77,0.8300089510126012,1.0,Compliant,0.864007160810081,ALLOW,0,High,0.5,7
78,0.864007160810081,0.0,Violation,0.6912057286480648,ALLOW,1,High,0.5,7
79,0.6912057286480648,1.0,Compliant,0.7529645829184518,ALLOW,0,High,0.5,7
80,0.7529645829184518,0.0,Violation,0.6023716663347615,ALLOW,1,High,0.5,7
81,0.6023716663347615,1.0,Compliant,0.6818973330678091,ALLOW,0,High,0.5,7
82,0.6818973330678091,1.0,Compliant,0.7455178664542472,ALLOW,0,High,0.5,7
83,0.7455178664542472,1.0,Compliant,0.7964142931633977,ALLOW,0,High,0.5,7
84,0.7964142931633977,0.0,Violation,0.6371314345307182,ALLOW,1,High,0.5,7
85,0.6371314345307182,0.0,Violation,0.5097051476245745,HUMAN_REVIEW,1,High,0.5,7
86,0.5097051476245745,0.0,Violation,0.4077641180996596,HUMAN_REVIEW,1,High,0.5,7
87,0.4077641180996596,0.0,Violation,0.32621129447972774,HUMAN_REVIEW,1,High,0.5,7
88,0.32621129447972774,1.0,Compliant,0.46096903558378216,HUMAN_REVIEW,0,High,0.5,7
89,0.46096903558378216,0.0,Violation,0.36877522846702576,HUMAN_REVIEW,1,High,0.5,7
90,0.36877522846702576,1.0,Compliant,0.4950201827736206,HUMAN_REVIEW,0,High,0.5,7
91,0.4950201827736206,1.0,Compliant,0.5960161462188964,HUMAN_REVIEW,0,High,0.5,7
92,0.5960161462188964,0.0,Violation,0.4768129169751172,HUMAN_REVIEW,1,High,0.5,7
93,0.4768129169751172,0.0,Violation,0.3814503335800938,HUMAN_REVIEW,1,High,0.5,7
94,0.3814503335800938,1.0,Compliant,0.505160266864075,HUMAN_REVIEW,0,High,0.5,7
95,0.505160266864075,1.0,Compliant,0.60412821349126,ALLOW,0,High,0.5,7
96,0.60412821349126,0.0,Violation,0.48330257079300804,HUMAN_REVIEW,1,High,0.5,7
97,0.48330257079300804,1.0,Compliant,0.5866420566344064,HUMAN_REVIEW,0,High,0.5,7
98,0.5866420566344064,0.0,Violation,0.4693136453075251,HUMAN_REVIEW,1,High,0.5,7
99,0.4693136453075251,0.0,Violation,0.3754509162460201,HUMAN_REVIEW,1,High,0.5,7
100,0.3754509162460201,0.0,Violation,0.3003607329968161,HUMAN_REVIEW,1,High,0.5,7
1,0.8,0.0,Violation,0.6400000000000001,ALLOW,1,High,0.5,8
2,0.6400000000000001,1.0,Compliant,0.7120000000000001,ALLOW,0,High,0.5,8
3,0.7120000000000001,0.0,Violation,0.5696000000000001,HUMAN_REVIEW,1,High,0.5,8
4,0.5696000000000001,1.0,Compliant,0.65568,ALLOW,0,High,0.5,8
5,0.65568,1.0,Compliant,0.724544,ALLOW,0,High,0.5,8
6,0.724544,1.0,Compliant,0.7796352,ALLOW,0,High,0.5,8
7,0.7796352,0.0,Violation,0.6237081600000001,ALLOW,1,High,0.5,8
8,0.6237081600000001,0.0,Violation,0.4989665280000001,HUMAN_REVIEW,1,High,0.5,8
9,0.4989665280000001,0.0,Violation,0.3991732224000001,HUMAN_REVIEW,1,High,0.5,8
10,0.3991732224000001,0.0,Violation,0.3193385779200001,HUMAN_REVIEW,1,High,0.5,8
11,0.3193385779200001,0.0,Violation,0.2554708623360001,HUMAN_REVIEW,1,High,0.5,8
12,0.2554708623360001,0.0,Violation,0.2043766898688001,HUMAN_REVIEW,1,High,0.5,8
13,0.2043766898688001,0.0,Violation,0.1635013518950401,HUMAN_REVIEW,1,High,0.5,8
14,0.1635013518950401,1.0,Compliant,0.33080108151603205,HUMAN_REVIEW,0,High,0.5,8
15,0.33080108151603205,0.0,Violation,0.26464086521282565,HUMAN_REVIEW,1,High,0.5,8
16,0.26464086521282565,1.0,Compliant,0.4117126921702605,HUMAN_REVIEW,0,High,0.5,8
17,0.4117126921702605,0.0,Violation,0.3293701537362084,HUMAN_REVIEW,1,High,0.5,8
18,0.3293701537362084,0.0,Violation,0.26349612298896674,HUMAN_REVIEW,1,High,0.5,8
19,0.26349612298896674,0.0,Violation,0.2107968983911734,HUMAN_REVIEW,1,High,0.5,8
20,0.2107968983911734,1.0,Compliant,0.3686375187129387,HUMAN_REVIEW,0,High,0.5,8
21,0.3686375187129387,1.0,Compliant,0.4949100149703509,HUMAN_REVIEW,0,High,0.5,8
22,0.4949100149703509,1.0,Compliant,0.5959280119762806,HUMAN_REVIEW,0,High,0.5,8
23,0.5959280119762806,0.0,Violation,0.47674240958102454,HUMAN_REVIEW,1,High,0.5,8
24,0.47674240958102454,0.0,Violation,0.38139392766481967,HUMAN_REVIEW,1,High,0.5,8
25,0.38139392766481967,0.0,Violation,0.30511514213185575,HUMAN_REVIEW,1,High,0.5,8
26,0.30511514213185575,0.0,Violation,0.24409211370548461,HUMAN_REVIEW,1,High,0.5,8
27,0.24409211370548461,0.0,Violation,0.1952736909643877,HUMAN_REVIEW,1,High,0.5,8
28,0.1952736909643877,0.0,Violation,0.15621895277151018,HUMAN_REVIEW,1,High,0.5,8
29,0.15621895277151018,0.0,Violation,0.12497516221720815,HUMAN_REVIEW,1,High,0.5,8
30,0.12497516221720815,0.0,Violation,0.09998012977376652,HUMAN_REVIEW,1,High,0.5,8
31,0.09998012977376652,1.0,Compliant,0.2799841038190132,HUMAN_REVIEW,0,High,0.5,8
32,0.2799841038190132,0.0,Violation,0.22398728305521054,HUMAN_REVIEW,1,High,0.5,8
33,0.22398728305521054,0.0,Violation,0.17918982644416845,HUMAN_REVIEW,1,High,0.5,8
34,0.17918982644416845,1.0,Compliant,0.3433518611553347,HUMAN_REVIEW,0,High,0.5,8
35,0.3433518611553347,0.0,Violation,0.2746814889242678,HUMAN_REVIEW,1,High,0.5,8
36,0.2746814889242678,0.0,Violation,0.21974519113941426,HUMAN_REVIEW,1,High,0.5,8
37,0.21974519113941426,1.0,Compliant,0.37579615291153134,HUMAN_REVIEW,0,High,0.5,8
38,0.37579615291153134,0.0,Violation,0.3006369223292251,HUMAN_REVIEW,1,High,0.5,8
39,0.3006369223292251,0.0,Violation,0.2405095378633801,HUMAN_REVIEW,1,High,0.5,8
40,0.2405095378633801,0.0,Violation,0.1924076302907041,HUMAN_REVIEW,1,High,0.5,8
41,0.1924076302907041,0.0,Violation,0.15392610423256328,HUMAN_REVIEW,1,High,0.5,8
42,0.15392610423256328,1.0,Compliant,0.32314088338605057,HUMAN_REVIEW,0,High,0.5,8
43,0.32314088338605057,0.0,Violation,0.25851270670884047,HUMAN_REVIEW,1,High,0.5,8
44,0.25851270670884047,0.0,Violation,0.2068101653670724,HUMAN_REVIEW,1,High,0.5,8
45,0.2068101653670724,0.0,Violation,0.16544813229365793,HUMAN_REVIEW,1,High,0.5,8
46,0.16544813229365793,0.0,Violation,0.13235850583492634,HUMAN_REVIEW,1,High,0.5,8
47,0.13235850583492634,1.0,Compliant,0.30588680466794105,HUMAN_REVIEW,0,High,0.5,8
48,0.30588680466794105,0.0,Violation,0.24470944373435286,HUMAN_REVIEW,1,High,0.5,8
49,0.24470944373435286,1.0,Compliant,0.3957675549874823,HUMAN_REVIEW,0,High,0.5,8
50,0.3957675549874823,1.0,Compliant,0.5166140439899858,HUMAN_REVIEW,0,High,0.5,8
51,0.5166140439899858,0.0,Violation,0.4132912351919886,HUMAN_REVIEW,1,High,0.5,8
52,0.4132912351919886,1.0,Compliant,0.530632988153591,HUMAN_REVIEW,0,High,0.5,8
53,0.530632988153591,0.0,Violation,0.42450639052287276,HUMAN_REVIEW,1,High,0.5,8
54,0.42450639052287276,1.0,Compliant,0.5396051124182981,HUMAN_REVIEW,0,High,0.5,8
55,0.5396051124182981,1.0,Compliant,0.6316840899346385,ALLOW,0,High,0.5,8
56,0.6316840899346385,0.0,Violation,0.5053472719477109,HUMAN_REVIEW,1,High,0.5,8
57,0.5053472719477109,0.0,Violation,0.4042778175581687,HUMAN_REVIEW,1,High,0.5,8
58,0.4042778175581687,0.0,Violation,0.323422254046535,HUMAN_REVIEW,1,High,0.5,8
59,0.323422254046535,1.0,Compliant,0.45873780323722796,HUMAN_REVIEW,0,High,0.5,8
60,0.45873780323722796,1.0,Compliant,0.5669902425897824,HUMAN_REVIEW,0,High,0.5,8
61,0.5669902425897824,1.0,Compliant,0.6535921940718259,ALLOW,0,High,0.5,8
62,0.6535921940718259,0.0,Violation,0.5228737552574607,HUMAN_REVIEW,1,High,0.5,8
63,0.5228737552574607,0.0,Violation,0.4182990042059686,HUMAN_REVIEW,1,High,0.5,8
64,0.4182990042059686,0.0,Violation,0.33463920336477493,HUMAN_REVIEW,1,High,0.5,8
65,0.33463920336477493,1.0,Compliant,0.4677113626918199,HUMAN_REVIEW,0,High,0.5,8
66,0.4677113626918199,0.0,Violation,0.37416909015345595,HUMAN_REVIEW,1,High,0.5,8
67,0.37416909015345595,1.0,Compliant,0.49933527212276474,HUMAN_REVIEW,0,High,0.5,8
68,0.49933527212276474,1.0,Compliant,0.5994682176982118,HUMAN_REVIEW,0,High,0.5,8
69,0.5994682176982118,0.0,Violation,0.47957457415856947,HUMAN_REVIEW,1,High,0.5,8
70,0.47957457415856947,1.0,Compliant,0.5836596593268555,HUMAN_REVIEW,0,High,0.5,8
71,0.5836596593268555,0.0,Violation,0.4669277274614844,HUMAN_REVIEW,1,High,0.5,8
72,0.4669277274614844,1.0,Compliant,0.5735421819691875,HUMAN_REVIEW,0,High,0.5,8
73,0.5735421819691875,1.0,Compliant,0.6588337455753499,ALLOW,0,High,0.5,8
74,0.6588337455753499,0.0,Violation,0.52706699646028,HUMAN_REVIEW,1,High,0.5,8
75,0.52706699646028,0.0,Violation,0.42165359716822404,HUMAN_REVIEW,1,High,0.5,8
76,0.42165359716822404,1.0,Compliant,0.5373228777345792,HUMAN_REVIEW,0,High,0.5,8
77,0.5373228777345792,0.0,Violation,0.4298583021876634,HUMAN_REVIEW,1,High,0.5,8
78,0.4298583021876634,0.0,Violation,0.34388664175013073,HUMAN_REVIEW,1,High,0.5,8
79,0.34388664175013073,1.0,Compliant,0.47510931340010454,HUMAN_REVIEW,0,High,0.5,8
80,0.47510931340010454,1.0,Compliant,0.5800874507200836,HUMAN_REVIEW,0,High,0.5,8
81,0.5800874507200836,0.0,Violation,0.4640699605760669,HUMAN_REVIEW,1,High,0.5,8
82,0.4640699605760669,0.0,Violation,0.37125596846085357,HUMAN_REVIEW,1,High,0.5,8
83,0.37125596846085357,1.0,Compliant,0.4970047747686828,HUMAN_REVIEW,0,High,0.5,8
84,0.4970047747686828,1.0,Compliant,0.5976038198149463,HUMAN_REVIEW,0,High,0.5,8
85,0.5976038198149463,0.0,Violation,0.47808305585195704,HUMAN_REVIEW,1,High,0.5,8
86,0.47808305585195704,1.0,Compliant,0.5824664446815656,HUMAN_REVIEW,0,High,0.5,8
87,0.5824664446815656,0.0,Violation,0.4659731557452525,HUMAN_REVIEW,1,High,0.5,8
88,0.4659731557452525,0.0,Violation,0.37277852459620203,HUMAN_REVIEW,1,High,0.5,8
89,0.37277852459620203,0.0,Violation,0.2982228196769616,HUMAN_REVIEW,1,High,0.5,8
90,0.2982228196769616,1.0,Compliant,0.4385782557415693,HUMAN_REVIEW,0,High,0.5,8
91,0.4385782557415693,0.0,Violation,0.35086260459325547,HUMAN_REVIEW,1,High,0.5,8
92,0.35086260459325547,1.0,Compliant,0.48069008367460436,HUMAN_REVIEW,0,High,0.5,8
93,0.48069008367460436,1.0,Compliant,0.5845520669396835,HUMAN_REVIEW,0,High,0.5,8
94,0.5845520669396835,0.0,Violation,0.46764165355174686,HUMAN_REVIEW,1,High,0.5,8
95,0.46764165355174686,0.0,Violation,0.37411332284139753,HUMAN_REVIEW,1,High,0.5,8
96,0.37411332284139753,1.0,Compliant,0.49929065827311797,HUMAN_REVIEW,0,High,0.5,8
97,0.49929065827311797,0.0,Violation,0.3994325266184944,HUMAN_REVIEW,1,High,0.5,8
98,0.3994325266184944,0.0,Violation,0.31954602129479553,HUMAN_REVIEW,1,High,0.5,8
99,0.31954602129479553,1.0,Compliant,0.4556368170358364,HUMAN_REVIEW,0,High,0.5,8
100,0.4556368170358364,0.0,Violation,0.36450945362866916,HUMAN_REVIEW,1,High,0.5,8
1,0.8,0.0,Violation,0.6400000000000001,ALLOW,1,High,0.5,9
2,0.6400000000000001,0.0,Violation,0.5120000000000001,HUMAN_REVIEW,1,High,0.5,9
3,0.5120000000000001,0.0,Violation,0.40960000000000013,HUMAN_REVIEW,1,High,0.5,9
4,0.40960000000000013,0.0,Violation,0.32768000000000014,HUMAN_REVIEW,1,High,0.5,9
5,0.32768000000000014,1.0,Compliant,0.46214400000000005,HUMAN_REVIEW,0,High,0.5,9
6,0.46214400000000005,1.0,Compliant,0.5697152000000001,HUMAN_REVIEW,0,High,0.5,9
7,0.5697152000000001,1.0,Compliant,0.65577216,ALLOW,0,High,0.5,9
8,0.65577216,0.0,Violation,0.5246177280000001,HUMAN_REVIEW,1,High,0.5,9
9,0.5246177280000001,0.0,Violation,0.41969418240000006,HUMAN_REVIEW,1,High,0.5,9
10,0.41969418240000006,0.0,Violation,0.33575534592000006,HUMAN_REVIEW,1,High,0.5,9
11,0.33575534592000006,1.0,Compliant,0.468604276736,HUMAN_REVIEW,0,High,0.5,9
12,0.468604276736,0.0,Violation,0.37488342138880004,HUMAN_REVIEW,1,High,0.5,9
13,0.37488342138880004,1.0,Compliant,0.49990673711104,HUMAN_REVIEW,0,High,0.5,9
14,0.49990673711104,0.0,Violation,0.399925389688832,HUMAN_REVIEW,1,High,0.5,9
15,0.399925389688832,0.0,Violation,0.31994031175106563,HUMAN_REVIEW,1,High,0.5,9
16,0.31994031175106563,1.0,Compliant,0.4559522494008525,HUMAN_REVIEW,0,High,0.5,9
17,0.4559522494008525,1.0,Compliant,0.564761799520682,HUMAN_REVIEW,0,High,0.5,9
18,0.564761799520682,0.0,Violation,0.45180943961654557,HUMAN_REVIEW,1,High,0.5,9
19,0.45180943961654557,0.0,Violation,0.3614475516932365,HUMAN_REVIEW,1,High,0.5,9
20,0.3614475516932365,0.0,Violation,0.2891580413545892,HUMAN_REVIEW,1,High,0.5,9
21,0.2891580413545892,0.0,Violation,0.2313264330836714,HUMAN_REVIEW,1,High,0.5,9
22,0.2313264330836714,0.0,Violation,0.18506114646693714,HUMAN_REVIEW,1,High,0.5,9
23,0.18506114646693714,1.0,Compliant,0.3480489171735497,HUMAN_REVIEW,0,High,0.5,9
24,0.3480489171735497,1.0,Compliant,0.47843913373883973,HUMAN_REVIEW,0,High,0.5,9
25,0.47843913373883973,0.0,Violation,0.3827513069910718,HUMAN_REVIEW,1,High,0.5,9
26,0.3827513069910718,1.0,Compliant,0.5062010455928574,HUMAN_REVIEW,0,High,0.5,9
27,0.5062010455928574,0.0,Violation,0.40496083647428593,HUMAN_REVIEW,1,High,0.5,9
28,0.40496083647428593,1.0,Compliant,0.5239686691794287,HUMAN_REVIEW,0,High,0.5,9
29,0.5239686691794287,1.0,Compliant,0.619174935343543,ALLOW,0,High,0.5,9
30,0.619174935343543,0.0,Violation,0.4953399482748344,HUMAN_REVIEW,1,High,0.5,9
31,0.4953399482748344,1.0,Compliant,0.5962719586198675,HUMAN_REVIEW,0,High,0.5,9
32,0.5962719586198675,0.0,Violation,0.47701756689589403,HUMAN_REVIEW,1,High,0.5,9
33,0.47701756689589403,0.0,Violation,0.38161405351671523,HUMAN_REVIEW,1,High,0.5,9
34,0.38161405351671523,0.0,Violation,0.3052912428133722,HUMAN_REVIEW,1,High,0.5,9
35,0.3052912428133722,1.0,Compliant,0.44423299425069773,HUMAN_REVIEW,0,High,0.5,9
36,0.44423299425069773,1.0,Compliant,0.5553863954005582,HUMAN_REVIEW,0,High,0.5,9
37,0.5553863954005582,1.0,Compliant,0.6443091163204466,ALLOW,0,High,0.5,9
38,0.6443091163204466,1.0,Compliant,0.7154472930563572,ALLOW,0,High,0.5,9
39,0.7154472930563572,1.0,Compliant,0.7723578344450858,ALLOW,0,High,0.5,9
40,0.7723578344450858,1.0,Compliant,0.8178862675560686,ALLOW,0,High,0.5,9
41,0.8178862675560686,1.0,Compliant,0.8543090140448549,ALLOW,0,High,0.5,9
42,0.8543090140448549,1.0,Compliant,0.883447211235884,ALLOW,0,High,0.5,9
43,0.883447211235884,1.0,Compliant,0.9067577689887072,ALLOW,0,High,0.5,9
44,0.9067577689887072,1.0,Compliant,0.9254062151909658,ALLOW,0,High,0.5,9
45,0.9254062151909658,1.0,Compliant,0.9403249721527727,ALLOW,0,High,0.5,9
46,0.9403249721527727,0.0,Violation,0.7522599777222182,ALLOW,1,High,0.5,9
47,0.7522599777222182,1.0,Compliant,0.8018079821777746,ALLOW,0,High,0.5,9
48,0.8018079821777746,0.0,Violation,0.6414463857422197,ALLOW,1,High,0.5,9
49,0.6414463857422197,1.0,Compliant,0.7131571085937757,ALLOW,0,High,0.5,9
50,0.7131571085937757,0.0,Violation,0.5705256868750206,HUMAN_REVIEW,1,High,0.5,9
51,0.5705256868750206,1.0,Compliant,0.6564205495000164,ALLOW,0,High,0.5,9
52,0.6564205495000164,0.0,Violation,0.5251364396000131,HUMAN_REVIEW,1,High,0.5,9
53,0.5251364396000131,1.0,Compliant,0.6201091516800105,ALLOW,0,High,0.5,9
54,0.6201091516800105,0.0,Violation,0.4960873213440084,HUMAN_REVIEW,1,High,0.5,9
55,0.4960873213440084,1.0,Compliant,0.5968698570752067,HUMAN_REVIEW,0,High,0.5,9
56,0.5968698570752067,1.0,Compliant,0.6774958856601654,ALLOW,0,High,0.5,9
57,0.6774958856601654,0.0,Violation,0.5419967085281323,HUMAN_REVIEW,1,High,0.5,9
58,0.5419967085281323,0.0,Violation,0.4335973668225059,HUMAN_REVIEW,1,High,0.5,9
59,0.4335973668225059,1.0,Compliant,0.5468778934580047,HUMAN_REVIEW,0,High,0.5,9
60,0.5468778934580047,0.0,Violation,0.43750231476640383,HUMAN_REVIEW,1,High,0.5,9
61,0.43750231476640383,0.0,Violation,0.3500018518131231,HUMAN_REVIEW,1,High,0.5,9
62,0.3500018518131231,0.0,Violation,0.28000148145049847,HUMAN_REVIEW,1,High,0.5,9
63,0.28000148145049847,0.0,Violation,0.2240011851603988,HUMAN_REVIEW,1,High,0.5,9
64,0.2240011851603988,1.0,Compliant,0.379200948128319,HUMAN_REVIEW,0,High,0.5,9
65,0.379200948128319,0.0,Violation,0.3033607585026552,HUMAN_REVIEW,1,High,0.5,9
66,0.3033607585026552,0.0,Violation,0.24268860680212417,HUMAN_REVIEW,1,High,0.5,9
67,0.24268860680212417,0.0,Violation,0.19415088544169934,HUMAN_REVIEW,1,High,0.5,9
68,0.19415088544169934,1.0,Compliant,0.35532070835335944,HUMAN_REVIEW,0,High,0.5,9
69,0.35532070835335944,0.0,Violation,0.28425656668268756,HUMAN_REVIEW,1,High,0.5,9
70,0.28425656668268756,1.0,Compliant,0.42740525334615,HUMAN_REVIEW,0,High,0.5,9
71,0.42740525334615,0.0,Violation,0.34192420267692003,HUMAN_REVIEW,1,High,0.5,9
72,0.34192420267692003,1.0,Compliant,0.47353936214153597,HUMAN_REVIEW,0,High,0.5,9
73,0.47353936214153597,1.0,Compliant,0.5788314897132287,HUMAN_REVIEW,0,High,0.5,9
74,0.5788314897132287,0.0,Violation,0.46306519177058303,HUMAN_REVIEW,1,High,0.5,9
75,0.46306519177058303,1.0,Compliant,0.5704521534164664,HUMAN_REVIEW,0,High,0.5,9
76,0.5704521534164664,0.0,Violation,0.4563617227331731,HUMAN_REVIEW,1,High,0.5,9
77,0.4563617227331731,0.0,Violation,0.3650893781865385,HUMAN_REVIEW,1,High,0.5,9
78,0.3650893781865385,0.0,Violation,0.2920715025492308,HUMAN_REVIEW,1,High,0.5,9
79,0.2920715025492308,1.0,Compliant,0.4336572020393846,HUMAN_REVIEW,0,High,0.5,9
80,0.4336572020393846,0.0,Violation,0.34692576163150773,HUMAN_REVIEW,1,High,0.5,9
81,0.34692576163150773,1.0,Compliant,0.47754060930520614,HUMAN_REVIEW,0,High,0.5,9
82,0.47754060930520614,0.0,Violation,0.38203248744416496,HUMAN_REVIEW,1,High,0.5,9
83,0.38203248744416496,1.0,Compliant,0.5056259899553319,HUMAN_REVIEW,0,High,0.5,9
84,0.5056259899553319,1.0,Compliant,0.6045007919642655,ALLOW,0,High,0.5,9
85,0.6045007919642655,0.0,Violation,0.4836006335714125,HUMAN_REVIEW,1,High,0.5,9
86,0.4836006335714125,0.0,Violation,0.38688050685713,HUMAN_REVIEW,1,High,0.5,9
87,0.38688050685713,1.0,Compliant,0.509504405485704,HUMAN_REVIEW,0,High,0.5,9
88,0.509504405485704,1.0,Compliant,0.6076035243885631,ALLOW,0,High,0.5,9
89,0.6076035243885631,1.0,Compliant,0.6860828195108505,ALLOW,0,High,0.5,9
90,0.6860828195108505,1.0,Compliant,0.7488662556086804,ALLOW,0,High,0.5,9
91,0.7488662556086804,1.0,Compliant,0.7990930044869443,ALLOW,0,High,0.5,9
92,0.7990930044869443,0.0,Violation,0.6392744035895555,ALLOW,1,High,0.5,9
93,0.6392744035895555,0.0,Violation,0.5114195228716444,HUMAN_REVIEW,1,High,0.5,9
94,0.5114195228716444,1.0,Compliant,0.6091356182973156,ALLOW,0,High,0.5,9
95,0.6091356182973156,0.0,Violation,0.4873084946378525,HUMAN_REVIEW,1,High,0.5,9
96,0.4873084946378525,1.0,Compliant,0.589846795710282,HUMAN_REVIEW,0,High,0.5,9
97,0.589846795710282,0.0,Violation,0.4718774365682256,HUMAN_REVIEW,1,High,0.5,9
98,0.4718774365682256,0.0,Violation,0.3775019492545805,HUMAN_REVIEW,1,High,0.5,9
99,0.3775019492545805,0.0,Violation,0.30200155940366447,HUMAN_REVIEW,1,High,0.5,9
100,0.30200155940366447,1.0,Compliant,0.4416012475229315,HUMAN_REVIEW,0,High,0.5,9
1,0.8,0.0,Violation,0.6400000000000001,ALLOW,1,High,0.5,10
2,0.6400000000000001,1.0,Compliant,0.7120000000000001,ALLOW,0,High,0.5,10
3,0.7120000000000001,1.0,Compliant,0.7696000000000001,ALLOW,0,High,0.5,10
4,0.7696000000000001,1.0,Compliant,0.8156800000000001,ALLOW,0,High,0.5,10
5,0.8156800000000001,1.0,Compliant,0.8525440000000001,ALLOW,0,High,0.5,10
6,0.8525440000000001,1.0,Compliant,0.8820352,ALLOW,0,High,0.5,10
7,0.8820352,0.0,Violation,0.7056281600000001,ALLOW,1,High,0.5,10
8,0.7056281600000001,1.0,Compliant,0.7645025280000001,ALLOW,0,High,0.5,10
9,0.7645025280000001,0.0,Violation,0.6116020224000001,ALLOW,1,High,0.5,10
10,0.6116020224000001,1.0,Compliant,0.6892816179200001,ALLOW,0,High,0.5,10
11,0.6892816179200001,0.0,Violation,0.5514252943360001,HUMAN_REVIEW,1,High,0.5,10
12,0.5514252943360001,1.0,Compliant,0.6411402354688001,ALLOW,0,High,0.5,10
13,0.6411402354688001,0.0,Violation,0.51291218837504,HUMAN_REVIEW,1,High,0.5,10
14,0.51291218837504,1.0,Compliant,0.610329750700032,ALLOW,0,High,0.5,10
15,0.610329750700032,1.0,Compliant,0.6882638005600257,ALLOW,0,High,0.5,10
16,0.6882638005600257,1.0,Compliant,0.7506110404480205,ALLOW,0,High,0.5,10
17,0.7506110404480205,1.0,Compliant,0.8004888323584164,ALLOW,0,High,0.5,10
18,0.8004888323584164,0.0,Violation,0.6403910658867331,ALLOW,1,High,0.5,10
19,0.6403910658867331,0.0,Violation,0.5123128527093865,HUMAN_REVIEW,1,High,0.5,10
20,0.5123128527093865,0.0,Violation,0.40985028216750924,HUMAN_REVIEW,1,High,0.5,10
21,0.40985028216750924,1.0,Compliant,0.5278802257340074,HUMAN_REVIEW,0,High,0.5,10
22,0.5278802257340074,1.0,Compliant,0.6223041805872058,ALLOW,0,High,0.5,10
23,0.6223041805872058,0.0,Violation,0.4978433444697647,HUMAN_REVIEW,1,High,0.5,10
24,0.4978433444697647,0.0,Violation,0.39827467557581175,HUMAN_REVIEW,1,High,0.5,10
25,0.39827467557581175,0.0,Violation,0.31861974046064945,HUMAN_REVIEW,1,High,0.5,10
26,0.31861974046064945,0.0,Violation,0.25489579236851956,HUMAN_REVIEW,1,High,0.5,10
27,0.25489579236851956,0.0,Violation,0.20391663389481565,HUMAN_REVIEW,1,High,0.5,10
28,0.20391663389481565,0.0,Violation,0.16313330711585253,HUMAN_REVIEW,1,High,0.5,10
29,0.16313330711585253,0.0,Violation,0.13050664569268203,HUMAN_REVIEW,1,High,0.5,10
30,0.13050664569268203,0.0,Violation,0.10440531655414563,HUMAN_REVIEW,1,High,0.5,10
31,0.10440531655414563,1.0,Compliant,0.2835242532433165,HUMAN_REVIEW,0,High,0.5,10
32,0.2835242532433165,1.0,Compliant,0.4268194025946531,HUMAN_REVIEW,0,High,0.5,10
33,0.4268194025946531,0.0,Violation,0.3414555220757225,HUMAN_REVIEW,1,High,0.5,10
34,0.3414555220757225,0.0,Violation,0.27316441766057803,HUMAN_REVIEW,1,High,0.5,10
35,0.27316441766057803,1.0,Compliant,0.4185315341284624,HUMAN_REVIEW,0,High,0.5,10
36,0.4185315341284624,0.0,Violation,0.3348252273027699,HUMAN_REVIEW,1,High,0.5,10
37,0.3348252273027699,0.0,Violation,0.26786018184221594,HUMAN_REVIEW,1,High,0.5,10
38,0.26786018184221594,0.0,Violation,0.21428814547377276,HUMAN_REVIEW,1,High,0.5,10
39,0.21428814547377276,0.0,Violation,0.1714305163790182,HUMAN_REVIEW,1,High,0.5,10
40,0.1714305163790182,1.0,Compliant,0.3371444131032145,HUMAN_REVIEW,0,High,0.5,10
41,0.3371444131032145,0.0,Violation,0.26971553048257163,HUMAN_REVIEW,1,High,0.5,10
42,0.26971553048257163,1.0,Compliant,0.41577242438605727,HUMAN_REVIEW,0,High,0.5,10
43,0.41577242438605727,1.0,Compliant,0.5326179395088457,HUMAN_REVIEW,0,High,0.5,10
44,0.5326179395088457,1.0,Compliant,0.6260943516070765,ALLOW,0,High,0.5,10
45,0.6260943516070765,1.0,Compliant,0.7008754812856611,ALLOW,0,High,0.5,10
46,0.7008754812856611,1.0,Compliant,0.7607003850285289,ALLOW,0,High,0.5,10
47,0.7607003850285289,1.0,Compliant,0.8085603080228231,ALLOW,0,High,0.5,10
48,0.8085603080228231,1.0,Compliant,0.8468482464182585,ALLOW,0,High,0.5,10
49,0.8468482464182585,0.0,Violation,0.6774785971346069,ALLOW,1,High,0.5,10
50,0.6774785971346069,0.0,Violation,0.5419828777076855,HUMAN_REVIEW,1,High,0.5,10
51,0.5419828777076855,1.0,Compliant,0.6335863021661483,ALLOW,0,High,0.5,10
52,0.6335863021661483,0.0,Violation,0.5068690417329187,HUMAN_REVIEW,1,High,0.5,10
53,0.5068690417329187,1.0,Compliant,0.6054952333863349,ALLOW,0,High,0.5,10
54,0.6054952333863349,1.0,Compliant,0.684396186709068,ALLOW,0,High,0.5,10
55,0.684396186709068,1.0,Compliant,0.7475169493672543,ALLOW,0,High,0.5,10
56,0.7475169493672543,1.0,Compliant,0.7980135594938035,ALLOW,0,High,0.5,10
57,0.7980135594938035,0.0,Violation,0.6384108475950429,ALLOW,1,High,0.5,10
58,0.6384108475950429,0.0,Violation,0.5107286780760343,HUMAN_REVIEW,1,High,0.5,10
59,0.5107286780760343,1.0,Compliant,0.6085829424608273,ALLOW,0,High,0.5,10
60,0.6085829424608273,1.0,Compliant,0.6868663539686619,ALLOW,0,High,0.5,10
61,0.6868663539686619,1.0,Compliant,0.7494930831749295,ALLOW,0,High,0.5,10
62,0.7494930831749295,1.0,Compliant,0.7995944665399436,ALLOW,0,High,0.5,10
63,0.7995944665399436,1.0,Compliant,0.8396755732319549,ALLOW,0,High,0.5,10
64,0.8396755732319549,1.0,Compliant,0.8717404585855639,ALLOW,0,High,0.5,10
65,0.8717404585855639,1.0,Compliant,0.8973923668684511,ALLOW,0,High,0.5,10
66,0.8973923668684511,1.0,Compliant,0.9179138934947609,ALLOW,0,High,0.5,10
67,0.9179138934947609,0.0,Violation,0.7343311147958088,ALLOW,1,High,0.5,10
68,0.7343311147958088,0.0,Violation,0.5874648918366471,HUMAN_REVIEW,1,High,0.5,10
69,0.5874648918366471,0.0,Violation,0.46997191346931766,HUMAN_REVIEW,1,High,0.5,10
70,0.46997191346931766,1.0,Compliant,0.5759775307754541,HUMAN_REVIEW,0,High,0.5,10
71,0.5759775307754541,0.0,Violation,0.46078202462036333,HUMAN_REVIEW,1,High,0.5,10
72,0.46078202462036333,0.0,Violation,0.3686256196962907,HUMAN_REVIEW,1,High,0.5,10
73,0.3686256196962907,0.0,Violation,0.2949004957570326,HUMAN_REVIEW,1,High,0.5,10
74,0.2949004957570326,1.0,Compliant,0.43592039660562604,HUMAN_REVIEW,0,High,0.5,10
75,0.43592039660562604,1.0,Compliant,0.5487363172845008,HUMAN_REVIEW,0,High,0.5,10
76,0.5487363172845008,1.0,Compliant,0.6389890538276006,ALLOW,0,High,0.5,10
77,0.6389890538276006,1.0,Compliant,0.7111912430620805,ALLOW,0,High,0.5,10
78,0.7111912430620805,0.0,Violation,0.5689529944496644,HUMAN_REVIEW,1,High,0.5,10
79,0.5689529944496644,1.0,Compliant,0.6551623955597314,ALLOW,0,High,0.5,10
80,0.6551623955597314,0.0,Violation,0.5241299164477852,HUMAN_REVIEW,1,High,0.5,10
81,0.5241299164477852,1.0,Compliant,0.6193039331582282,ALLOW,0,High,0.5,10
82,0.6193039331582282,0.0,Violation,0.49544314652658256,HUMAN_REVIEW,1,High,0.5,10
83,0.49544314652658256,1.0,Compliant,0.5963545172212661,HUMAN_REVIEW,0,High,0.5,10
84,0.5963545172212661,0.0,Violation,0.4770836137770129,HUMAN_REVIEW,1,High,0.5,10
85,0.4770836137770129,0.0,Violation,0.38166689102161033,HUMAN_REVIEW,1,High,0.5,10
86,0.38166689102161033,0.0,Violation,0.30533351281728827,HUMAN_REVIEW,1,High,0.5,10
87,0.30533351281728827,1.0,Compliant,0.4442668102538306,HUMAN_REVIEW,0,High,0.5,10
88,0.4442668102538306,1.0,Compliant,0.5554134482030644,HUMAN_REVIEW,0,High,0.5,10
89,0.5554134482030644,1.0,Compliant,0.6443307585624515,ALLOW,0,High,0.5,10
90,0.6443307585624515,0.0,Violation,0.5154646068499612,HUMAN_REVIEW,1,High,0.5,10
91,0.5154646068499612,0.0,Violation,0.412371685479969,HUMAN_REVIEW,1,High,0.5,10
92,0.412371685479969,1.0,Compliant,0.5298973483839752,HUMAN_REVIEW,0,High,0.5,10
93,0.5298973483839752,0.0,Violation,0.4239178787071802,HUMAN_REVIEW,1,High,0.5,10
94,0.4239178787071802,1.0,Compliant,0.539134302965744,HUMAN_REVIEW,0,High,0.5,10
95,0.539134302965744,0.0,Violation,0.4313074423725953,HUMAN_REVIEW,1,High,0.5,10
96,0.4313074423725953,1.0,Compliant,0.5450459538980762,HUMAN_REVIEW,0,High,0.5,10
97,0.5450459538980762,1.0,Compliant,0.6360367631184609,ALLOW,0,High,0.5,10
98,0.6360367631184609,1.0,Compliant,0.7088294104947687,ALLOW,0,High,0.5,10
99,0.7088294104947687,1.0,Compliant,0.7670635283958149,ALLOW,0,High,0.5,10
100,0.7670635283958149,0.0,Violation,0.613650822716652,ALLOW,1,High,0.5,10
1,0.8,0.0,Violation,0.6400000000000001,ALLOW,1,High,0.5,11
2,0.6400000000000001,1.0,Compliant,0.7120000000000001,ALLOW,0,High,0.5,11
3,0.7120000000000001,0.0,Violation,0.5696000000000001,HUMAN_REVIEW,1,High,0.5,11
4,0.5696000000000001,0.0,Violation,0.4556800000000001,HUMAN_REVIEW,1,High,0.5,11
5,0.4556800000000001,0.0,Violation,0.3645440000000001,HUMAN_REVIEW,1,High,0.5,11
6,0.3645440000000001,0.0,Violation,0.2916352000000001,HUMAN_REVIEW,1,High,0.5,11
7,0.2916352000000001,0.0,Violation,0.2333081600000001,HUMAN_REVIEW,1,High,0.5,11
8,0.2333081600000001,1.0,Compliant,0.38664652800000004,HUMAN_REVIEW,0,High,0.5,11
9,0.38664652800000004,1.0,Compliant,0.5093172224,HUMAN_REVIEW,0,High,0.5,11
10,0.5093172224,1.0,Compliant,0.60745377792,ALLOW,0,High,0.5,11
11,0.60745377792,0.0,Violation,0.48596302233600003,HUMAN_REVIEW,1,High,0.5,11
12,0.48596302233600003,0.0,Violation,0.38877041786880007,HUMAN_REVIEW,1,High,0.5,11
13,0.38877041786880007,0.0,Violation,0.31101633429504005,HUMAN_REVIEW,1,High,0.5,11
14,0.31101633429504005,1.0,Compliant,0.448813067436032,HUMAN_REVIEW,0,High,0.5,11
15,0.448813067436032,0.0,Violation,0.3590504539488256,HUMAN_REVIEW,1,High,0.5,11
16,0.3590504539488256,1.0,Compliant,0.48724036315906044,HUMAN_REVIEW,0,High,0.5,11
17,0.48724036315906044,0.0,Violation,0.3897922905272484,HUMAN_REVIEW,1,High,0.5,11
18,0.3897922905272484,0.0,Violation,0.31183383242179874,HUMAN_REVIEW,1,High,0.5,11
19,0.31183383242179874,1.0,Compliant,0.44946706593743896,HUMAN_REVIEW,0,High,0.5,11
20,0.44946706593743896,1.0,Compliant,0.5595736527499511,HUMAN_REVIEW,0,High,0.5,11
21,0.5595736527499511,0.0,Violation,0.4476589221999609,HUMAN_REVIEW,1,High,0.5,11
22,0.4476589221999609,1.0,Compliant,0.5581271377599687,HUMAN_REVIEW,0,High,0.5,11
23,0.5581271377599687,0.0,Violation,0.44650171020797497,HUMAN_REVIEW,1,High,0.5,11
24,0.44650171020797497,1.0,Compliant,0.5572013681663799,HUMAN_REVIEW,0,High,0.5,11
25,0.5572013681663799,0.0,Violation,0.4457610945331039,HUMAN_REVIEW,1,High,0.5,11
26,0.4457610945331039,1.0,Compliant,0.5566088756264831,HUMAN_REVIEW,0,High,0.5,11
27,0.5566088756264831,0.0,Violation,0.4452871005011865,HUMAN_REVIEW,1,High,0.5,11
28,0.4452871005011865,0.0,Violation,0.3562296804009492,HUMAN_REVIEW,1,High,0.5,11
29,0.3562296804009492,1.0,Compliant,0.48498374432075936,HUMAN_REVIEW,0,High,0.5,11
30,0.48498374432075936,0.0,Violation,0.38798699545660753,HUMAN_REVIEW,1,High,0.5,11
31,0.38798699545660753,0.0,Violation,0.31038959636528607,HUMAN_REVIEW,1,High,0.5,11
32,0.31038959636528607,0.0,Violation,0.24831167709222887,HUMAN_REVIEW,1,High,0.5,11
33,0.24831167709222887,0.0,Violation,0.19864934167378312,HUMAN_REVIEW,1,High,0.5,11
34,0.19864934167378312,0.0,Violation,0.1589194733390265,HUMAN_REVIEW,1,High,0.5,11
35,0.1589194733390265,0.0,Violation,0.12713557867122122,HUMAN_REVIEW,1,High,0.5,11
36,0.12713557867122122,1.0,Compliant,0.30170846293697695,HUMAN_REVIEW,0,High,0.5,11
37,0.30170846293697695,1.0,Compliant,0.4413667703495815,HUMAN_REVIEW,0,High,0.5,11
38,0.4413667703495815,1.0,Compliant,0.5530934162796652,HUMAN_REVIEW,0,High,0.5,11
39,0.5530934162796652,0.0,Violation,0.4424747330237322,HUMAN_REVIEW,1,High,0.5,11
40,0.4424747330237322,0.0,Violation,0.35397978641898575,HUMAN_REVIEW,1,High,0.5,11
41,0.35397978641898575,1.0,Compliant,0.4831838291351886,HUMAN_REVIEW,0,High,0.5,11
42,0.4831838291351886,1.0,Compliant,0.5865470633081509,HUMAN_REVIEW,0,High,0.5,11
43,0.5865470633081509,1.0,Compliant,0.6692376506465207,ALLOW,0,High,0.5,11
44,0.6692376506465207,0.0,Violation,0.5353901205172166,HUMAN_REVIEW,1,High,0.5,11
45,0.5353901205172166,0.0,Violation,0.42831209641377327,HUMAN_REVIEW,1,High,0.5,11
46,0.42831209641377327,1.0,Compliant,0.5426496771310185,HUMAN_REVIEW,0,High,0.5,11
47,0.5426496771310185,0.0,Violation,0.4341197417048148,HUMAN_REVIEW,1,High,0.5,11
48,0.4341197417048148,0.0,Violation,0.34729579336385186,HUMAN_REVIEW,1,High,0.5,11
49,0.34729579336385186,0.0,Violation,0.2778366346910815,HUMAN_REVIEW,1,High,0.5,11
50,0.2778366346910815,1.0,Compliant,0.4222693077528652,HUMAN_REVIEW,0,High,0.5,11
51,0.4222693077528652,1.0,Compliant,0.5378154462022922,HUMAN_REVIEW,0,High,0.5,11
52,0.5378154462022922,0.0,Violation,0.4302523569618337,HUMAN_REVIEW,1,High,0.5,11
53,0.4302523569618337,0.0,Violation,0.344201885569467,HUMAN_REVIEW,1,High,0.5,11
54,0.344201885569467,0.0,Violation,0.2753615084555736,HUMAN_REVIEW,1,High,0.5,11
55,0.2753615084555736,1.0,Compliant,0.42028920676445886,HUMAN_REVIEW,0,High,0.5,11
56,0.42028920676445886,0.0,Violation,0.3362313654115671,HUMAN_REVIEW,1,High,0.5,11
57,0.3362313654115671,1.0,Compliant,0.46898509232925367,HUMAN_REVIEW,0,High,0.5,11
58,0.46898509232925367,0.0,Violation,0.37518807386340297,HUMAN_REVIEW,1,High,0.5,11
59,0.37518807386340297,0.0,Violation,0.3001504590907224,HUMAN_REVIEW,1,High,0.5,11
60,0.3001504590907224,1.0,Compliant,0.44012036727257786,HUMAN_REVIEW,0,High,0.5,11
61,0.44012036727257786,1.0,Compliant,0.5520962938180622,HUMAN_REVIEW,0,High,0.5,11
62,0.5520962938180622,0.0,Violation,0.44167703505444983,HUMAN_REVIEW,1,High,0.5,11
63,0.44167703505444983,1.0,Compliant,0.5533416280435599,HUMAN_REVIEW,0,High,0.5,11
64,0.5533416280435599,1.0,Compliant,0.6426733024348479,ALLOW,0,High,0.5,11
65,0.6426733024348479,0.0,Violation,0.5141386419478783,HUMAN_REVIEW,1,High,0.5,11
66,0.5141386419478783,0.0,Violation,0.4113109135583026,HUMAN_REVIEW,1,High,0.5,11
67,0.4113109135583026,1.0,Compliant,0.5290487308466421,HUMAN_REVIEW,0,High,0.5,11
68,0.5290487308466421,0.0,Violation,0.4232389846773137,HUMAN_REVIEW,1,High,0.5,11
69,0.4232389846773137,1.0,Compliant,0.538591187741851,HUMAN_REVIEW,0,High,0.5,11
70,0.538591187741851,0.0,Violation,0.4308729501934808,HUMAN_REVIEW,1,High,0.5,11
71,0.4308729501934808,0.0,Violation,0.34469836015478467,HUMAN_REVIEW,1,High,0.5,11
72,0.34469836015478467,0.0,Violation,0.27575868812382776,HUMAN_REVIEW,1,High,0.5,11
73,0.27575868812382776,1.0,Compliant,0.42060695049906216,HUMAN_REVIEW,0,High,0.5,11
74,0.42060695049906216,0.0,Violation,0.33648556039924976,HUMAN_REVIEW,1,High,0.5,11
75,0.33648556039924976,1.0,Compliant,0.46918844831939976,HUMAN_REVIEW,0,High,0.5,11
76,0.46918844831939976,1.0,Compliant,0.5753507586555198,HUMAN_REVIEW,0,High,0.5,11
77,0.5753507586555198,0.0,Violation,0.46028060692441586,HUMAN_REVIEW,1,High,0.5,11
78,0.46028060692441586,0.0,Violation,0.3682244855395327,HUMAN_REVIEW,1,High,0.5,11
79,0.3682244855395327,0.0,Violation,0.2945795884316262,HUMAN_REVIEW,1,High,0.5,11
80,0.2945795884316262,0.0,Violation,0.23566367074530095,HUMAN_REVIEW,1,High,0.5,11
81,0.23566367074530095,1.0,Compliant,0.3885309365962407,HUMAN_REVIEW,0,High,0.5,11
82,0.3885309365962407,0.0,Violation,0.3108247492769926,HUMAN_REVIEW,1,High,0.5,11
83,0.3108247492769926,0.0,Violation,0.2486597994215941,HUMAN_REVIEW,1,High,0.5,11
84,0.2486597994215941,0.0,Violation,0.1989278395372753,HUMAN_REVIEW,1,High,0.5,11
85,0.1989278395372753,1.0,Compliant,0.3591422716298202,HUMAN_REVIEW,0,High,0.5,11
86,0.3591422716298202,0.0,Violation,0.2873138173038562,HUMAN_REVIEW,1,High,0.5,11
87,0.2873138173038562,1.0,Compliant,0.4298510538430849,HUMAN_REVIEW,0,High,0.5,11
88,0.4298510538430849,0.0,Violation,0.343880843074468,HUMAN_REVIEW,1,High,0.5,11
89,0.343880843074468,0.0,Violation,0.27510467445957437,HUMAN_REVIEW,1,High,0.5,11
90,0.27510467445957437,1.0,Compliant,0.42008373956765943,HUMAN_REVIEW,0,High,0.5,11
91,0.42008373956765943,0.0,Violation,0.33606699165412757,HUMAN_REVIEW,1,High,0.5,11
92,0.33606699165412757,0.0,Violation,0.26885359332330205,HUMAN_REVIEW,1,High,0.5,11
93,0.26885359332330205,1.0,Compliant,0.4150828746586416,HUMAN_REVIEW,0,High,0.5,11
94,0.4150828746586416,1.0,Compliant,0.5320662997269132,HUMAN_REVIEW,0,High,0.5,11
95,0.5320662997269132,1.0,Compliant,0.6256530397815305,ALLOW,0,High,0.5,11
96,0.6256530397815305,1.0,Compliant,0.7005224318252244,ALLOW,0,High,0.5,11
97,0.7005224318252244,0.0,Violation,0.5604179454601795,HUMAN_REVIEW,1,High,0.5,11
98,0.5604179454601795,1.0,Compliant,0.6483343563681436,ALLOW,0,High,0.5,11
99,0.6483343563681436,0.0,Violation,0.5186674850945149,HUMAN_REVIEW,1,High,0.5,11
100,0.5186674850945149,0.0,Violation,0.41493398807561194,HUMAN_REVIEW,1,High,0.5,11
1,0.8,0.0,Violation,0.6400000000000001,ALLOW,1,High,0.5,12
2,0.6400000000000001,1.0,Compliant,0.7120000000000001,ALLOW,0,High,0.5,12
3,0.7120000000000001,0.0,Violation,0.5696000000000001,HUMAN_REVIEW,1,High,0.5,12
4,0.5696000000000001,1.0,Compliant,0.65568,ALLOW,0,High,0.5,12
5,0.65568,0.0,Violation,0.524544,HUMAN_REVIEW,1,High,0.5,12
6,0.524544,1.0,Compliant,0.6196352,ALLOW,0,High,0.5,12
7,0.6196352,1.0,Compliant,0.69570816,ALLOW,0,High,0.5,12
8,0.69570816,0.0,Violation,0.5565665280000001,HUMAN_REVIEW,1,High,0.5,12
9,0.5565665280000001,1.0,Compliant,0.6452532224,ALLOW,0,High,0.5,12
10,0.6452532224,1.0,Compliant,0.71620257792,ALLOW,0,High,0.5,12
11,0.71620257792,1.0,Compliant,0.772962062336,ALLOW,0,High,0.5,12
12,0.772962062336,0.0,Violation,0.6183696498688,ALLOW,1,High,0.5,12
13,0.6183696498688,0.0,Violation,0.4946957198950401,HUMAN_REVIEW,1,High,0.5,12
14,0.4946957198950401,1.0,Compliant,0.595756575916032,HUMAN_REVIEW,0,High,0.5,12
15,0.595756575916032,1.0,Compliant,0.6766052607328257,ALLOW,0,High,0.5,12
16,0.6766052607328257,0.0,Violation,0.5412842085862606,HUMAN_REVIEW,1,High,0.5,12
17,0.5412842085862606,0.0,Violation,0.4330273668690085,HUMAN_REVIEW,1,High,0.5,12
18,0.4330273668690085,0.0,Violation,0.3464218934952068,HUMAN_REVIEW,1,High,0.5,12
19,0.3464218934952068,0.0,Violation,0.27713751479616544,HUMAN_REVIEW,1,High,0.5,12
20,0.27713751479616544,1.0,Compliant,0.42171001183693235,HUMAN_REVIEW,0,High,0.5,12
21,0.42171001183693235,1.0,Compliant,0.5373680094695459,HUMAN_REVIEW,0,High,0.5,12
22,0.5373680094695459,1.0,Compliant,0.6298944075756367,ALLOW,0,High,0.5,12
23,0.6298944075756367,1.0,Compliant,0.7039155260605093,ALLOW,0,High,0.5,12
24,0.7039155260605093,0.0,Violation,0.5631324208484075,HUMAN_REVIEW,1,High,0.5,12
25,0.5631324208484075,1.0,Compliant,0.650505936678726,ALLOW,0,High,0.5,12
26,0.650505936678726,0.0,Violation,0.5204047493429809,HUMAN_REVIEW,1,High,0.5,12
27,0.5204047493429809,0.0,Violation,0.4163237994743847,HUMAN_REVIEW,1,High,0.5,12
28,0.4163237994743847,1.0,Compliant,0.5330590395795077,HUMAN_REVIEW,0,High,0.5,12
29,0.5330590395795077,0.0,Violation,0.4264472316636062,HUMAN_REVIEW,1,High,0.5,12
30,0.4264472316636062,0.0,Violation,0.341157785330885,HUMAN_REVIEW,1,High,0.5,12
31,0.341157785330885,0.0,Violation,0.27292622826470797,HUMAN_REVIEW,1,High,0.5,12
32,0.27292622826470797,1.0,Compliant,0.41834098261176633,HUMAN_REVIEW,0,High,0.5,12
33,0.41834098261176633,0.0,Violation,0.3346727860894131,HUMAN_REVIEW,1,High,0.5,12
34,0.3346727860894131,1.0,Compliant,0.46773822887153044,HUMAN_REVIEW,0,High,0.5,12
35,0.46773822887153044,1.0,Compliant,0.5741905830972243,HUMAN_REVIEW,0,High,0.5,12
36,0.5741905830972243,1.0,Compliant,0.6593524664777795,ALLOW,0,High,0.5,12
37,0.6593524664777795,0.0,Violation,0.5274819731822236,HUMAN_REVIEW,1,High,0.5,12
38,0.5274819731822236,0.0,Violation,0.4219855785457789,HUMAN_REVIEW,1,High,0.5,12
39,0.4219855785457789,1.0,Compliant,0.5375884628366231,HUMAN_REVIEW,0,High,0.5,12
40,0.5375884628366231,1.0,Compliant,0.6300707702692985,ALLOW,0,High,0.5,12
41,0.6300707702692985,0.0,Violation,0.5040566162154388,HUMAN_REVIEW,1,High,0.5,12
42,0.5040566162154388,1.0,Compliant,0.6032452929723511,ALLOW,0,High,0.5,12
43,0.6032452929723511,0.0,Violation,0.4825962343778809,HUMAN_REVIEW,1,High,0.5,12
44,0.4825962343778809,0.0,Violation,0.38607698750230474,HUMAN_REVIEW,1,High,0.5,12
45,0.38607698750230474,0.0,Violation,0.3088615900018438,HUMAN_REVIEW,1,High,0.5,12
46,0.3088615900018438,0.0,Violation,0.24708927200147507,HUMAN_REVIEW,1,High,0.5,12
47,0.24708927200147507,1.0,Compliant,0.39767141760118,HUMAN_REVIEW,0,High,0.5,12
48,0.39767141760118,0.0,Violation,0.318137134080944,HUMAN_REVIEW,1,High,0.5,12
49,0.318137134080944,1.0,Compliant,0.4545097072647552,HUMAN_REVIEW,0,High,0.5,12
50,0.4545097072647552,0.0,Violation,0.3636077658118042,HUMAN_REVIEW,1,High,0.5,12
51,0.3636077658118042,0.0,Violation,0.29088621264944337,HUMAN_REVIEW,1,High,0.5,12
52,0.29088621264944337,1.0,Compliant,0.43270897011955467,HUMAN_REVIEW,0,High,0.5,12
53,0.43270897011955467,0.0,Violation,0.34616717609564374,HUMAN_REVIEW,1,High,0.5,12
54,0.34616717609564374,0.0,Violation,0.276933740876515,HUMAN_REVIEW,1,High,0.5,12
55,0.276933740876515,1.0,Compliant,0.421546992701212,HUMAN_REVIEW,0,High,0.5,12
56,0.421546992701212,1.0,Compliant,0.5372375941609695,HUMAN_REVIEW,0,High,0.5,12
57,0.5372375941609695,0.0,Violation,0.4297900753287756,HUMAN_REVIEW,1,High,0.5,12
58,0.4297900753287756,0.0,Violation,0.3438320602630205,HUMAN_REVIEW,1,High,0.5,12
59,0.3438320602630205,0.0,Violation,0.2750656482104164,HUMAN_REVIEW,1,High,0.5,12
60,0.2750656482104164,1.0,Compliant,0.4200525185683331,HUMAN_REVIEW,0,High,0.5,12
61,0.4200525185683331,1.0,Compliant,0.5360420148546665,HUMAN_REVIEW,0,High,0.5,12
62,0.5360420148546665,1.0,Compliant,0.6288336118837332,ALLOW,0,High,0.5,12
63,0.6288336118837332,0.0,Violation,0.5030668895069866,HUMAN_REVIEW,1,High,0.5,12
64,0.5030668895069866,1.0,Compliant,0.6024535116055894,ALLOW,0,High,0.5,12
65,0.6024535116055894,0.0,Violation,0.4819628092844715,HUMAN_REVIEW,1,High,0.5,12
66,0.4819628092844715,0.0,Violation,0.38557024742757723,HUMAN_REVIEW,1,High,0.5,12
67,0.38557024742757723,0.0,Violation,0.3084561979420618,HUMAN_REVIEW,1,High,0.5,12
68,0.3084561979420618,1.0,Compliant,0.4467649583536494,HUMAN_REVIEW,0,High,0.5,12
69,0.4467649583536494,1.0,Compliant,0.5574119666829195,HUMAN_REVIEW,0,High,0.5,12
70,0.5574119666829195,1.0,Compliant,0.6459295733463355,ALLOW,0,High,0.5,12
71,0.6459295733463355,0.0,Violation,0.5167436586770684,HUMAN_REVIEW,1,High,0.5,12
72,0.5167436586770684,1.0,Compliant,0.6133949269416548,ALLOW,0,High,0.5,12
73,0.6133949269416548,0.0,Violation,0.4907159415533238,HUMAN_REVIEW,1,High,0.5,12
74,0.4907159415533238,1.0,Compliant,0.592572753242659,HUMAN_REVIEW,0,High,0.5,12
75,0.592572753242659,1.0,Compliant,0.6740582025941272,ALLOW,0,High,0.5,12
76,0.6740582025941272,1.0,Compliant,0.7392465620753017,ALLOW,0,High,0.5,12
77,0.7392465620753017,0.0,Violation,0.5913972496602414,HUMAN_REVIEW,1,High,0.5,12
78,0.5913972496602414,1.0,Compliant,0.6731177997281932,ALLOW,0,High,0.5,12
79,0.6731177997281932,1.0,Compliant,0.7384942397825546,ALLOW,0,High,0.5,12
80,0.7384942397825546,1.0,Compliant,0.7907953918260436,ALLOW,0,High,0.5,12
81,0.7907953918260436,1.0,Compliant,0.8326363134608349,ALLOW,0,High,0.5,12
82,0.8326363134608349,1.0,Compliant,0.866109050768668,ALLOW,0,High,0.5,12
83,0.866109050768668,0.0,Violation,0.6928872406149345,ALLOW,1,High,0.5,12
84,0.6928872406149345,1.0,Compliant,0.7543097924919475,ALLOW,0,High,0.5,12
85,0.7543097924919475,1.0,Compliant,0.803447833993558,ALLOW,0,High,0.5,12
86,0.803447833993558,0.0,Violation,0.6427582671948464,ALLOW,1,High,0.5,12
87,0.6427582671948464,0.0,Violation,0.5142066137558772,HUMAN_REVIEW,1,High,0.5,12
88,0.5142066137558772,1.0,Compliant,0.6113652910047017,ALLOW,0,High,0.5,12
89,0.6113652910047017,1.0,Compliant,0.6890922328037614,ALLOW,0,High,0.5,12
90,0.6890922328037614,0.0,Violation,0.5512737862430092,HUMAN_REVIEW,1,High,0.5,12
91,0.5512737862430092,1.0,Compliant,0.6410190289944073,ALLOW,0,High,0.5,12
92,0.6410190289944073,1.0,Compliant,0.7128152231955258,ALLOW,0,High,0.5,12
93,0.7128152231955258,1.0,Compliant,0.7702521785564206,ALLOW,0,High,0.5,12
94,0.7702521785564206,1.0,Compliant,0.8162017428451365,ALLOW,0,High,0.5,12
95,0.8162017428451365,1.0,Compliant,0.8529613942761092,ALLOW,0,High,0.5,12
96,0.8529613942761092,0.0,Violation,0.6823691154208874,ALLOW,1,High,0.5,12
97,0.6823691154208874,0.0,Violation,0.54589529233671,HUMAN_REVIEW,1,High,0.5,12
98,0.54589529233671,1.0,Compliant,0.6367162338693679,ALLOW,0,High,0.5,12
99,0.6367162338693679,1.0,Compliant,0.7093729870954943,ALLOW,0,High,0.5,12
100,0.7093729870954943,0.0,Violation,0.5674983896763955,HUMAN_REVIEW,1,High,0.5,12
1,0.8,1.0,Compliant,0.8400000000000001,ALLOW,0,High,0.5,13
2,0.8400000000000001,0.0,Violation,0.6720000000000002,ALLOW,1,High,0.5,13
3,0.6720000000000002,1.0,Compliant,0.7376000000000001,ALLOW,0,High,0.5,13
4,0.7376000000000001,0.0,Violation,0.5900800000000002,HUMAN_REVIEW,1,High,0.5,13
5,0.5900800000000002,1.0,Compliant,0.6720640000000001,ALLOW,0,High,0.5,13
6,0.6720640000000001,0.0,Violation,0.5376512000000001,HUMAN_REVIEW,1,High,0.5,13
7,0.5376512000000001,1.0,Compliant,0.6301209600000001,ALLOW,0,High,0.5,13
8,0.6301209600000001,1.0,Compliant,0.704096768,ALLOW,0,High,0.5,13
9,0.704096768,1.0,Compliant,0.7632774144,ALLOW,0,High,0.5,13
10,0.7632774144,1.0,Compliant,0.81062193152,ALLOW,0,High,0.5,13
11,0.81062193152,0.0,Violation,0.648497545216,ALLOW,1,High,0.5,13
12,0.648497545216,0.0,Violation,0.5187980361728001,HUMAN_REVIEW,1,High,0.5,13
13,0.5187980361728001,1.0,Compliant,0.61503842893824,ALLOW,0,High,0.5,13
14,0.61503842893824,1.0,Compliant,0.692030743150592,ALLOW,0,High,0.5,13
15,0.692030743150592,1.0,Compliant,0.7536245945204736,ALLOW,0,High,0.5,13
16,0.7536245945204736,1.0,Compliant,0.8028996756163789,ALLOW,0,High,0.5,13
17,0.8028996756163789,1.0,Compliant,0.8423197404931031,ALLOW,0,High,0.5,13
18,0.8423197404931031,1.0,Compliant,0.8738557923944825,ALLOW,0,High,0.5,13
19,0.8738557923944825,0.0,Violation,0.6990846339155861,ALLOW,1,High,0.5,13
20,0.6990846339155861,1.0,Compliant,0.7592677071324688,ALLOW,0,High,0.5,13
21,0.7592677071324688,1.0,Compliant,0.807414165705975,ALLOW,0,High,0.5,13
22,0.807414165705975,1.0,Compliant,0.84593133256478,ALLOW,0,High,0.5,13
23,0.84593133256478,1.0,Compliant,0.876745066051824,ALLOW,0,High,0.5,13
24,0.876745066051824,0.0,Violation,0.7013960528414592,ALLOW,1,High,0.5,13
25,0.7013960528414592,1.0,Compliant,0.7611168422731673,ALLOW,0,High,0.5,13
26,0.7611168422731673,1.0,Compliant,0.8088934738185338,ALLOW,0,High,0.5,13
27,0.8088934738185338,1.0,Compliant,0.847114779054827,ALLOW,0,High,0.5,13
28,0.847114779054827,1.0,Compliant,0.8776918232438616,ALLOW,0,High,0.5,13
29,0.8776918232438616,1.0,Compliant,0.9021534585950893,ALLOW,0,High,0.5,13
30,0.9021534585950893,1.0,Compliant,0.9217227668760715,ALLOW,0,High,0.5,13
31,0.9217227668760715,0.0,Violation,0.7373782135008572,ALLOW,1,High,0.5,13
32,0.7373782135008572,0.0,Violation,0.5899025708006858,HUMAN_REVIEW,1,High,0.5,13
33,0.5899025708006858,0.0,Violation,0.47192205664054865,HUMAN_REVIEW,1,High,0.5,13
34,0.47192205664054865,1.0,Compliant,0.5775376453124389,HUMAN_REVIEW,0,High,0.5,13
35,0.5775376453124389,0.0,Violation,0.46203011624995116,HUMAN_REVIEW,1,High,0.5,13
36,0.46203011624995116,0.0,Violation,0.36962409299996096,HUMAN_REVIEW,1,High,0.5,13
37,0.36962409299996096,0.0,Violation,0.2956992743999688,HUMAN_REVIEW,1,High,0.5,13
38,0.2956992743999688,0.0,Violation,0.23655941951997506,HUMAN_REVIEW,1,High,0.5,13
39,0.23655941951997506,0.0,Violation,0.18924753561598007,HUMAN_REVIEW,1,High,0.5,13
40,0.18924753561598007,1.0,Compliant,0.351398028492784,HUMAN_REVIEW,0,High,0.5,13
41,0.351398028492784,0.0,Violation,0.2811184227942272,HUMAN_REVIEW,1,High,0.5,13
42,0.2811184227942272,1.0,Compliant,0.4248947382353817,HUMAN_REVIEW,0,High,0.5,13
43,0.4248947382353817,1.0,Compliant,0.5399157905883054,HUMAN_REVIEW,0,High,0.5,13
44,0.5399157905883054,1.0,Compliant,0.6319326324706442,ALLOW,0,High,0.5,13
45,0.6319326324706442,1.0,Compliant,0.7055461059765153,ALLOW,0,High,0.5,13
46,0.7055461059765153,0.0,Violation,0.5644368847812123,HUMAN_REVIEW,1,High,0.5,13
47,0.5644368847812123,1.0,Compliant,0.6515495078249698,ALLOW,0,High,0.5,13
48,0.6515495078249698,1.0,Compliant,0.7212396062599759,ALLOW,0,High,0.5,13
49,0.7212396062599759,0.0,Violation,0.5769916850079807,HUMAN_REVIEW,1,High,0.5,13
50,0.5769916850079807,1.0,Compliant,0.6615933480063845,ALLOW,0,High,0.5,13
51,0.6615933480063845,0.0,Violation,0.5292746784051076,HUMAN_REVIEW,1,High,0.5,13
52,0.5292746784051076,0.0,Violation,0.42341974272408606,HUMAN_REVIEW,1,High,0.5,13
53,0.42341974272408606,1.0,Compliant,0.5387357941792688,HUMAN_REVIEW,0,High,0.5,13
54,0.5387357941792688,0.0,Violation,0.430988635343415,HUMAN_REVIEW,1,High,0.5,13
55,0.430988635343415,1.0,Compliant,0.544790908274732,HUMAN_REVIEW,0,High,0.5,13
56,0.544790908274732,1.0,Compliant,0.6358327266197856,ALLOW,0,High,0.5,13
57,0.6358327266197856,1.0,Compliant,0.7086661812958285,ALLOW,0,High,0.5,13
58,0.7086661812958285,0.0,Violation,0.5669329450366628,HUMAN_REVIEW,1,High,0.5,13
59,0.5669329450366628,1.0,Compliant,0.6535463560293302,ALLOW,0,High,0.5,13
60,0.6535463560293302,0.0,Violation,0.5228370848234641,HUMAN_REVIEW,1,High,0.5,13
61,0.5228370848234641,0.0,Violation,0.41826966785877134,HUMAN_REVIEW,1,High,0.5,13
62,0.41826966785877134,1.0,Compliant,0.534615734287017,HUMAN_REVIEW,0,High,0.5,13
63,0.534615734287017,1.0,Compliant,0.6276925874296135,ALLOW,0,High,0.5,13
64,0.6276925874296135,1.0,Compliant,0.7021540699436908,ALLOW,0,High,0.5,13
65,0.7021540699436908,0.0,Violation,0.5617232559549526,HUMAN_REVIEW,1,High,0.5,13
66,0.5617232559549526,0.0,Violation,0.44937860476396213,HUMAN_REVIEW,1,High,0.5,13
67,0.44937860476396213,0.0,Violation,0.35950288381116974,HUMAN_REVIEW,1,High,0.5,13
68,0.35950288381116974,1.0,Compliant,0.48760230704893576,HUMAN_REVIEW,0,High,0.5,13
69,0.48760230704893576,0.0,Violation,0.3900818456391486,HUMAN_REVIEW,1,High,0.5,13
70,0.3900818456391486,0.0,Violation,0.3120654765113189,HUMAN_REVIEW,1,High,0.5,13
71,0.3120654765113189,1.0,Compliant,0.44965238120905504,HUMAN_REVIEW,0,High,0.5,13
72,0.44965238120905504,1.0,Compliant,0.5597219049672439,HUMAN_REVIEW,0,High,0.5,13
73,0.5597219049672439,0.0,Violation,0.44777752397379517,HUMAN_REVIEW,1,High,0.5,13
74,0.44777752397379517,0.0,Violation,0.3582220191790362,HUMAN_REVIEW,1,High,0.5,13
75,0.3582220191790362,0.0,Violation,0.28657761534322895,HUMAN_REVIEW,1,High,0.5,13
76,0.28657761534322895,1.0,Compliant,0.4292620922745831,HUMAN_REVIEW,0,High,0.5,13
77,0.4292620922745831,1.0,Compliant,0.5434096738196665,HUMAN_REVIEW,0,High,0.5,13
78,0.5434096738196665,0.0,Violation,0.43472773905573325,HUMAN_REVIEW,1,High,0.5,13
79,0.43472773905573325,1.0,Compliant,0.5477821912445866,HUMAN_REVIEW,0,High,0.5,13
80,0.5477821912445866,0.0,Violation,0.4382257529956693,HUMAN_REVIEW,1,High,0.5,13
81,0.4382257529956693,0.0,Violation,0.35058060239653543,HUMAN_REVIEW,1,High,0.5,13
82,0.35058060239653543,1.0,Compliant,0.4804644819172283,HUMAN_REVIEW,0,High,0.5,13
83,0.4804644819172283,0.0,Violation,0.38437158553378264,HUMAN_REVIEW,1,High,0.5,13
84,0.38437158553378264,1.0,Compliant,0.507497268427026,HUMAN_REVIEW,0,High,0.5,13
85,0.507497268427026,1.0,Compliant,0.6059978147416207,ALLOW,0,High,0.5,13
86,0.6059978147416207,1.0,Compliant,0.6847982517932966,ALLOW,0,High,0.5,13
87,0.6847982517932966,0.0,Violation,0.5478386014346373,HUMAN_REVIEW,1,High,0.5,13
88,0.5478386014346373,1.0,Compliant,0.6382708811477098,ALLOW,0,High,0.5,13
89,0.6382708811477098,0.0,Violation,0.5106167049181679,HUMAN_REVIEW,1,High,0.5,13
90,0.5106167049181679,1.0,Compliant,0.6084933639345342,ALLOW,0,High,0.5,13
91,0.6084933639345342,1.0,Compliant,0.6867946911476274,ALLOW,0,High,0.5,13
92,0.6867946911476274,0.0,Violation,0.5494357529181019,HUMAN_REVIEW,1,High,0.5,13
93,0.5494357529181019,0.0,Violation,0.4395486023344815,HUMAN_REVIEW,1,High,0.5,13
94,0.4395486023344815,1.0,Compliant,0.5516388818675853,HUMAN_REVIEW,0,High,0.5,13
95,0.5516388818675853,0.0,Violation,0.4413111054940682,HUMAN_REVIEW,1,High,0.5,13
96,0.4413111054940682,0.0,Violation,0.3530488843952546,HUMAN_REVIEW,1,High,0.5,13
97,0.3530488843952546,0.0,Violation,0.2824391075162037,HUMAN_REVIEW,1,High,0.5,13
98,0.2824391075162037,1.0,Compliant,0.42595128601296295,HUMAN_REVIEW,0,High,0.5,13
99,0.42595128601296295,0.0,Violation,0.3407610288103704,HUMAN_REVIEW,1,High,0.5,13
100,0.3407610288103704,0.0,Violation,0.2726088230482963,HUMAN_REVIEW,1,High,0.5,13
1,0.8,0.0,Violation,0.6400000000000001,ALLOW,1,High,0.5,14
2,0.6400000000000001,1.0,Compliant,0.7120000000000001,ALLOW,0,High,0.5,14
3,0.7120000000000001,1.0,Compliant,0.7696000000000001,ALLOW,0,High,0.5,14
4,0.7696000000000001,1.0,Compliant,0.8156800000000001,ALLOW,0,High,0.5,14
5,0.8156800000000001,1.0,Compliant,0.8525440000000001,ALLOW,0,High,0.5,14
6,0.8525440000000001,0.0,Violation,0.6820352000000001,ALLOW,1,High,0.5,14
7,0.6820352000000001,1.0,Compliant,0.74562816,ALLOW,0,High,0.5,14
8,0.74562816,1.0,Compliant,0.796502528,ALLOW,0,High,0.5,14
9,0.796502528,1.0,Compliant,0.8372020224,ALLOW,0,High,0.5,14
10,0.8372020224,1.0,Compliant,0.86976161792,ALLOW,0,High,0.5,14
11,0.86976161792,1.0,Compliant,0.895809294336,ALLOW,0,High,0.5,14
12,0.895809294336,0.0,Violation,0.7166474354688,ALLOW,1,High,0.5,14
13,0.7166474354688,0.0,Violation,0.57331794837504,HUMAN_REVIEW,1,High,0.5,14
14,0.57331794837504,1.0,Compliant,0.658654358700032,ALLOW,0,High,0.5,14
15,0.658654358700032,1.0,Compliant,0.7269234869600255,ALLOW,0,High,0.5,14
16,0.7269234869600255,0.0,Violation,0.5815387895680204,HUMAN_REVIEW,1,High,0.5,14
17,0.5815387895680204,1.0,Compliant,0.6652310316544163,ALLOW,0,High,0.5,14
18,0.6652310316544163,1.0,Compliant,0.732184825323533,ALLOW,0,High,0.5,14
19,0.732184825323533,1.0,Compliant,0.7857478602588264,ALLOW,0,High,0.5,14
20,0.7857478602588264,0.0,Violation,0.6285982882070611,ALLOW,1,High,0.5,14
21,0.6285982882070611,1.0,Compliant,0.7028786305656488,ALLOW,0,High,0.5,14
22,0.7028786305656488,0.0,Violation,0.5623029044525191,HUMAN_REVIEW,1,High,0.5,14
23,0.5623029044525191,1.0,Compliant,0.6498423235620152,ALLOW,0,High,0.5,14
24,0.6498423235620152,0.0,Violation,0.5198738588496122,HUMAN_REVIEW,1,High,0.5,14
25,0.5198738588496122,1.0,Compliant,0.6158990870796898,ALLOW,0,High,0.5,14
26,0.6158990870796898,1.0,Compliant,0.6927192696637519,ALLOW,0,High,0.5,14
27,0.6927192696637519,0.0,Violation,0.5541754157310015,HUMAN_REVIEW,1,High,0.5,14
28,0.5541754157310015,0.0,Violation,0.4433403325848012,HUMAN_REVIEW,1,High,0.5,14
29,0.4433403325848012,0.0,Violation,0.35467226606784097,HUMAN_REVIEW,1,High,0.5,14
30,0.35467226606784097,0.0,Violation,0.2837378128542728,HUMAN_REVIEW,1,High,0.5,14
31,0.2837378128542728,0.0,Violation,0.22699025028341824,HUMAN_REVIEW,1,High,0.5,14
32,0.22699025028341824,1.0,Compliant,0.38159220022673457,HUMAN_REVIEW,0,High,0.5,14
33,0.38159220022673457,0.0,Violation,0.3052737601813877,HUMAN_REVIEW,1,High,0.5,14
34,0.3052737601813877,0.0,Violation,0.24421900814511016,HUMAN_REVIEW,1,High,0.5,14
35,0.24421900814511016,1.0,Compliant,0.3953752065160881,HUMAN_REVIEW,0,High,0.5,14
36,0.3953752065160881,0.0,Violation,0.3163001652128705,HUMAN_REVIEW,1,High,0.5,14
37,0.3163001652128705,1.0,Compliant,0.4530401321702964,HUMAN_REVIEW,0,High,0.5,14
38,0.4530401321702964,1.0,Compliant,0.5624321057362371,HUMAN_REVIEW,0,High,0.5,14
39,0.5624321057362371,1.0,Compliant,0.6499456845889897,ALLOW,0,High,0.5,14
40,0.6499456845889897,0.0,Violation,0.5199565476711918,HUMAN_REVIEW,1,High,0.5,14
41,0.5199565476711918,0.0,Violation,0.41596523813695346,HUMAN_REVIEW,1,High,0.5,14
42,0.41596523813695346,1.0,Compliant,0.5327721905095628,HUMAN_REVIEW,0,High,0.5,14
43,0.5327721905095628,1.0,Compliant,0.6262177524076502,ALLOW,0,High,0.5,14
44,0.6262177524076502,0.0,Violation,0.5009742019261202,HUMAN_REVIEW,1,High,0.5,14
45,0.5009742019261202,1.0,Compliant,0.6007793615408961,ALLOW,0,High,0.5,14
46,0.6007793615408961,1.0,Compliant,0.6806234892327168,ALLOW,0,High,0.5,14
47,0.6806234892327168,0.0,Violation,0.5444987913861734,HUMAN_REVIEW,1,High,0.5,14
48,0.5444987913861734,1.0,Compliant,0.6355990331089387,ALLOW,0,High,0.5,14
49,0.6355990331089387,1.0,Compliant,0.708479226487151,ALLOW,0,High,0.5,14
50,0.708479226487151,1.0,Compliant,0.7667833811897208,ALLOW,0,High,0.5,14
51,0.7667833811897208,0.0,Violation,0.6134267049517766,ALLOW,1,High,0.5,14
52,0.6134267049517766,0.0,Violation,0.4907413639614213,HUMAN_REVIEW,1,High,0.5,14
53,0.4907413639614213,1.0,Compliant,0.592593091169137,HUMAN_REVIEW,0,High,0.5,14
54,0.592593091169137,1.0,Compliant,0.6740744729353096,ALLOW,0,High,0.5,14
55,0.6740744729353096,1.0,Compliant,0.7392595783482477,ALLOW,0,High,0.5,14
56,0.7392595783482477,1.0,Compliant,0.7914076626785982,ALLOW,0,High,0.5,14
57,0.7914076626785982,0.0,Violation,0.6331261301428786,ALLOW,1,High,0.5,14
58,0.6331261301428786,0.0,Violation,0.5065009041143028,HUMAN_REVIEW,1,High,0.5,14
59,0.5065009041143028,1.0,Compliant,0.6052007232914423,ALLOW,0,High,0.5,14
60,0.6052007232914423,0.0,Violation,0.4841605786331538,HUMAN_REVIEW,1,High,0.5,14
61,0.4841605786331538,1.0,Compliant,0.587328462906523,HUMAN_REVIEW,0,High,0.5,14
62,0.587328462906523,0.0,Violation,0.4698627703252184,HUMAN_REVIEW,1,High,0.5,14
63,0.4698627703252184,0.0,Violation,0.3758902162601747,HUMAN_REVIEW,1,High,0.5,14
64,0.3758902162601747,0.0,Violation,0.3007121730081398,HUMAN_REVIEW,1,High,0.5,14
65,0.3007121730081398,0.0,Violation,0.24056973840651186,HUMAN_REVIEW,1,High,0.5,14
66,0.24056973840651186,0.0,Violation,0.1924557907252095,HUMAN_REVIEW,1,High,0.5,14
67,0.1924557907252095,0.0,Violation,0.1539646325801676,HUMAN_REVIEW,1,High,0.5,14
68,0.1539646325801676,0.0,Violation,0.12317170606413408,HUMAN_REVIEW,1,High,0.5,14
69,0.12317170606413408,1.0,Compliant,0.2985373648513072,HUMAN_REVIEW,0,High,0.5,14
70,0.2985373648513072,1.0,Compliant,0.4388298918810457,HUMAN_REVIEW,0,High,0.5,14
71,0.4388298918810457,0.0,Violation,0.35106391350483657,HUMAN_REVIEW,1,High,0.5,14
72,0.35106391350483657,1.0,Compliant,0.4808511308038692,HUMAN_REVIEW,0,High,0.5,14
73,0.4808511308038692,1.0,Compliant,0.5846809046430954,HUMAN_REVIEW,0,High,0.5,14
74,0.5846809046430954,1.0,Compliant,0.6677447237144762,ALLOW,0,High,0.5,14
75,0.6677447237144762,0.0,Violation,0.534195778971581,HUMAN_REVIEW,1,High,0.5,14
76,0.534195778971581,1.0,Compliant,0.6273566231772647,ALLOW,0,High,0.5,14
77,0.6273566231772647,0.0,Violation,0.5018852985418117,HUMAN_REVIEW,1,High,0.5,14
78,0.5018852985418117,1.0,Compliant,0.6015082388334494,ALLOW,0,High,0.5,14
79,0.6015082388334494,1.0,Compliant,0.6812065910667595,ALLOW,0,High,0.5,14
80,0.6812065910667595,0.0,Violation,0.5449652728534077,HUMAN_REVIEW,1,High,0.5,14
81,0.5449652728534077,1.0,Compliant,0.6359722182827261,ALLOW,0,High,0.5,14
82,0.6359722182827261,1.0,Compliant,0.7087777746261809,ALLOW,0,High,0.5,14
83,0.7087777746261809,0.0,Violation,0.5670222197009447,HUMAN_REVIEW,1,High,0.5,14
84,0.5670222197009447,0.0,Violation,0.4536177757607558,HUMAN_REVIEW,1,High,0.5,14
85,0.4536177757607558,1.0,Compliant,0.5628942206086046,HUMAN_REVIEW,0,High,0.5,14
86,0.5628942206086046,0.0,Violation,0.4503153764868837,HUMAN_REVIEW,1,High,0.5,14
87,0.4503153764868837,1.0,Compliant,0.5602523011895069,HUMAN_REVIEW,0,High,0.5,14
88,0.5602523011895069,0.0,Violation,0.44820184095160553,HUMAN_REVIEW,1,High,0.5,14
89,0.44820184095160553,0.0,Violation,0.35856147276128447,HUMAN_REVIEW,1,High,0.5,14
90,0.35856147276128447,1.0,Compliant,0.48684917820902757,HUMAN_REVIEW,0,High,0.5,14
91,0.48684917820902757,1.0,Compliant,0.589479342567222,HUMAN_REVIEW,0,High,0.5,14
92,0.589479342567222,0.0,Violation,0.47158347405377765,HUMAN_REVIEW,1,High,0.5,14
93,0.47158347405377765,0.0,Violation,0.37726677924302215,HUMAN_REVIEW,1,High,0.5,14
94,0.37726677924302215,1.0,Compliant,0.5018134233944177,HUMAN_REVIEW,0,High,0.5,14
95,0.5018134233944177,1.0,Compliant,0.6014507387155341,ALLOW,0,High,0.5,14
96,0.6014507387155341,1.0,Compliant,0.6811605909724272,ALLOW,0,High,0.5,14
97,0.6811605909724272,0.0,Violation,0.5449284727779418,HUMAN_REVIEW,1,High,0.5,14
98,0.5449284727779418,1.0,Compliant,0.6359427782223535,ALLOW,0,High,0.5,14
99,0.6359427782223535,0.0,Violation,0.5087542225778828,HUMAN_REVIEW,1,High,0.5,14
100,0.5087542225778828,1.0,Compliant,0.6070033780623063,ALLOW,0,High,0.5,14
1,0.8,0.0,Violation,0.6400000000000001,ALLOW,1,High,0.5,15
2,0.6400000000000001,1.0,Compliant,0.7120000000000001,ALLOW,0,High,0.5,15
3,0.7120000000000001,1.0,Compliant,0.7696000000000001,ALLOW,0,High,0.5,15
4,0.7696000000000001,0.0,Violation,0.6156800000000001,ALLOW,1,High,0.5,15
5,0.6156800000000001,0.0,Violation,0.4925440000000001,HUMAN_REVIEW,1,High,0.5,15
6,0.4925440000000001,0.0,Violation,0.3940352000000001,HUMAN_REVIEW,1,High,0.5,15
7,0.3940352000000001,0.0,Violation,0.3152281600000001,HUMAN_REVIEW,1,High,0.5,15
8,0.3152281600000001,1.0,Compliant,0.45218252800000003,HUMAN_REVIEW,0,High,0.5,15
9,0.45218252800000003,0.0,Violation,0.36174602240000003,HUMAN_REVIEW,1,High,0.5,15
10,0.36174602240000003,0.0,Violation,0.28939681792000005,HUMAN_REVIEW,1,High,0.5,15
11,0.28939681792000005,0.0,Violation,0.23151745433600004,HUMAN_REVIEW,1,High,0.5,15
12,0.23151745433600004,0.0,Violation,0.18521396346880004,HUMAN_REVIEW,1,High,0.5,15
13,0.18521396346880004,1.0,Compliant,0.34817117077504,HUMAN_REVIEW,0,High,0.5,15
14,0.34817117077504,1.0,Compliant,0.478536936620032,HUMAN_REVIEW,0,High,0.5,15
15,0.478536936620032,1.0,Compliant,0.5828295492960256,HUMAN_REVIEW,0,High,0.5,15
16,0.5828295492960256,1.0,Compliant,0.6662636394368204,ALLOW,0,High,0.5,15
17,0.6662636394368204,1.0,Compliant,0.7330109115494563,ALLOW,0,High,0.5,15
18,0.7330109115494563,0.0,Violation,0.5864087292395651,HUMAN_REVIEW,1,High,0.5,15
19,0.5864087292395651,1.0,Compliant,0.669126983391652,ALLOW,0,High,0.5,15
20,0.669126983391652,1.0,Compliant,0.7353015867133216,ALLOW,0,High,0.5,15
21,0.7353015867133216,1.0,Compliant,0.7882412693706572,ALLOW,0,High,0.5,15
22,0.7882412693706572,0.0,Violation,0.6305930154965258,ALLOW,1,High,0.5,15
23,0.6305930154965258,1.0,Compliant,0.7044744123972206,ALLOW,0,High,0.5,15
24,0.7044744123972206,1.0,Compliant,0.7635795299177764,ALLOW,0,High,0.5,15
25,0.7635795299177764,1.0,Compliant,0.8108636239342212,ALLOW,0,High,0.5,15
26,0.8108636239342212,0.0,Violation,0.648690899147377,ALLOW,1,High,0.5,15
27,0.648690899147377,1.0,Compliant,0.7189527193179016,ALLOW,0,High,0.5,15
28,0.7189527193179016,0.0,Violation,0.5751621754543214,HUMAN_REVIEW,1,High,0.5,15
29,0.5751621754543214,1.0,Compliant,0.6601297403634571,ALLOW,0,High,0.5,15
30,0.6601297403634571,1.0,Compliant,0.7281037922907656,ALLOW,0,High,0.5,15
31,0.7281037922907656,1.0,Compliant,0.7824830338326124,ALLOW,0,High,0.5,15
32,0.7824830338326124,1.0,Compliant,0.8259864270660899,ALLOW,0,High,0.5,15
33,0.8259864270660899,1.0,Compliant,0.8607891416528719,ALLOW,0,High,0.5,15
34,0.8607891416528719,0.0,Violation,0.6886313133222975,ALLOW,1,High,0.5,15
35,0.6886313133222975,0.0,Violation,0.550905050657838,HUMAN_REVIEW,1,High,0.5,15
36,0.550905050657838,1.0,Compliant,0.6407240405262704,ALLOW,0,High,0.5,15
37,0.6407240405262704,1.0,Compliant,0.7125792324210163,ALLOW,0,High,0.5,15
38,0.7125792324210163,1.0,Compliant,0.770063385936813,ALLOW,0,High,0.5,15
39,0.770063385936813,1.0,Compliant,0.8160507087494504,ALLOW,0,High,0.5,15
40,0.8160507087494504,0.0,Violation,0.6528405669995604,ALLOW,1,High,0.5,15
41,0.6528405669995604,1.0,Compliant,0.7222724535996483,ALLOW,0,High,0.5,15
42,0.7222724535996483,0.0,Violation,0.5778179628797186,HUMAN_REVIEW,1,High,0.5,15
43,0.5778179628797186,0.0,Violation,0.4622543703037749,HUMAN_REVIEW,1,High,0.5,15
44,0.4622543703037749,0.0,Violation,0.36980349624301995,HUMAN_REVIEW,1,High,0.5,15
45,0.36980349624301995,1.0,Compliant,0.4958427969944159,HUMAN_REVIEW,0,High,0.5,15
46,0.4958427969944159,1.0,Compliant,0.5966742375955327,HUMAN_REVIEW,0,High,0.5,15
47,0.5966742375955327,0.0,Violation,0.47733939007642623,HUMAN_REVIEW,1,High,0.5,15
48,0.47733939007642623,1.0,Compliant,0.581871512061141,HUMAN_REVIEW,0,High,0.5,15
49,0.581871512061141,1.0,Compliant,0.6654972096489127,ALLOW,0,High,0.5,15
50,0.6654972096489127,1.0,Compliant,0.7323977677191301,ALLOW,0,High,0.5,15
51,0.7323977677191301,1.0,Compliant,0.785918214175304,ALLOW,0,High,0.5,15
52,0.785918214175304,0.0,Violation,0.6287345713402432,ALLOW,1,High,0.5,15
53,0.6287345713402432,1.0,Compliant,0.7029876570721946,ALLOW,0,High,0.5,15
54,0.7029876570721946,1.0,Compliant,0.7623901256577557,ALLOW,0,High,0.5,15
55,0.7623901256577557,0.0,Violation,0.6099121005262046,ALLOW,1,High,0.5,15
56,0.6099121005262046,1.0,Compliant,0.6879296804209636,ALLOW,0,High,0.5,15
57,0.6879296804209636,1.0,Compliant,0.7503437443367709,ALLOW,0,High,0.5,15
58,0.7503437443367709,0.0,Violation,0.6002749954694168,ALLOW,1,High,0.5,15
59,0.6002749954694168,1.0,Compliant,0.6802199963755333,ALLOW,0,High,0.5,15
60,0.6802199963755333,1.0,Compliant,0.7441759971004266,ALLOW,0,High,0.5,15
61,0.7441759971004266,1.0,Compliant,0.7953407976803413,ALLOW,0,High,0.5,15
62,0.7953407976803413,1.0,Compliant,0.836272638144273,ALLOW,0,High,0.5,15
63,0.836272638144273,0.0,Violation,0.6690181105154185,ALLOW,1,High,0.5,15
64,0.6690181105154185,0.0,Violation,0.5352144884123348,HUMAN_REVIEW,1,High,0.5,15
65,0.5352144884123348,1.0,Compliant,0.6281715907298677,ALLOW,0,High,0.5,15
66,0.6281715907298677,0.0,Violation,0.5025372725838942,HUMAN_REVIEW,1,High,0.5,15
67,0.5025372725838942,1.0,Compliant,0.6020298180671153,ALLOW,0,High,0.5,15
68,0.6020298180671153,1.0,Compliant,0.6816238544536922,ALLOW,0,High,0.5,15
69,0.6816238544536922,0.0,Violation,0.5452990835629538,HUMAN_REVIEW,1,High,0.5,15
70,0.5452990835629538,0.0,Violation,0.436239266850363,HUMAN_REVIEW,1,High,0.5,15
71,0.436239266850363,1.0,Compliant,0.5489914134802905,HUMAN_REVIEW,0,High,0.5,15
72,0.5489914134802905,0.0,Violation,0.4391931307842324,HUMAN_REVIEW,1,High,0.5,15
73,0.4391931307842324,0.0,Violation,0.35135450462738593,HUMAN_REVIEW,1,High,0.5,15
74,0.35135450462738593,1.0,Compliant,0.4810836037019087,HUMAN_REVIEW,0,High,0.5,15
75,0.4810836037019087,1.0,Compliant,0.5848668829615269,HUMAN_REVIEW,0,High,0.5,15
76,0.5848668829615269,1.0,Compliant,0.6678935063692215,ALLOW,0,High,0.5,15
77,0.6678935063692215,0.0,Violation,0.5343148050953772,HUMAN_REVIEW,1,High,0.5,15
78,0.5343148050953772,1.0,Compliant,0.6274518440763017,ALLOW,0,High,0.5,15
79,0.6274518440763017,0.0,Violation,0.5019614752610414,HUMAN_REVIEW,1,High,0.5,15
80,0.5019614752610414,1.0,Compliant,0.6015691802088331,ALLOW,0,High,0.5,15
81,0.6015691802088331,1.0,Compliant,0.6812553441670665,ALLOW,0,High,0.5,15
82,0.6812553441670665,0.0,Violation,0.5450042753336531,HUMAN_REVIEW,1,High,0.5,15
83,0.5450042753336531,1.0,Compliant,0.6360034202669225,ALLOW,0,High,0.5,15
84,0.6360034202669225,1.0,Compliant,0.708802736213538,ALLOW,0,High,0.5,15
85,0.708802736213538,0.0,Violation,0.5670421889708304,HUMAN_REVIEW,1,High,0.5,15
86,0.5670421889708304,1.0,Compliant,0.6536337511766643,ALLOW,0,High,0.5,15
87,0.6536337511766643,0.0,Violation,0.5229070009413315,HUMAN_REVIEW,1,High,0.5,15
88,0.5229070009413315,0.0,Violation,0.4183256007530652,HUMAN_REVIEW,1,High,0.5,15
89,0.4183256007530652,1.0,Compliant,0.5346604806024522,HUMAN_REVIEW,0,High,0.5,15
90,0.5346604806024522,0.0,Violation,0.42772838448196177,HUMAN_REVIEW,1,High,0.5,15
91,0.42772838448196177,0.0,Violation,0.34218270758556946,HUMAN_REVIEW,1,High,0.5,15
92,0.34218270758556946,0.0,Violation,0.2737461660684556,HUMAN_REVIEW,1,High,0.5,15
93,0.2737461660684556,0.0,Violation,0.2189969328547645,HUMAN_REVIEW,1,High,0.5,15
94,0.2189969328547645,0.0,Violation,0.1751975462838116,HUMAN_REVIEW,1,High,0.5,15
95,0.1751975462838116,1.0,Compliant,0.3401580370270493,HUMAN_REVIEW,0,High,0.5,15
96,0.3401580370270493,1.0,Compliant,0.47212642962163937,HUMAN_REVIEW,0,High,0.5,15
97,0.47212642962163937,0.0,Violation,0.3777011436973115,HUMAN_REVIEW,1,High,0.5,15
98,0.3777011436973115,0.0,Violation,0.30216091495784925,HUMAN_REVIEW,1,High,0.5,15
99,0.30216091495784925,1.0,Compliant,0.4417287319662794,HUMAN_REVIEW,0,High,0.5,15
100,0.4417287319662794,0.0,Violation,0.3533829855730235,HUMAN_REVIEW,1,High,0.5,15
1,0.8,0.0,Violation,0.6400000000000001,ALLOW,1,High,0.5,16
2,0.6400000000000001,0.0,Violation,0.5120000000000001,HUMAN_REVIEW,1,High,0.5,16
3,0.5120000000000001,0.0,Violation,0.40960000000000013,HUMAN_REVIEW,1,High,0.5,16
4,0.40960000000000013,1.0,Compliant,0.5276800000000001,HUMAN_REVIEW,0,High,0.5,16
5,0.5276800000000001,0.0,Violation,0.42214400000000013,HUMAN_REVIEW,1,High,0.5,16
6,0.42214400000000013,0.0,Violation,0.3377152000000001,HUMAN_REVIEW,1,High,0.5,16
7,0.3377152000000001,1.0,Compliant,0.47017216000000006,HUMAN_REVIEW,0,High,0.5,16
8,0.47017216000000006,1.0,Compliant,0.576137728,HUMAN_REVIEW,0,High,0.5,16
9,0.576137728,1.0,Compliant,0.6609101823999999,ALLOW,0,High,0.5,16
10,0.6609101823999999,1.0,Compliant,0.7287281459199999,ALLOW,0,High,0.5,16
11,0.7287281459199999,0.0,Violation,0.582982516736,HUMAN_REVIEW,1,High,0.5,16
12,0.582982516736,0.0,Violation,0.46638601338880004,HUMAN_REVIEW,1,High,0.5,16
13,0.46638601338880004,1.0,Compliant,0.57310881071104,HUMAN_REVIEW,0,High,0.5,16
14,0.57310881071104,1.0,Compliant,0.658487048568832,ALLOW,0,High,0.5,16
15,0.658487048568832,1.0,Compliant,0.7267896388550655,ALLOW,0,High,0.5,16
16,0.7267896388550655,1.0,Compliant,0.7814317110840524,ALLOW,0,High,0.5,16
17,0.7814317110840524,1.0,Compliant,0.8251453688672419,ALLOW,0,High,0.5,16
18,0.8251453688672419,1.0,Compliant,0.8601162950937935,ALLOW,0,High,0.5,16
19,0.8601162950937935,0.0,Violation,0.6880930360750348,ALLOW,1,High,0.5,16
20,0.6880930360750348,1.0,Compliant,0.7504744288600278,ALLOW,0,High,0.5,16
21,0.7504744288600278,1.0,Compliant,0.8003795430880223,ALLOW,0,High,0.5,16
22,0.8003795430880223,0.0,Violation,0.6403036344704178,ALLOW,1,High,0.5,16
23,0.6403036344704178,0.0,Violation,0.5122429075763343,HUMAN_REVIEW,1,High,0.5,16
24,0.5122429075763343,0.0,Violation,0.40979432606106747,HUMAN_REVIEW,1,High,0.5,16
25,0.40979432606106747,0.0,Violation,0.327835460848854,HUMAN_REVIEW,1,High,0.5,16
26,0.327835460848854,1.0,Compliant,0.46226836867908316,HUMAN_REVIEW,0,High,0.5,16
27,0.46226836867908316,1.0,Compliant,0.5698146949432665,HUMAN_REVIEW,0,High,0.5,16
28,0.5698146949432665,1.0,Compliant,0.6558517559546132,ALLOW,0,High,0.5,16
29,0.6558517559546132,0.0,Violation,0.5246814047636906,HUMAN_REVIEW,1,High,0.5,16
30,0.5246814047636906,0.0,Violation,0.4197451238109525,HUMAN_REVIEW,1,High,0.5,16
31,0.4197451238109525,0.0,Violation,0.33579609904876206,HUMAN_REVIEW,1,High,0.5,16
32,0.33579609904876206,1.0,Compliant,0.4686368792390096,HUMAN_REVIEW,0,High,0.5,16
33,0.4686368792390096,1.0,Compliant,0.5749095033912077,HUMAN_REVIEW,0,High,0.5,16
34,0.5749095033912077,1.0,Compliant,0.6599276027129661,ALLOW,0,High,0.5,16
35,0.6599276027129661,1.0,Compliant,0.7279420821703729,ALLOW,0,High,0.5,16
36,0.7279420821703729,1.0,Compliant,0.7823536657362983,ALLOW,0,High,0.5,16
37,0.7823536657362983,0.0,Violation,0.6258829325890387,ALLOW,1,High,0.5,16
38,0.6258829325890387,0.0,Violation,0.500706346071231,HUMAN_REVIEW,1,High,0.5,16
39,0.500706346071231,0.0,Violation,0.40056507685698484,HUMAN_REVIEW,1,High,0.5,16
40,0.40056507685698484,1.0,Compliant,0.5204520614855879,HUMAN_REVIEW,0,High,0.5,16
41,0.5204520614855879,1.0,Compliant,0.6163616491884703,ALLOW,0,High,0.5,16
42,0.6163616491884703,1.0,Compliant,0.6930893193507761,ALLOW,0,High,0.5,16
43,0.6930893193507761,1.0,Compliant,0.7544714554806209,ALLOW,0,High,0.5,16
44,0.7544714554806209,0.0,Violation,0.6035771643844967,ALLOW,1,High,0.5,16
45,0.6035771643844967,0.0,Violation,0.48286173150759737,HUMAN_REVIEW,1,High,0.5,16
46,0.48286173150759737,1.0,Compliant,0.5862893852060779,HUMAN_REVIEW,0,High,0.5,16
47,0.5862893852060779,0.0,Violation,0.46903150816486233,HUMAN_REVIEW,1,High,0.5,16
48,0.46903150816486233,1.0,Compliant,0.5752252065318899,HUMAN_REVIEW,0,High,0.5,16
49,0.5752252065318899,0.0,Violation,0.460180165225512,HUMAN_REVIEW,1,High,0.5,16
50,0.460180165225512,1.0,Compliant,0.5681441321804095,HUMAN_REVIEW,0,High,0.5,16
51,0.5681441321804095,0.0,Violation,0.45451530574432764,HUMAN_REVIEW,1,High,0.5,16
52,0.45451530574432764,1.0,Compliant,0.5636122445954621,HUMAN_REVIEW,0,High,0.5,16
53,0.5636122445954621,1.0,Compliant,0.6508897956763697,ALLOW,0,High,0.5,16
54,0.6508897956763697,0.0,Violation,0.5207118365410958,HUMAN_REVIEW,1,High,0.5,16
55,0.5207118365410958,1.0,Compliant,0.6165694692328766,ALLOW,0,High,0.5,16
56,0.6165694692328766,0.0,Violation,0.49325557538630127,HUMAN_REVIEW,1,High,0.5,16
57,0.49325557538630127,1.0,Compliant,0.594604460309041,HUMAN_REVIEW,0,High,0.5,16
58,0.594604460309041,1.0,Compliant,0.6756835682472329,ALLOW,0,High,0.5,16
59,0.6756835682472329,1.0,Compliant,0.7405468545977862,ALLOW,0,High,0.5,16
60,0.7405468545977862,1.0,Compliant,0.792437483678229,ALLOW,0,High,0.5,16
61,0.792437483678229,0.0,Violation,0.6339499869425832,ALLOW,1,High,0.5,16
62,0.6339499869425832,1.0,Compliant,0.7071599895540666,ALLOW,0,High,0.5,16
63,0.7071599895540666,1.0,Compliant,0.7657279916432532,ALLOW,0,High,0.5,16
64,0.7657279916432532,1.0,Compliant,0.8125823933146026,ALLOW,0,High,0.5,16
65,0.8125823933146026,1.0,Compliant,0.850065914651682,ALLOW,0,High,0.5,16
66,0.850065914651682,1.0,Compliant,0.8800527317213456,ALLOW,0,High,0.5,16
67,0.8800527317213456,1.0,Compliant,0.9040421853770765,ALLOW,0,High,0.5,16
68,0.9040421853770765,1.0,Compliant,0.9232337483016612,ALLOW,0,High,0.5,16
69,0.9232337483016612,0.0,Violation,0.7385869986413289,ALLOW,1,High,0.5,16
70,0.7385869986413289,1.0,Compliant,0.7908695989130631,ALLOW,0,High,0.5,16
71,0.7908695989130631,0.0,Violation,0.6326956791304506,ALLOW,1,High,0.5,16
72,0.6326956791304506,0.0,Violation,0.5061565433043604,HUMAN_REVIEW,1,High,0.5,16
73,0.5061565433043604,1.0,Compliant,0.6049252346434884,ALLOW,0,High,0.5,16
74,0.6049252346434884,0.0,Violation,0.4839401877147907,HUMAN_REVIEW,1,High,0.5,16
75,0.4839401877147907,1.0,Compliant,0.5871521501718325,HUMAN_REVIEW,0,High,0.5,16
76,0.5871521501718325,0.0,Violation,0.46972172013746605,HUMAN_REVIEW,1,High,0.5,16
77,0.46972172013746605,1.0,Compliant,0.5757773761099728,HUMAN_REVIEW,0,High,0.5,16
78,0.5757773761099728,1.0,Compliant,0.6606219008879782,ALLOW,0,High,0.5,16
79,0.6606219008879782,0.0,Violation,0.5284975207103826,HUMAN_REVIEW,1,High,0.5,16
80,0.5284975207103826,0.0,Violation,0.42279801656830607,HUMAN_REVIEW,1,High,0.5,16
81,0.42279801656830607,0.0,Violation,0.3382384132546449,HUMAN_REVIEW,1,High,0.5,16
82,0.3382384132546449,1.0,Compliant,0.47059073060371587,HUMAN_REVIEW,0,High,0.5,16
83,0.47059073060371587,0.0,Violation,0.3764725844829727,HUMAN_REVIEW,1,High,0.5,16
84,0.3764725844829727,0.0,Violation,0.3011780675863782,HUMAN_REVIEW,1,High,0.5,16
85,0.3011780675863782,0.0,Violation,0.24094245406910259,HUMAN_REVIEW,1,High,0.5,16
86,0.24094245406910259,1.0,Compliant,0.392753963255282,HUMAN_REVIEW,0,High,0.5,16
87,0.392753963255282,1.0,Compliant,0.5142031706042256,HUMAN_REVIEW,0,High,0.5,16
88,0.5142031706042256,1.0,Compliant,0.6113625364833805,ALLOW,0,High,0.5,16
89,0.6113625364833805,0.0,Violation,0.4890900291867044,HUMAN_REVIEW,1,High,0.5,16
90,0.4890900291867044,0.0,Violation,0.39127202334936356,HUMAN_REVIEW,1,High,0.5,16
91,0.39127202334936356,0.0,Violation,0.31301761867949085,HUMAN_REVIEW,1,High,0.5,16
92,0.31301761867949085,1.0,Compliant,0.45041409494359264,HUMAN_REVIEW,0,High,0.5,16
93,0.45041409494359264,0.0,Violation,0.36033127595487413,HUMAN_REVIEW,1,High,0.5,16
94,0.36033127595487413,1.0,Compliant,0.48826502076389927,HUMAN_REVIEW,0,High,0.5,16
95,0.48826502076389927,0.0,Violation,0.39061201661111944,HUMAN_REVIEW,1,High,0.5,16
96,0.39061201661111944,0.0,Violation,0.3124896132888956,HUMAN_REVIEW,1,High,0.5,16
97,0.3124896132888956,0.0,Violation,0.24999169063111648,HUMAN_REVIEW,1,High,0.5,16
98,0.24999169063111648,0.0,Violation,0.1999933525048932,HUMAN_REVIEW,1,High,0.5,16
99,0.1999933525048932,0.0,Violation,0.15999468200391456,HUMAN_REVIEW,1,High,0.5,16
100,0.15999468200391456,0.0,Violation,0.12799574560313165,HUMAN_REVIEW,1,High,0.5,16
1,0.8,1.0,Compliant,0.8400000000000001,ALLOW,0,High,0.5,17
2,0.8400000000000001,1.0,Compliant,0.8720000000000001,ALLOW,0,High,0.5,17
3,0.8720000000000001,1.0,Compliant,0.8976000000000001,ALLOW,0,High,0.5,17
4,0.8976000000000001,1.0,Compliant,0.91808,ALLOW,0,High,0.5,17
5,0.91808,0.0,Violation,0.734464,ALLOW,1,High,0.5,17
6,0.734464,0.0,Violation,0.5875712000000001,HUMAN_REVIEW,1,High,0.5,17
7,0.5875712000000001,1.0,Compliant,0.67005696,ALLOW,0,High,0.5,17
8,0.67005696,0.0,Violation,0.536045568,HUMAN_REVIEW,1,High,0.5,17
9,0.536045568,0.0,Violation,0.42883645440000007,HUMAN_REVIEW,1,High,0.5,17
10,0.42883645440000007,0.0,Violation,0.34306916352000005,HUMAN_REVIEW,1,High,0.5,17
11,0.34306916352000005,0.0,Violation,0.27445533081600004,HUMAN_REVIEW,1,High,0.5,17
12,0.27445533081600004,1.0,Compliant,0.4195642646528,HUMAN_REVIEW,0,High,0.5,17
13,0.4195642646528,1.0,Compliant,0.53565141172224,HUMAN_REVIEW,0,High,0.5,17
14,0.53565141172224,0.0,Violation,0.42852112937779196,HUMAN_REVIEW,1,High,0.5,17
15,0.42852112937779196,1.0,Compliant,0.5428169035022335,HUMAN_REVIEW,0,High,0.5,17
16,0.5428169035022335,1.0,Compliant,0.6342535228017868,ALLOW,0,High,0.5,17
17,0.6342535228017868,1.0,Compliant,0.7074028182414295,ALLOW,0,High,0.5,17
18,0.7074028182414295,0.0,Violation,0.5659222545931436,HUMAN_REVIEW,1,High,0.5,17
19,0.5659222545931436,0.0,Violation,0.4527378036745149,HUMAN_REVIEW,1,High,0.5,17
20,0.4527378036745149,0.0,Violation,0.36219024293961194,HUMAN_REVIEW,1,High,0.5,17
21,0.36219024293961194,1.0,Compliant,0.48975219435168954,HUMAN_REVIEW,0,High,0.5,17
22,0.48975219435168954,0.0,Violation,0.39180175548135165,HUMAN_REVIEW,1,High,0.5,17
23,0.39180175548135165,0.0,Violation,0.31344140438508133,HUMAN_REVIEW,1,High,0.5,17
24,0.31344140438508133,0.0,Violation,0.25075312350806506,HUMAN_REVIEW,1,High,0.5,17
25,0.25075312350806506,1.0,Compliant,0.40060249880645205,HUMAN_REVIEW,0,High,0.5,17
26,0.40060249880645205,0.0,Violation,0.32048199904516167,HUMAN_REVIEW,1,High,0.5,17
27,0.32048199904516167,0.0,Violation,0.25638559923612936,HUMAN_REVIEW,1,High,0.5,17
28,0.25638559923612936,0.0,Violation,0.2051084793889035,HUMAN_REVIEW,1,High,0.5,17
29,0.2051084793889035,1.0,Compliant,0.3640867835111228,HUMAN_REVIEW,0,High,0.5,17
30,0.3640867835111228,0.0,Violation,0.2912694268088982,HUMAN_REVIEW,1,High,0.5,17
31,0.2912694268088982,1.0,Compliant,0.4330155414471185,HUMAN_REVIEW,0,High,0.5,17
32,0.4330155414471185,0.0,Violation,0.3464124331576948,HUMAN_REVIEW,1,High,0.5,17
33,0.3464124331576948,0.0,Violation,0.27712994652615586,HUMAN_REVIEW,1,High,0.5,17
34,0.27712994652615586,0.0,Violation,0.2217039572209247,HUMAN_REVIEW,1,High,0.5,17
35,0.2217039572209247,1.0,Compliant,0.37736316577673973,HUMAN_REVIEW,0,High,0.5,17
36,0.37736316577673973,0.0,Violation,0.3018905326213918,HUMAN_REVIEW,1,High,0.5,17
37,0.3018905326213918,0.0,Violation,0.24151242609711346,HUMAN_REVIEW,1,High,0.5,17
38,0.24151242609711346,1.0,Compliant,0.39320994087769073,HUMAN_REVIEW,0,High,0.5,17
39,0.39320994087769073,0.0,Violation,0.3145679527021526,HUMAN_REVIEW,1,High,0.5,17
40,0.3145679527021526,1.0,Compliant,0.45165436216172206,HUMAN_REVIEW,0,High,0.5,17
41,0.45165436216172206,0.0,Violation,0.36132348972937767,HUMAN_REVIEW,1,High,0.5,17
42,0.36132348972937767,1.0,Compliant,0.4890587917835021,HUMAN_REVIEW,0,High,0.5,17
43,0.4890587917835021,1.0,Compliant,0.5912470334268016,HUMAN_REVIEW,0,High,0.5,17
44,0.5912470334268016,0.0,Violation,0.4729976267414413,HUMAN_REVIEW,1,High,0.5,17
45,0.4729976267414413,1.0,Compliant,0.578398101393153,HUMAN_REVIEW,0,High,0.5,17
46,0.578398101393153,1.0,Compliant,0.6627184811145224,ALLOW,0,High,0.5,17
47,0.6627184811145224,1.0,Compliant,0.7301747848916179,ALLOW,0,High,0.5,17
48,0.7301747848916179,1.0,Compliant,0.7841398279132943,ALLOW,0,High,0.5,17
49,0.7841398279132943,1.0,Compliant,0.8273118623306355,ALLOW,0,High,0.5,17
50,0.8273118623306355,0.0,Violation,0.6618494898645084,ALLOW,1,High,0.5,17
51,0.6618494898645084,1.0,Compliant,0.7294795918916067,ALLOW,0,High,0.5,17
52,0.7294795918916067,0.0,Violation,0.5835836735132854,HUMAN_REVIEW,1,High,0.5,17
53,0.5835836735132854,0.0,Violation,0.46686693881062835,HUMAN_REVIEW,1,High,0.5,17
54,0.46686693881062835,1.0,Compliant,0.5734935510485026,HUMAN_REVIEW,0,High,0.5,17
55,0.5734935510485026,1.0,Compliant,0.658794840838802,ALLOW,0,High,0.5,17
56,0.658794840838802,1.0,Compliant,0.7270358726710416,ALLOW,0,High,0.5,17
57,0.7270358726710416,1.0,Compliant,0.7816286981368333,ALLOW,0,High,0.5,17
58,0.7816286981368333,0.0,Violation,0.6253029585094667,ALLOW,1,High,0.5,17
59,0.6253029585094667,1.0,Compliant,0.7002423668075733,ALLOW,0,High,0.5,17
60,0.7002423668075733,1.0,Compliant,0.7601938934460587,ALLOW,0,High,0.5,17
61,0.7601938934460587,1.0,Compliant,0.808155114756847,ALLOW,0,High,0.5,17
62,0.808155114756847,0.0,Violation,0.6465240918054777,ALLOW,1,High,0.5,17
63,0.6465240918054777,1.0,Compliant,0.7172192734443821,ALLOW,0,High,0.5,17
64,0.7172192734443821,0.0,Violation,0.5737754187555056,HUMAN_REVIEW,1,High,0.5,17
65,0.5737754187555056,1.0,Compliant,0.6590203350044045,ALLOW,0,High,0.5,17
66,0.6590203350044045,1.0,Compliant,0.7272162680035236,ALLOW,0,High,0.5,17
67,0.7272162680035236,0.0,Violation,0.5817730144028189,HUMAN_REVIEW,1,High,0.5,17
68,0.5817730144028189,1.0,Compliant,0.6654184115222551,ALLOW,0,High,0.5,17
69,0.6654184115222551,0.0,Violation,0.5323347292178041,HUMAN_REVIEW,1,High,0.5,17
70,0.5323347292178041,1.0,Compliant,0.6258677833742432,ALLOW,0,High,0.5,17
71,0.6258677833742432,1.0,Compliant,0.7006942266993945,ALLOW,0,High,0.5,17
72,0.7006942266993945,0.0,Violation,0.5605553813595157,HUMAN_REVIEW,1,High,0.5,17
73,0.5605553813595157,1.0,Compliant,0.6484443050876125,ALLOW,0,High,0.5,17
74,0.6484443050876125,0.0,Violation,0.51875544407009,HUMAN_REVIEW,1,High,0.5,17
75,0.51875544407009,0.0,Violation,0.41500435525607204,HUMAN_REVIEW,1,High,0.5,17
76,0.41500435525607204,1.0,Compliant,0.5320034842048575,HUMAN_REVIEW,0,High,0.5,17
77,0.5320034842048575,1.0,Compliant,0.6256027873638861,ALLOW,0,High,0.5,17
78,0.6256027873638861,1.0,Compliant,0.7004822298911089,ALLOW,0,High,0.5,17
79,0.7004822298911089,1.0,Compliant,0.760385783912887,ALLOW,0,High,0.5,17
80,0.760385783912887,0.0,Violation,0.6083086271303096,ALLOW,1,High,0.5,17
81,0.6083086271303096,1.0,Compliant,0.6866469017042477,ALLOW,0,High,0.5,17
82,0.6866469017042477,0.0,Violation,0.5493175213633982,HUMAN_REVIEW,1,High,0.5,17
83,0.5493175213633982,1.0,Compliant,0.6394540170907186,ALLOW,0,High,0.5,17
84,0.6394540170907186,0.0,Violation,0.5115632136725748,HUMAN_REVIEW,1,High,0.5,17
85,0.5115632136725748,0.0,Violation,0.4092505709380599,HUMAN_REVIEW,1,High,0.5,17
86,0.4092505709380599,0.0,Violation,0.32740045675044793,HUMAN_REVIEW,1,High,0.5,17
87,0.32740045675044793,1.0,Compliant,0.4619203654003583,HUMAN_REVIEW,0,High,0.5,17
88,0.4619203654003583,1.0,Compliant,0.5695362923202867,HUMAN_REVIEW,0,High,0.5,17
89,0.5695362923202867,0.0,Violation,0.4556290338562294,HUMAN_REVIEW,1,High,0.5,17
90,0.4556290338562294,1.0,Compliant,0.5645032270849835,HUMAN_REVIEW,0,High,0.5,17
91,0.5645032270849835,1.0,Compliant,0.6516025816679867,ALLOW,0,High,0.5,17
92,0.6516025816679867,0.0,Violation,0.5212820653343894,HUMAN_REVIEW,1,High,0.5,17
93,0.5212820653343894,0.0,Violation,0.41702565226751154,HUMAN_REVIEW,1,High,0.5,17
94,0.41702565226751154,0.0,Violation,0.33362052181400925,HUMAN_REVIEW,1,High,0.5,17
95,0.33362052181400925,1.0,Compliant,0.46689641745120736,HUMAN_REVIEW,0,High,0.5,17
96,0.46689641745120736,1.0,Compliant,0.5735171339609659,HUMAN_REVIEW,0,High,0.5,17
97,0.5735171339609659,0.0,Violation,0.4588137071687728,HUMAN_REVIEW,1,High,0.5,17
98,0.4588137071687728,0.0,Violation,0.3670509657350183,HUMAN_REVIEW,1,High,0.5,17
99,0.3670509657350183,0.0,Violation,0.29364077258801463,HUMAN_REVIEW,1,High,0.5,17
100,0.29364077258801463,0.0,Violation,0.23491261807041172,HUMAN_REVIEW,1,High,0.5,17
1,0.8,1.0,Compliant,0.8400000000000001,ALLOW,0,High,0.5,18
2,0.8400000000000001,0.0,Violation,0.6720000000000002,ALLOW,1,High,0.5,18
3,0.6720000000000002,1.0,Compliant,0.7376000000000001,ALLOW,0,High,0.5,18
4,0.7376000000000001,1.0,Compliant,0.7900800000000001,ALLOW,0,High,0.5,18
5,0.7900800000000001,1.0,Compliant,0.8320640000000001,ALLOW,0,High,0.5,18
6,0.8320640000000001,1.0,Compliant,0.8656512000000001,ALLOW,0,High,0.5,18
7,0.8656512000000001,0.0,Violation,0.6925209600000001,ALLOW,1,High,0.5,18
8,0.6925209600000001,1.0,Compliant,0.7540167680000001,ALLOW,0,High,0.5,18
9,0.7540167680000001,0.0,Violation,0.6032134144000001,ALLOW,1,High,0.5,18
10,0.6032134144000001,1.0,Compliant,0.68257073152,ALLOW,0,High,0.5,18
11,0.68257073152,1.0,Compliant,0.746056585216,ALLOW,0,High,0.5,18
12,0.746056585216,1.0,Compliant,0.7968452681728,ALLOW,0,High,0.5,18
13,0.7968452681728,0.0,Violation,0.63747621453824,ALLOW,1,High,0.5,18
14,0.63747621453824,1.0,Compliant,0.7099809716305919,ALLOW,0,High,0.5,18
15,0.7099809716305919,0.0,Violation,0.5679847773044736,HUMAN_REVIEW,1,High,0.5,18
16,0.5679847773044736,0.0,Violation,0.4543878218435789,HUMAN_REVIEW,1,High,0.5,18
17,0.4543878218435789,0.0,Violation,0.36351025747486315,HUMAN_REVIEW,1,High,0.5,18
18,0.36351025747486315,0.0,Violation,0.29080820597989054,HUMAN_REVIEW,1,High,0.5,18
19,0.29080820597989054,1.0,Compliant,0.4326465647839124,HUMAN_REVIEW,0,High,0.5,18
20,0.4326465647839124,0.0,Violation,0.34611725182712993,HUMAN_REVIEW,1,High,0.5,18
21,0.34611725182712993,1.0,Compliant,0.4768938014617039,HUMAN_REVIEW,0,High,0.5,18
22,0.4768938014617039,0.0,Violation,0.38151504116936313,HUMAN_REVIEW,1,High,0.5,18
23,0.38151504116936313,0.0,Violation,0.30521203293549054,HUMAN_REVIEW,1,High,0.5,18
24,0.30521203293549054,0.0,Violation,0.24416962634839245,HUMAN_REVIEW,1,High,0.5,18
25,0.24416962634839245,0.0,Violation,0.19533570107871398,HUMAN_REVIEW,1,High,0.5,18
26,0.19533570107871398,1.0,Compliant,0.35626856086297115,HUMAN_REVIEW,0,High,0.5,18
27,0.35626856086297115,0.0,Violation,0.2850148486903769,HUMAN_REVIEW,1,High,0.5,18
28,0.2850148486903769,0.0,Violation,0.22801187895230154,HUMAN_REVIEW,1,High,0.5,18
29,0.22801187895230154,0.0,Violation,0.18240950316184124,HUMAN_REVIEW,1,High,0.5,18
30,0.18240950316184124,0.0,Violation,0.14592760252947298,HUMAN_REVIEW,1,High,0.5,18
31,0.14592760252947298,1.0,Compliant,0.31674208202357834,HUMAN_REVIEW,0,High,0.5,18
32,0.31674208202357834,1.0,Compliant,0.45339366561886263,HUMAN_REVIEW,0,High,0.5,18
33,0.45339366561886263,0.0,Violation,0.3627149324950901,HUMAN_REVIEW,1,High,0.5,18
34,0.3627149324950901,0.0,Violation,0.2901719459960721,HUMAN_REVIEW,1,High,0.5,18
35,0.2901719459960721,0.0,Violation,0.23213755679685769,HUMAN_REVIEW,1,High,0.5,18
36,0.23213755679685769,1.0,Compliant,0.3857100454374861,HUMAN_REVIEW,0,High,0.5,18
37,0.3857100454374861,0.0,Violation,0.3085680363499889,HUMAN_REVIEW,1,High,0.5,18
38,0.3085680363499889,0.0,Violation,0.24685442907999114,HUMAN_REVIEW,1,High,0.5,18
39,0.24685442907999114,1.0,Compliant,0.3974835432639929,HUMAN_REVIEW,0,High,0.5,18
40,0.3974835432639929,0.0,Violation,0.3179868346111943,HUMAN_REVIEW,1,High,0.5,18
41,0.3179868346111943,0.0,Violation,0.2543894676889555,HUMAN_REVIEW,1,High,0.5,18
42,0.2543894676889555,1.0,Compliant,0.40351157415116434,HUMAN_REVIEW,0,High,0.5,18
43,0.40351157415116434,0.0,Violation,0.3228092593209315,HUMAN_REVIEW,1,High,0.5,18
44,0.3228092593209315,1.0,Compliant,0.4582474074567452,HUMAN_REVIEW,0,High,0.5,18
45,0.4582474074567452,0.0,Violation,0.3665979259653962,HUMAN_REVIEW,1,High,0.5,18
46,0.3665979259653962,1.0,Compliant,0.4932783407723169,HUMAN_REVIEW,0,High,0.5,18
47,0.4932783407723169,1.0,Compliant,0.5946226726178535,HUMAN_REVIEW,0,High,0.5,18
48,0.5946226726178535,0.0,Violation,0.47569813809428285,HUMAN_REVIEW,1,High,0.5,18
49,0.47569813809428285,0.0,Violation,0.3805585104754263,HUMAN_REVIEW,1,High,0.5,18
50,0.3805585104754263,1.0,Compliant,0.5044468083803411,HUMAN_REVIEW,0,High,0.5,18
51,0.5044468083803411,1.0,Compliant,0.6035574467042728,ALLOW,0,High,0.5,18
52,0.6035574467042728,0.0,Violation,0.4828459573634183,HUMAN_REVIEW,1,High,0.5,18
53,0.4828459573634183,1.0,Compliant,0.5862767658907346,HUMAN_REVIEW,0,High,0.5,18
54,0.5862767658907346,0.0,Violation,0.46902141271258774,HUMAN_REVIEW,1,High,0.5,18
55,0.46902141271258774,1.0,Compliant,0.5752171301700701,HUMAN_REVIEW,0,High,0.5,18
56,0.5752171301700701,0.0,Violation,0.4601737041360561,HUMAN_REVIEW,1,High,0.5,18
57,0.4601737041360561,0.0,Violation,0.36813896330884494,HUMAN_REVIEW,1,High,0.5,18
58,0.36813896330884494,1.0,Compliant,0.4945111706470759,HUMAN_REVIEW,0,High,0.5,18
59,0.4945111706470759,0.0,Violation,0.3956089365176607,HUMAN_REVIEW,1,High,0.5,18
60,0.3956089365176607,0.0,Violation,0.31648714921412857,HUMAN_REVIEW,1,High,0.5,18
61,0.31648714921412857,0.0,Violation,0.25318971937130286,HUMAN_REVIEW,1,High,0.5,18
62,0.25318971937130286,1.0,Compliant,0.40255177549704224,HUMAN_REVIEW,0,High,0.5,18
63,0.40255177549704224,1.0,Compliant,0.5220414203976338,HUMAN_REVIEW,0,High,0.5,18
64,0.5220414203976338,0.0,Violation,0.41763313631810706,HUMAN_REVIEW,1,High,0.5,18
65,0.41763313631810706,1.0,Compliant,0.5341065090544856,HUMAN_REVIEW,0,High,0.5,18
66,0.5341065090544856,0.0,Violation,0.42728520724358854,HUMAN_REVIEW,1,High,0.5,18
67,0.42728520724358854,0.0,Violation,0.34182816579487085,HUMAN_REVIEW,1,High,0.5,18
68,0.34182816579487085,0.0,Violation,0.2734625326358967,HUMAN_REVIEW,1,High,0.5,18
69,0.2734625326358967,1.0,Compliant,0.41877002610871733,HUMAN_REVIEW,0,High,0.5,18
70,0.41877002610871733,1.0,Compliant,0.5350160208869739,HUMAN_REVIEW,0,High,0.5,18
71,0.5350160208869739,0.0,Violation,0.42801281670957914,HUMAN_REVIEW,1,High,0.5,18
72,0.42801281670957914,1.0,Compliant,0.5424102533676634,HUMAN_REVIEW,0,High,0.5,18
73,0.5424102533676634,0.0,Violation,0.4339282026941307,HUMAN_REVIEW,1,High,0.5,18
74,0.4339282026941307,0.0,Violation,0.3471425621553046,HUMAN_REVIEW,1,High,0.5,18
75,0.3471425621553046,1.0,Compliant,0.47771404972424364,HUMAN_REVIEW,0,High,0.5,18
76,0.47771404972424364,0.0,Violation,0.38217123977939493,HUMAN_REVIEW,1,High,0.5,18
77,0.38217123977939493,1.0,Compliant,0.505736991823516,HUMAN_REVIEW,0,High,0.5,18
78,0.505736991823516,1.0,Compliant,0.6045895934588128,ALLOW,0,High,0.5,18
79,0.6045895934588128,0.0,Violation,0.48367167476705025,HUMAN_REVIEW,1,High,0.5,18
80,0.48367167476705025,1.0,Compliant,0.5869373398136402,HUMAN_REVIEW,0,High,0.5,18
81,0.5869373398136402,0.0,Violation,0.4695498718509121,HUMAN_REVIEW,1,High,0.5,18
82,0.4695498718509121,0.0,Violation,0.37563989748072973,HUMAN_REVIEW,1,High,0.5,18
83,0.37563989748072973,0.0,Violation,0.3005119179845838,HUMAN_REVIEW,1,High,0.5,18
84,0.3005119179845838,1.0,Compliant,0.44040953438766706,HUMAN_REVIEW,0,High,0.5,18
85,0.44040953438766706,1.0,Compliant,0.5523276275101336,HUMAN_REVIEW,0,High,0.5,18
86,0.5523276275101336,0.0,Violation,0.44186210200810694,HUMAN_REVIEW,1,High,0.5,18
87,0.44186210200810694,0.0,Violation,0.3534896816064856,HUMAN_REVIEW,1,High,0.5,18
88,0.3534896816064856,0.0,Violation,0.28279174528518847,HUMAN_REVIEW,1,High,0.5,18
89,0.28279174528518847,1.0,Compliant,0.4262333962281507,HUMAN_REVIEW,0,High,0.5,18
90,0.4262333962281507,1.0,Compliant,0.5409867169825205,HUMAN_REVIEW,0,High,0.5,18
91,0.5409867169825205,1.0,Compliant,0.6327893735860164,ALLOW,0,High,0.5,18
92,0.6327893735860164,1.0,Compliant,0.7062314988688131,ALLOW,0,High,0.5,18
93,0.7062314988688131,1.0,Compliant,0.7649851990950505,ALLOW,0,High,0.5,18
94,0.7649851990950505,0.0,Violation,0.6119881592760404,ALLOW,1,High,0.5,18
95,0.6119881592760404,1.0,Compliant,0.6895905274208323,ALLOW,0,High,0.5,18
96,0.6895905274208323,0.0,Violation,0.5516724219366659,HUMAN_REVIEW,1,High,0.5,18
97,0.5516724219366659,1.0,Compliant,0.6413379375493327,ALLOW,0,High,0.5,18
98,0.6413379375493327,1.0,Compliant,0.7130703500394661,ALLOW,0,High,0.5,18
99,0.7130703500394661,1.0,Compliant,0.7704562800315728,ALLOW,0,High,0.5,18
100,0.7704562800315728,1.0,Compliant,0.8163650240252582,ALLOW,0,High,0.5,18
1,0.8,0.0,Violation,0.6400000000000001,ALLOW,1,High,0.5,19
2,0.6400000000000001,0.0,Violation,0.5120000000000001,HUMAN_REVIEW,1,High,0.5,19
3,0.5120000000000001,0.0,Violation,0.40960000000000013,HUMAN_REVIEW,1,High,0.5,19
4,0.40960000000000013,1.0,Compliant,0.5276800000000001,HUMAN_REVIEW,0,High,0.5,19
5,0.5276800000000001,0.0,Violation,0.42214400000000013,HUMAN_REVIEW,1,High,0.5,19
6,0.42214400000000013,1.0,Compliant,0.5377152000000001,HUMAN_REVIEW,0,High,0.5,19
7,0.5377152000000001,0.0,Violation,0.4301721600000001,HUMAN_REVIEW,1,High,0.5,19
8,0.4301721600000001,0.0,Violation,0.3441377280000001,HUMAN_REVIEW,1,High,0.5,19
9,0.3441377280000001,1.0,Compliant,0.47531018240000006,HUMAN_REVIEW,0,High,0.5,19
10,0.47531018240000006,1.0,Compliant,0.58024814592,HUMAN_REVIEW,0,High,0.5,19
11,0.58024814592,1.0,Compliant,0.6641985167359999,ALLOW,0,High,0.5,19
12,0.6641985167359999,0.0,Violation,0.5313588133888,HUMAN_REVIEW,1,High,0.5,19
13,0.5313588133888,0.0,Violation,0.42508705071104,HUMAN_REVIEW,1,High,0.5,19
14,0.42508705071104,0.0,Violation,0.34006964056883204,HUMAN_REVIEW,1,High,0.5,19
15,0.34006964056883204,1.0,Compliant,0.4720557124550656,HUMAN_REVIEW,0,High,0.5,19
16,0.4720557124550656,0.0,Violation,0.3776445699640525,HUMAN_REVIEW,1,High,0.5,19
17,0.3776445699640525,1.0,Compliant,0.502115655971242,HUMAN_REVIEW,0,High,0.5,19
18,0.502115655971242,0.0,Violation,0.4016925247769936,HUMAN_REVIEW,1,High,0.5,19
19,0.4016925247769936,1.0,Compliant,0.5213540198215949,HUMAN_REVIEW,0,High,0.5,19
20,0.5213540198215949,1.0,Compliant,0.6170832158572759,ALLOW,0,High,0.5,19
21,0.6170832158572759,1.0,Compliant,0.6936665726858207,ALLOW,0,High,0.5,19
22,0.6936665726858207,1.0,Compliant,0.7549332581486565,ALLOW,0,High,0.5,19
23,0.7549332581486565,0.0,Violation,0.6039466065189253,ALLOW,1,High,0.5,19
24,0.6039466065189253,1.0,Compliant,0.6831572852151402,ALLOW,0,High,0.5,19
25,0.6831572852151402,1.0,Compliant,0.7465258281721121,ALLOW,0,High,0.5,19
26,0.7465258281721121,1.0,Compliant,0.7972206625376896,ALLOW,0,High,0.5,19
27,0.7972206625376896,1.0,Compliant,0.8377765300301517,ALLOW,0,High,0.5,19
28,0.8377765300301517,0.0,Violation,0.6702212240241214,ALLOW,1,High,0.5,19
29,0.6702212240241214,1.0,Compliant,0.7361769792192971,ALLOW,0,High,0.5,19
30,0.7361769792192971,0.0,Violation,0.5889415833754378,HUMAN_REVIEW,1,High,0.5,19
31,0.5889415833754378,1.0,Compliant,0.6711532667003501,ALLOW,0,High,0.5,19
32,0.6711532667003501,0.0,Violation,0.5369226133602801,HUMAN_REVIEW,1,High,0.5,19
33,0.5369226133602801,0.0,Violation,0.42953809068822413,HUMAN_REVIEW,1,High,0.5,19
34,0.42953809068822413,1.0,Compliant,0.5436304725505793,HUMAN_REVIEW,0,High,0.5,19
35,0.5436304725505793,1.0,Compliant,0.6349043780404634,ALLOW,0,High,0.5,19
36,0.6349043780404634,1.0,Compliant,0.7079235024323707,ALLOW,0,High,0.5,19
37,0.7079235024323707,1.0,Compliant,0.7663388019458965,ALLOW,0,High,0.5,19
38,0.7663388019458965,0.0,Violation,0.6130710415567173,ALLOW,1,High,0.5,19
39,0.6130710415567173,1.0,Compliant,0.6904568332453738,ALLOW,0,High,0.5,19
40,0.6904568332453738,1.0,Compliant,0.752365466596299,ALLOW,0,High,0.5,19
41,0.752365466596299,1.0,Compliant,0.8018923732770392,ALLOW,0,High,0.5,19
42,0.8018923732770392,1.0,Compliant,0.8415138986216314,ALLOW,0,High,0.5,19
43,0.8415138986216314,0.0,Violation,0.6732111188973051,ALLOW,1,High,0.5,19
44,0.6732111188973051,1.0,Compliant,0.7385688951178441,ALLOW,0,High,0.5,19
45,0.7385688951178441,1.0,Compliant,0.7908551160942753,ALLOW,0,High,0.5,19
46,0.7908551160942753,0.0,Violation,0.6326840928754203,ALLOW,1,High,0.5,19
47,0.6326840928754203,0.0,Violation,0.5061472743003362,HUMAN_REVIEW,1,High,0.5,19
48,0.5061472743003362,0.0,Violation,0.404917819440269,HUMAN_REVIEW,1,High,0.5,19
49,0.404917819440269,1.0,Compliant,0.5239342555522152,HUMAN_REVIEW,0,High,0.5,19
50,0.5239342555522152,1.0,Compliant,0.6191474044417722,ALLOW,0,High,0.5,19
51,0.6191474044417722,1.0,Compliant,0.6953179235534177,ALLOW,0,High,0.5,19
52,0.6953179235534177,0.0,Violation,0.5562543388427342,HUMAN_REVIEW,1,High,0.5,19
53,0.5562543388427342,1.0,Compliant,0.6450034710741874,ALLOW,0,High,0.5,19
54,0.6450034710741874,1.0,Compliant,0.7160027768593499,ALLOW,0,High,0.5,19
55,0.7160027768593499,0.0,Violation,0.57280222148748,HUMAN_REVIEW,1,High,0.5,19
56,0.57280222148748,0.0,Violation,0.458241777189984,HUMAN_REVIEW,1,High,0.5,19
57,0.458241777189984,1.0,Compliant,0.5665934217519872,HUMAN_REVIEW,0,High,0.5,19
58,0.5665934217519872,1.0,Compliant,0.6532747374015897,ALLOW,0,High,0.5,19
59,0.6532747374015897,1.0,Compliant,0.7226197899212717,ALLOW,0,High,0.5,19
60,0.7226197899212717,1.0,Compliant,0.7780958319370174,ALLOW,0,High,0.5,19
61,0.7780958319370174,0.0,Violation,0.6224766655496139,ALLOW,1,High,0.5,19
62,0.6224766655496139,0.0,Violation,0.4979813324396911,HUMAN_REVIEW,1,High,0.5,19
63,0.4979813324396911,0.0,Violation,0.39838506595175294,HUMAN_REVIEW,1,High,0.5,19
64,0.39838506595175294,1.0,Compliant,0.5187080527614023,HUMAN_REVIEW,0,High,0.5,19
65,0.5187080527614023,0.0,Violation,0.4149664422091219,HUMAN_REVIEW,1,High,0.5,19
66,0.4149664422091219,0.0,Violation,0.3319731537672975,HUMAN_REVIEW,1,High,0.5,19
67,0.3319731537672975,1.0,Compliant,0.465578523013838,HUMAN_REVIEW,0,High,0.5,19
68,0.465578523013838,0.0,Violation,0.37246281841107043,HUMAN_REVIEW,1,High,0.5,19
69,0.37246281841107043,0.0,Violation,0.29797025472885635,HUMAN_REVIEW,1,High,0.5,19
70,0.29797025472885635,1.0,Compliant,0.43837620378308506,HUMAN_REVIEW,0,High,0.5,19
71,0.43837620378308506,0.0,Violation,0.3507009630264681,HUMAN_REVIEW,1,High,0.5,19
72,0.3507009630264681,0.0,Violation,0.2805607704211745,HUMAN_REVIEW,1,High,0.5,19
73,0.2805607704211745,1.0,Compliant,0.42444861633693953,HUMAN_REVIEW,0,High,0.5,19
74,0.42444861633693953,1.0,Compliant,0.5395588930695516,HUMAN_REVIEW,0,High,0.5,19
75,0.5395588930695516,0.0,Violation,0.4316471144556413,HUMAN_REVIEW,1,High,0.5,19
76,0.4316471144556413,1.0,Compliant,0.545317691564513,HUMAN_REVIEW,0,High,0.5,19
77,0.545317691564513,1.0,Compliant,0.6362541532516104,ALLOW,0,High,0.5,19
78,0.6362541532516104,1.0,Compliant,0.7090033226012883,ALLOW,0,High,0.5,19
79,0.7090033226012883,1.0,Compliant,0.7672026580810306,ALLOW,0,High,0.5,19
80,0.7672026580810306,0.0,Violation,0.6137621264648245,ALLOW,1,High,0.5,19
81,0.6137621264648245,1.0,Compliant,0.6910097011718597,ALLOW,0,High,0.5,19
82,0.6910097011718597,0.0,Violation,0.5528077609374877,HUMAN_REVIEW,1,High,0.5,19
83,0.5528077609374877,0.0,Violation,0.4422462087499902,HUMAN_REVIEW,1,High,0.5,19
84,0.4422462087499902,1.0,Compliant,0.5537969669999921,HUMAN_REVIEW,0,High,0.5,19
85,0.5537969669999921,1.0,Compliant,0.6430375735999937,ALLOW,0,High,0.5,19
86,0.6430375735999937,1.0,Compliant,0.7144300588799949,ALLOW,0,High,0.5,19
87,0.7144300588799949,0.0,Violation,0.571544047103996,HUMAN_REVIEW,1,High,0.5,19
88,0.571544047103996,1.0,Compliant,0.6572352376831967,ALLOW,0,High,0.5,19
89,0.6572352376831967,0.0,Violation,0.5257881901465574,HUMAN_REVIEW,1,High,0.5,19
90,0.5257881901465574,1.0,Compliant,0.6206305521172459,ALLOW,0,High,0.5,19
91,0.6206305521172459,0.0,Violation,0.49650444169379676,HUMAN_REVIEW,1,High,0.5,19
92,0.49650444169379676,1.0,Compliant,0.5972035533550374,HUMAN_REVIEW,0,High,0.5,19
93,0.5972035533550374,0.0,Violation,0.4777628426840299,HUMAN_REVIEW,1,High,0.5,19
94,0.4777628426840299,1.0,Compliant,0.5822102741472239,HUMAN_REVIEW,0,High,0.5,19
95,0.5822102741472239,0.0,Violation,0.4657682193177792,HUMAN_REVIEW,1,High,0.5,19
96,0.4657682193177792,0.0,Violation,0.3726145754542234,HUMAN_REVIEW,1,High,0.5,19
97,0.3726145754542234,1.0,Compliant,0.49809166036337865,HUMAN_REVIEW,0,High,0.5,19
98,0.49809166036337865,0.0,Violation,0.3984733282907029,HUMAN_REVIEW,1,High,0.5,19
99,0.3984733282907029,0.0,Violation,0.3187786626325624,HUMAN_REVIEW,1,High,0.5,19
100,0.3187786626325624,0.0,Violation,0.2550229301060499,HUMAN_REVIEW,1,High,0.5,19
1,0.8,1.0,Compliant,0.8400000000000001,ALLOW,0,High,0.5,20
2,0.8400000000000001,0.0,Violation,0.6720000000000002,ALLOW,1,High,0.5,20
3,0.6720000000000002,0.0,Violation,0.5376000000000002,HUMAN_REVIEW,1,High,0.5,20
4,0.5376000000000002,1.0,Compliant,0.6300800000000002,ALLOW,0,High,0.5,20
5,0.6300800000000002,0.0,Violation,0.5040640000000002,HUMAN_REVIEW,1,High,0.5,20
6,0.5040640000000002,0.0,Violation,0.40325120000000014,HUMAN_REVIEW,1,High,0.5,20
7,0.40325120000000014,0.0,Violation,0.32260096000000016,HUMAN_REVIEW,1,High,0.5,20
8,0.32260096000000016,1.0,Compliant,0.4580807680000001,HUMAN_REVIEW,0,High,0.5,20
9,0.4580807680000001,1.0,Compliant,0.5664646144000001,HUMAN_REVIEW,0,High,0.5,20
10,0.5664646144000001,0.0,Violation,0.4531716915200001,HUMAN_REVIEW,1,High,0.5,20
11,0.4531716915200001,1.0,Compliant,0.5625373532160001,HUMAN_REVIEW,0,High,0.5,20
12,0.5625373532160001,1.0,Compliant,0.6500298825728,ALLOW,0,High,0.5,20
13,0.6500298825728,0.0,Violation,0.52002390605824,HUMAN_REVIEW,1,High,0.5,20
14,0.52002390605824,1.0,Compliant,0.616019124846592,ALLOW,0,High,0.5,20
15,0.616019124846592,1.0,Compliant,0.6928152998772736,ALLOW,0,High,0.5,20
16,0.6928152998772736,1.0,Compliant,0.7542522399018189,ALLOW,0,High,0.5,20
17,0.7542522399018189,1.0,Compliant,0.8034017919214551,ALLOW,0,High,0.5,20
18,0.8034017919214551,1.0,Compliant,0.8427214335371641,ALLOW,0,High,0.5,20
19,0.8427214335371641,0.0,Violation,0.6741771468297313,ALLOW,1,High,0.5,20
20,0.6741771468297313,0.0,Violation,0.539341717463785,HUMAN_REVIEW,1,High,0.5,20
21,0.539341717463785,0.0,Violation,0.43147337397102803,HUMAN_REVIEW,1,High,0.5,20
22,0.43147337397102803,1.0,Compliant,0.5451786991768224,HUMAN_REVIEW,0,High,0.5,20
23,0.5451786991768224,0.0,Violation,0.4361429593414579,HUMAN_REVIEW,1,High,0.5,20
24,0.4361429593414579,1.0,Compliant,0.5489143674731662,HUMAN_REVIEW,0,High,0.5,20
25,0.5489143674731662,1.0,Compliant,0.639131493978533,ALLOW,0,High,0.5,20
26,0.639131493978533,1.0,Compliant,0.7113051951828263,ALLOW,0,High,0.5,20
27,0.7113051951828263,1.0,Compliant,0.769044156146261,ALLOW,0,High,0.5,20
28,0.769044156146261,1.0,Compliant,0.8152353249170088,ALLOW,0,High,0.5,20
29,0.8152353249170088,1.0,Compliant,0.852188259933607,ALLOW,0,High,0.5,20
30,0.852188259933607,1.0,Compliant,0.8817506079468856,ALLOW,0,High,0.5,20
31,0.8817506079468856,1.0,Compliant,0.9054004863575085,ALLOW,0,High,0.5,20
32,0.9054004863575085,1.0,Compliant,0.9243203890860068,ALLOW,0,High,0.5,20
33,0.9243203890860068,0.0,Violation,0.7394563112688055,ALLOW,1,High,0.5,20
34,0.7394563112688055,0.0,Violation,0.5915650490150445,HUMAN_REVIEW,1,High,0.5,20
35,0.5915650490150445,1.0,Compliant,0.6732520392120356,ALLOW,0,High,0.5,20
36,0.6732520392120356,1.0,Compliant,0.7386016313696284,ALLOW,0,High,0.5,20
37,0.7386016313696284,1.0,Compliant,0.7908813050957028,ALLOW,0,High,0.5,20
38,0.7908813050957028,0.0,Violation,0.6327050440765623,ALLOW,1,High,0.5,20
39,0.6327050440765623,1.0,Compliant,0.7061640352612498,ALLOW,0,High,0.5,20
40,0.7061640352612498,1.0,Compliant,0.7649312282089998,ALLOW,0,High,0.5,20
41,0.7649312282089998,1.0,Compliant,0.8119449825671998,ALLOW,0,High,0.5,20
42,0.8119449825671998,1.0,Compliant,0.8495559860537598,ALLOW,0,High,0.5,20
43,0.8495559860537598,0.0,Violation,0.6796447888430079,ALLOW,1,High,0.5,20
44,0.6796447888430079,0.0,Violation,0.5437158310744064,HUMAN_REVIEW,1,High,0.5,20
45,0.5437158310744064,1.0,Compliant,0.6349726648595251,ALLOW,0,High,0.5,20
46,0.6349726648595251,0.0,Violation,0.5079781318876201,HUMAN_REVIEW,1,High,0.5,20
47,0.5079781318876201,0.0,Violation,0.4063825055100961,HUMAN_REVIEW,1,High,0.5,20
48,0.4063825055100961,0.0,Violation,0.3251060044080769,HUMAN_REVIEW,1,High,0.5,20
49,0.3251060044080769,1.0,Compliant,0.46008480352646147,HUMAN_REVIEW,0,High,0.5,20
50,0.46008480352646147,1.0,Compliant,0.5680678428211692,HUMAN_REVIEW,0,High,0.5,20
51,0.5680678428211692,0.0,Violation,0.45445427425693535,HUMAN_REVIEW,1,High,0.5,20
52,0.45445427425693535,1.0,Compliant,0.5635634194055483,HUMAN_REVIEW,0,High,0.5,20
53,0.5635634194055483,1.0,Compliant,0.6508507355244386,ALLOW,0,High,0.5,20
54,0.6508507355244386,1.0,Compliant,0.7206805884195508,ALLOW,0,High,0.5,20
55,0.7206805884195508,1.0,Compliant,0.7765444707356407,ALLOW,0,High,0.5,20
56,0.7765444707356407,1.0,Compliant,0.8212355765885125,ALLOW,0,High,0.5,20
57,0.8212355765885125,0.0,Violation,0.6569884612708101,ALLOW,1,High,0.5,20
58,0.6569884612708101,1.0,Compliant,0.7255907690166481,ALLOW,0,High,0.5,20
59,0.7255907690166481,0.0,Violation,0.5804726152133185,HUMAN_REVIEW,1,High,0.5,20
60,0.5804726152133185,0.0,Violation,0.46437809217065484,HUMAN_REVIEW,1,High,0.5,20
61,0.46437809217065484,1.0,Compliant,0.5715024737365239,HUMAN_REVIEW,0,High,0.5,20
62,0.5715024737365239,0.0,Violation,0.4572019789892191,HUMAN_REVIEW,1,High,0.5,20
63,0.4572019789892191,1.0,Compliant,0.5657615831913753,HUMAN_REVIEW,0,High,0.5,20
64,0.5657615831913753,0.0,Violation,0.45260926655310024,HUMAN_REVIEW,1,High,0.5,20
65,0.45260926655310024,0.0,Violation,0.3620874132424802,HUMAN_REVIEW,1,High,0.5,20
66,0.3620874132424802,1.0,Compliant,0.48966993059398417,HUMAN_REVIEW,0,High,0.5,20
67,0.48966993059398417,0.0,Violation,0.39173594447518734,HUMAN_REVIEW,1,High,0.5,20
68,0.39173594447518734,0.0,Violation,0.3133887555801499,HUMAN_REVIEW,1,High,0.5,20
69,0.3133887555801499,0.0,Violation,0.2507110044641199,HUMAN_REVIEW,1,High,0.5,20
70,0.2507110044641199,1.0,Compliant,0.4005688035712959,HUMAN_REVIEW,0,High,0.5,20
71,0.4005688035712959,0.0,Violation,0.32045504285703674,HUMAN_REVIEW,1,High,0.5,20
72,0.32045504285703674,0.0,Violation,0.2563640342856294,HUMAN_REVIEW,1,High,0.5,20
73,0.2563640342856294,0.0,Violation,0.20509122742850355,HUMAN_REVIEW,1,High,0.5,20
74,0.20509122742850355,1.0,Compliant,0.3640729819428028,HUMAN_REVIEW,0,High,0.5,20
75,0.3640729819428028,0.0,Violation,0.29125838555424227,HUMAN_REVIEW,1,High,0.5,20
76,0.29125838555424227,1.0,Compliant,0.4330067084433938,HUMAN_REVIEW,0,High,0.5,20
77,0.4330067084433938,1.0,Compliant,0.5464053667547151,HUMAN_REVIEW,0,High,0.5,20
78,0.5464053667547151,0.0,Violation,0.43712429340377207,HUMAN_REVIEW,1,High,0.5,20
79,0.43712429340377207,1.0,Compliant,0.5496994347230176,HUMAN_REVIEW,0,High,0.5,20
80,0.5496994347230176,0.0,Violation,0.43975954777841414,HUMAN_REVIEW,1,High,0.5,20
81,0.43975954777841414,1.0,Compliant,0.5518076382227313,HUMAN_REVIEW,0,High,0.5,20
82,0.5518076382227313,1.0,Compliant,0.641446110578185,ALLOW,0,High,0.5,20
83,0.641446110578185,0.0,Violation,0.513156888462548,HUMAN_REVIEW,1,High,0.5,20
84,0.513156888462548,0.0,Violation,0.41052551077003846,HUMAN_REVIEW,1,High,0.5,20
85,0.41052551077003846,1.0,Compliant,0.5284204086160307,HUMAN_REVIEW,0,High,0.5,20
86,0.5284204086160307,0.0,Violation,0.4227363268928246,HUMAN_REVIEW,1,High,0.5,20
87,0.4227363268928246,0.0,Violation,0.3381890615142597,HUMAN_REVIEW,1,High,0.5,20
88,0.3381890615142597,0.0,Violation,0.2705512492114078,HUMAN_REVIEW,1,High,0.5,20
89,0.2705512492114078,1.0,Compliant,0.41644099936912615,HUMAN_REVIEW,0,High,0.5,20
90,0.41644099936912615,0.0,Violation,0.33315279949530097,HUMAN_REVIEW,1,High,0.5,20
91,0.33315279949530097,1.0,Compliant,0.46652223959624073,HUMAN_REVIEW,0,High,0.5,20
92,0.46652223959624073,1.0,Compliant,0.5732177916769925,HUMAN_REVIEW,0,High,0.5,20
93,0.5732177916769925,0.0,Violation,0.45857423334159403,HUMAN_REVIEW,1,High,0.5,20
94,0.45857423334159403,0.0,Violation,0.3668593866732752,HUMAN_REVIEW,1,High,0.5,20
95,0.3668593866732752,1.0,Compliant,0.4934875093386201,HUMAN_REVIEW,0,High,0.5,20
96,0.4934875093386201,1.0,Compliant,0.594790007470896,HUMAN_REVIEW,0,High,0.5,20
97,0.594790007470896,1.0,Compliant,0.6758320059767169,ALLOW,0,High,0.5,20
98,0.6758320059767169,0.0,Violation,0.5406656047813735,HUMAN_REVIEW,1,High,0.5,20
99,0.5406656047813735,0.0,Violation,0.4325324838250988,HUMAN_REVIEW,1,High,0.5,20
100,0.4325324838250988,0.0,Violation,0.34602598706007903,HUMAN_REVIEW,1,High,0.5,20
1,0.8,0.0,Violation,0.6400000000000001,ALLOW,1,High,0.5,21
2,0.6400000000000001,0.0,Violation,0.5120000000000001,HUMAN_REVIEW,1,High,0.5,21
3,0.5120000000000001,1.0,Compliant,0.6096000000000001,ALLOW,0,High,0.5,21
4,0.6096000000000001,0.0,Violation,0.4876800000000001,HUMAN_REVIEW,1,High,0.5,21
5,0.4876800000000001,0.0,Violation,0.3901440000000001,HUMAN_REVIEW,1,High,0.5,21
6,0.3901440000000001,1.0,Compliant,0.5121152,HUMAN_REVIEW,0,High,0.5,21
7,0.5121152,1.0,Compliant,0.60969216,ALLOW,0,High,0.5,21
8,0.60969216,1.0,Compliant,0.687753728,ALLOW,0,High,0.5,21
9,0.687753728,0.0,Violation,0.5502029824,HUMAN_REVIEW,1,High,0.5,21
10,0.5502029824,1.0,Compliant,0.64016238592,ALLOW,0,High,0.5,21
11,0.64016238592,1.0,Compliant,0.7121299087359999,ALLOW,0,High,0.5,21
12,0.7121299087359999,0.0,Violation,0.5697039269887999,HUMAN_REVIEW,1,High,0.5,21
13,0.5697039269887999,0.0,Violation,0.4557631415910399,HUMAN_REVIEW,1,High,0.5,21
14,0.4557631415910399,1.0,Compliant,0.5646105132728318,HUMAN_REVIEW,0,High,0.5,21
15,0.5646105132728318,1.0,Compliant,0.6516884106182654,ALLOW,0,High,0.5,21
16,0.6516884106182654,0.0,Violation,0.5213507284946124,HUMAN_REVIEW,1,High,0.5,21
17,0.5213507284946124,1.0,Compliant,0.6170805827956899,ALLOW,0,High,0.5,21
18,0.6170805827956899,1.0,Compliant,0.6936644662365519,ALLOW,0,High,0.5,21
19,0.6936644662365519,1.0,Compliant,0.7549315729892415,ALLOW,0,High,0.5,21
20,0.7549315729892415,0.0,Violation,0.6039452583913932,ALLOW,1,High,0.5,21
21,0.6039452583913932,0.0,Violation,0.4831562067131146,HUMAN_REVIEW,1,High,0.5,21
22,0.4831562067131146,0.0,Violation,0.3865249653704917,HUMAN_REVIEW,1,High,0.5,21
23,0.3865249653704917,1.0,Compliant,0.5092199722963933,HUMAN_REVIEW,0,High,0.5,21
24,0.5092199722963933,0.0,Violation,0.40737597783711466,HUMAN_REVIEW,1,High,0.5,21
25,0.40737597783711466,1.0,Compliant,0.5259007822696917,HUMAN_REVIEW,0,High,0.5,21
26,0.5259007822696917,0.0,Violation,0.4207206258157534,HUMAN_REVIEW,1,High,0.5,21
27,0.4207206258157534,0.0,Violation,0.33657650065260275,HUMAN_REVIEW,1,High,0.5,21
28,0.33657650065260275,0.0,Violation,0.2692612005220822,HUMAN_REVIEW,1,High,0.5,21
29,0.2692612005220822,0.0,Violation,0.21540896041766577,HUMAN_REVIEW,1,High,0.5,21
30,0.21540896041766577,0.0,Violation,0.17232716833413264,HUMAN_REVIEW,1,High,0.5,21
31,0.17232716833413264,0.0,Violation,0.1378617346673061,HUMAN_REVIEW,1,High,0.5,21
32,0.1378617346673061,0.0,Violation,0.11028938773384489,HUMAN_REVIEW,1,High,0.5,21
33,0.11028938773384489,1.0,Compliant,0.2882315101870759,HUMAN_REVIEW,0,High,0.5,21
34,0.2882315101870759,1.0,Compliant,0.43058520814966067,HUMAN_REVIEW,0,High,0.5,21
35,0.43058520814966067,0.0,Violation,0.34446816651972856,HUMAN_REVIEW,1,High,0.5,21
36,0.34446816651972856,0.0,Violation,0.27557453321578285,HUMAN_REVIEW,1,High,0.5,21
37,0.27557453321578285,0.0,Violation,0.2204596265726263,HUMAN_REVIEW,1,High,0.5,21
38,0.2204596265726263,1.0,Compliant,0.37636770125810104,HUMAN_REVIEW,0,High,0.5,21
39,0.37636770125810104,1.0,Compliant,0.5010941610064807,HUMAN_REVIEW,0,High,0.5,21
40,0.5010941610064807,0.0,Violation,0.4008753288051846,HUMAN_REVIEW,1,High,0.5,21
41,0.4008753288051846,1.0,Compliant,0.5207002630441477,HUMAN_REVIEW,0,High,0.5,21
42,0.5207002630441477,0.0,Violation,0.4165602104353182,HUMAN_REVIEW,1,High,0.5,21
43,0.4165602104353182,1.0,Compliant,0.5332481683482546,HUMAN_REVIEW,0,High,0.5,21
44,0.5332481683482546,1.0,Compliant,0.6265985346786036,ALLOW,0,High,0.5,21
45,0.6265985346786036,1.0,Compliant,0.7012788277428829,ALLOW,0,High,0.5,21
46,0.7012788277428829,1.0,Compliant,0.7610230621943063,ALLOW,0,High,0.5,21
47,0.7610230621943063,1.0,Compliant,0.808818449755445,ALLOW,0,High,0.5,21
48,0.808818449755445,1.0,Compliant,0.8470547598043561,ALLOW,0,High,0.5,21
49,0.8470547598043561,0.0,Violation,0.6776438078434849,ALLOW,1,High,0.5,21
50,0.6776438078434849,1.0,Compliant,0.7421150462747879,ALLOW,0,High,0.5,21
51,0.7421150462747879,0.0,Violation,0.5936920370198303,HUMAN_REVIEW,1,High,0.5,21
52,0.5936920370198303,1.0,Compliant,0.6749536296158642,ALLOW,0,High,0.5,21
53,0.6749536296158642,0.0,Violation,0.5399629036926914,HUMAN_REVIEW,1,High,0.5,21
54,0.5399629036926914,0.0,Violation,0.43197032295415316,HUMAN_REVIEW,1,High,0.5,21
55,0.43197032295415316,0.0,Violation,0.34557625836332256,HUMAN_REVIEW,1,High,0.5,21
56,0.34557625836332256,0.0,Violation,0.27646100669065804,HUMAN_REVIEW,1,High,0.5,21
57,0.27646100669065804,0.0,Violation,0.22116880535252645,HUMAN_REVIEW,1,High,0.5,21
58,0.22116880535252645,0.0,Violation,0.17693504428202117,HUMAN_REVIEW,1,High,0.5,21
59,0.17693504428202117,0.0,Violation,0.14154803542561695,HUMAN_REVIEW,1,High,0.5,21
60,0.14154803542561695,0.0,Violation,0.11323842834049357,HUMAN_REVIEW,1,High,0.5,21
61,0.11323842834049357,0.0,Violation,0.09059074267239486,HUMAN_REVIEW,1,High,0.5,21
62,0.09059074267239486,1.0,Compliant,0.27247259413791586,HUMAN_REVIEW,0,High,0.5,21
63,0.27247259413791586,1.0,Compliant,0.41797807531033265,HUMAN_REVIEW,0,High,0.5,21
64,0.41797807531033265,1.0,Compliant,0.5343824602482661,HUMAN_REVIEW,0,High,0.5,21
65,0.5343824602482661,0.0,Violation,0.42750596819861286,HUMAN_REVIEW,1,High,0.5,21
66,0.42750596819861286,0.0,Violation,0.34200477455889033,HUMAN_REVIEW,1,High,0.5,21
67,0.34200477455889033,0.0,Violation,0.2736038196471123,HUMAN_REVIEW,1,High,0.5,21
68,0.2736038196471123,1.0,Compliant,0.4188830557176898,HUMAN_REVIEW,0,High,0.5,21
69,0.4188830557176898,1.0,Compliant,0.5351064445741518,HUMAN_REVIEW,0,High,0.5,21
70,0.5351064445741518,0.0,Violation,0.4280851556593215,HUMAN_REVIEW,1,High,0.5,21
71,0.4280851556593215,1.0,Compliant,0.5424681245274572,HUMAN_REVIEW,0,High,0.5,21
72,0.5424681245274572,0.0,Violation,0.43397449962196577,HUMAN_REVIEW,1,High,0.5,21
73,0.43397449962196577,0.0,Violation,0.3471795996975726,HUMAN_REVIEW,1,High,0.5,21
74,0.3471795996975726,1.0,Compliant,0.47774367975805804,HUMAN_REVIEW,0,High,0.5,21
75,0.47774367975805804,1.0,Compliant,0.5821949438064464,HUMAN_REVIEW,0,High,0.5,21
76,0.5821949438064464,0.0,Violation,0.46575595504515716,HUMAN_REVIEW,1,High,0.5,21
77,0.46575595504515716,1.0,Compliant,0.5726047640361257,HUMAN_REVIEW,0,High,0.5,21
78,0.5726047640361257,0.0,Violation,0.4580838112289006,HUMAN_REVIEW,1,High,0.5,21
79,0.4580838112289006,1.0,Compliant,0.5664670489831205,HUMAN_REVIEW,0,High,0.5,21
80,0.5664670489831205,0.0,Violation,0.45317363918649645,HUMAN_REVIEW,1,High,0.5,21
81,0.45317363918649645,1.0,Compliant,0.5625389113491972,HUMAN_REVIEW,0,High,0.5,21
82,0.5625389113491972,0.0,Violation,0.4500311290793578,HUMAN_REVIEW,1,High,0.5,21
83,0.4500311290793578,0.0,Violation,0.36002490326348624,HUMAN_REVIEW,1,High,0.5,21
84,0.36002490326348624,1.0,Compliant,0.48801992261078897,HUMAN_REVIEW,0,High,0.5,21
85,0.48801992261078897,0.0,Violation,0.3904159380886312,HUMAN_REVIEW,1,High,0.5,21
86,0.3904159380886312,1.0,Compliant,0.512332750470905,HUMAN_REVIEW,0,High,0.5,21
87,0.512332750470905,1.0,Compliant,0.6098662003767239,ALLOW,0,High,0.5,21
88,0.6098662003767239,1.0,Compliant,0.687892960301379,ALLOW,0,High,0.5,21
89,0.687892960301379,0.0,Violation,0.5503143682411032,HUMAN_REVIEW,1,High,0.5,21
90,0.5503143682411032,0.0,Violation,0.4402514945928826,HUMAN_REVIEW,1,High,0.5,21
91,0.4402514945928826,0.0,Violation,0.3522011956743061,HUMAN_REVIEW,1,High,0.5,21
92,0.3522011956743061,1.0,Compliant,0.48176095653944484,HUMAN_REVIEW,0,High,0.5,21
93,0.48176095653944484,0.0,Violation,0.38540876523155587,HUMAN_REVIEW,1,High,0.5,21
94,0.38540876523155587,1.0,Compliant,0.5083270121852447,HUMAN_REVIEW,0,High,0.5,21
95,0.5083270121852447,0.0,Violation,0.40666160974819576,HUMAN_REVIEW,1,High,0.5,21
96,0.40666160974819576,1.0,Compliant,0.5253292877985566,HUMAN_REVIEW,0,High,0.5,21
97,0.5253292877985566,1.0,Compliant,0.6202634302388452,ALLOW,0,High,0.5,21
98,0.6202634302388452,1.0,Compliant,0.6962107441910761,ALLOW,0,High,0.5,21
99,0.6962107441910761,0.0,Violation,0.5569685953528609,HUMAN_REVIEW,1,High,0.5,21
100,0.5569685953528609,0.0,Violation,0.44557487628228876,HUMAN_REVIEW,1,High,0.5,21
1,0.8,0.0,Violation,0.6400000000000001,ALLOW,1,High,0.5,22
2,0.6400000000000001,1.0,Compliant,0.7120000000000001,ALLOW,0,High,0.5,22
3,0.7120000000000001,1.0,Compliant,0.7696000000000001,ALLOW,0,High,0.5,22
4,0.7696000000000001,1.0,Compliant,0.8156800000000001,ALLOW,0,High,0.5,22
5,0.8156800000000001,1.0,Compliant,0.8525440000000001,ALLOW,0,High,0.5,22
6,0.8525440000000001,1.0,Compliant,0.8820352,ALLOW,0,High,0.5,22
7,0.8820352,1.0,Compliant,0.90562816,ALLOW,0,High,0.5,22
8,0.90562816,0.0,Violation,0.724502528,ALLOW,1,High,0.5,22
9,0.724502528,0.0,Violation,0.5796020224,HUMAN_REVIEW,1,High,0.5,22
10,0.5796020224,1.0,Compliant,0.66368161792,ALLOW,0,High,0.5,22
11,0.66368161792,0.0,Violation,0.530945294336,HUMAN_REVIEW,1,High,0.5,22
12,0.530945294336,1.0,Compliant,0.6247562354688,ALLOW,0,High,0.5,22
13,0.6247562354688,1.0,Compliant,0.6998049883750399,ALLOW,0,High,0.5,22
14,0.6998049883750399,1.0,Compliant,0.759843990700032,ALLOW,0,High,0.5,22
15,0.759843990700032,0.0,Violation,0.6078751925600256,ALLOW,1,High,0.5,22
16,0.6078751925600256,1.0,Compliant,0.6863001540480205,ALLOW,0,High,0.5,22
17,0.6863001540480205,1.0,Compliant,0.7490401232384164,ALLOW,0,High,0.5,22
18,0.7490401232384164,0.0,Violation,0.5992320985907331,HUMAN_REVIEW,1,High,0.5,22
19,0.5992320985907331,1.0,Compliant,0.6793856788725865,ALLOW,0,High,0.5,22
20,0.6793856788725865,1.0,Compliant,0.7435085430980691,ALLOW,0,High,0.5,22
21,0.7435085430980691,0.0,Violation,0.5948068344784553,HUMAN_REVIEW,1,High,0.5,22
22,0.5948068344784553,1.0,Compliant,0.6758454675827642,ALLOW,0,High,0.5,22
23,0.6758454675827642,1.0,Compliant,0.7406763740662113,ALLOW,0,High,0.5,22
24,0.7406763740662113,1.0,Compliant,0.792541099252969,ALLOW,0,High,0.5,22
25,0.792541099252969,0.0,Violation,0.6340328794023753,ALLOW,1,High,0.5,22
26,0.6340328794023753,1.0,Compliant,0.7072263035219002,ALLOW,0,High,0.5,22
27,0.7072263035219002,1.0,Compliant,0.7657810428175201,ALLOW,0,High,0.5,22
28,0.7657810428175201,0.0,Violation,0.6126248342540161,ALLOW,1,High,0.5,22
29,0.6126248342540161,1.0,Compliant,0.6900998674032128,ALLOW,0,High,0.5,22
30,0.6900998674032128,1.0,Compliant,0.7520798939225702,ALLOW,0,High,0.5,22
31,0.7520798939225702,1.0,Compliant,0.8016639151380562,ALLOW,0,High,0.5,22
32,0.8016639151380562,0.0,Violation,0.641331132110445,ALLOW,1,High,0.5,22
33,0.641331132110445,1.0,Compliant,0.713064905688356,ALLOW,0,High,0.5,22
34,0.713064905688356,1.0,Compliant,0.7704519245506848,ALLOW,0,High,0.5,22
35,0.7704519245506848,0.0,Violation,0.6163615396405479,ALLOW,1,High,0.5,22
36,0.6163615396405479,0.0,Violation,0.4930892317124383,HUMAN_REVIEW,1,High,0.5,22
37,0.4930892317124383,1.0,Compliant,0.5944713853699506,HUMAN_REVIEW,0,High,0.5,22
38,0.5944713853699506,1.0,Compliant,0.6755771082959605,ALLOW,0,High,0.5,22
39,0.6755771082959605,0.0,Violation,0.5404616866367684,HUMAN_REVIEW,1,High,0.5,22
40,0.5404616866367684,0.0,Violation,0.43236934930941473,HUMAN_REVIEW,1,High,0.5,22
41,0.43236934930941473,0.0,Violation,0.3458954794475318,HUMAN_REVIEW,1,High,0.5,22
42,0.3458954794475318,1.0,Compliant,0.4767163835580254,HUMAN_REVIEW,0,High,0.5,22
43,0.4767163835580254,1.0,Compliant,0.5813731068464203,HUMAN_REVIEW,0,High,0.5,22
44,0.5813731068464203,0.0,Violation,0.4650984854771363,HUMAN_REVIEW,1,High,0.5,22
45,0.4650984854771363,0.0,Violation,0.37207878838170905,HUMAN_REVIEW,1,High,0.5,22
46,0.37207878838170905,1.0,Compliant,0.4976630307053672,HUMAN_REVIEW,0,High,0.5,22
47,0.4976630307053672,1.0,Compliant,0.5981304245642938,HUMAN_REVIEW,0,High,0.5,22
48,0.5981304245642938,1.0,Compliant,0.678504339651435,ALLOW,0,High,0.5,22
49,0.678504339651435,0.0,Violation,0.542803471721148,HUMAN_REVIEW,1,High,0.5,22
50,0.542803471721148,0.0,Violation,0.4342427773769184,HUMAN_REVIEW,1,High,0.5,22
51,0.4342427773769184,1.0,Compliant,0.5473942219015346,HUMAN_REVIEW,0,High,0.5,22
52,0.5473942219015346,0.0,Violation,0.4379153775212277,HUMAN_REVIEW,1,High,0.5,22
53,0.4379153775212277,1.0,Compliant,0.5503323020169821,HUMAN_REVIEW,0,High,0.5,22
54,0.5503323020169821,0.0,Violation,0.44026584161358573,HUMAN_REVIEW,1,High,0.5,22
55,0.44026584161358573,0.0,Violation,0.3522126732908686,HUMAN_REVIEW,1,High,0.5,22
56,0.3522126732908686,1.0,Compliant,0.48177013863269486,HUMAN_REVIEW,0,High,0.5,22
57,0.48177013863269486,0.0,Violation,0.3854161109061559,HUMAN_REVIEW,1,High,0.5,22
58,0.3854161109061559,0.0,Violation,0.30833288872492476,HUMAN_REVIEW,1,High,0.5,22
59,0.30833288872492476,1.0,Compliant,0.4466663109799398,HUMAN_REVIEW,0,High,0.5,22
60,0.4466663109799398,0.0,Violation,0.3573330487839519,HUMAN_REVIEW,1,High,0.5,22
61,0.3573330487839519,0.0,Violation,0.2858664390271615,HUMAN_REVIEW,1,High,0.5,22
62,0.2858664390271615,1.0,Compliant,0.4286931512217292,HUMAN_REVIEW,0,High,0.5,22
63,0.4286931512217292,1.0,Compliant,0.5429545209773834,HUMAN_REVIEW,0,High,0.5,22
64,0.5429545209773834,1.0,Compliant,0.6343636167819067,ALLOW,0,High,0.5,22
65,0.6343636167819067,1.0,Compliant,0.7074908934255253,ALLOW,0,High,0.5,22
66,0.7074908934255253,0.0,Violation,0.5659927147404202,HUMAN_REVIEW,1,High,0.5,22
67,0.5659927147404202,0.0,Violation,0.4527941717923362,HUMAN_REVIEW,1,High,0.5,22
68,0.4527941717923362,1.0,Compliant,0.5622353374338689,HUMAN_REVIEW,0,High,0.5,22
69,0.5622353374338689,0.0,Violation,0.44978826994709514,HUMAN_REVIEW,1,High,0.5,22
70,0.44978826994709514,0.0,Violation,0.3598306159576761,HUMAN_REVIEW,1,High,0.5,22
71,0.3598306159576761,1.0,Compliant,0.48786449276614086,HUMAN_REVIEW,0,High,0.5,22
72,0.48786449276614086,0.0,Violation,0.3902915942129127,HUMAN_REVIEW,1,High,0.5,22
73,0.3902915942129127,0.0,Violation,0.3122332753703302,HUMAN_REVIEW,1,High,0.5,22
74,0.3122332753703302,1.0,Compliant,0.44978662029626415,HUMAN_REVIEW,0,High,0.5,22
75,0.44978662029626415,1.0,Compliant,0.5598292962370113,HUMAN_REVIEW,0,High,0.5,22
76,0.5598292962370113,0.0,Violation,0.44786343698960907,HUMAN_REVIEW,1,High,0.5,22
77,0.44786343698960907,1.0,Compliant,0.5582907495916872,HUMAN_REVIEW,0,High,0.5,22
78,0.5582907495916872,1.0,Compliant,0.6466325996733497,ALLOW,0,High,0.5,22
79,0.6466325996733497,1.0,Compliant,0.7173060797386798,ALLOW,0,High,0.5,22
80,0.7173060797386798,0.0,Violation,0.5738448637909438,HUMAN_REVIEW,1,High,0.5,22
81,0.5738448637909438,1.0,Compliant,0.659075891032755,ALLOW,0,High,0.5,22
82,0.659075891032755,0.0,Violation,0.527260712826204,HUMAN_REVIEW,1,High,0.5,22
83,0.527260712826204,0.0,Violation,0.42180857026096324,HUMAN_REVIEW,1,High,0.5,22
84,0.42180857026096324,1.0,Compliant,0.5374468562087706,HUMAN_REVIEW,0,High,0.5,22
85,0.5374468562087706,0.0,Violation,0.4299574849670165,HUMAN_REVIEW,1,High,0.5,22
86,0.4299574849670165,1.0,Compliant,0.5439659879736132,HUMAN_REVIEW,0,High,0.5,22
87,0.5439659879736132,1.0,Compliant,0.6351727903788905,ALLOW,0,High,0.5,22
88,0.6351727903788905,0.0,Violation,0.5081382323031124,HUMAN_REVIEW,1,High,0.5,22
89,0.5081382323031124,1.0,Compliant,0.60651058584249,ALLOW,0,High,0.5,22
90,0.60651058584249,0.0,Violation,0.485208468673992,HUMAN_REVIEW,1,High,0.5,22
91,0.485208468673992,0.0,Violation,0.3881667749391936,HUMAN_REVIEW,1,High,0.5,22
92,0.3881667749391936,1.0,Compliant,0.5105334199513549,HUMAN_REVIEW,0,High,0.5,22
93,0.5105334199513549,1.0,Compliant,0.608426735961084,ALLOW,0,High,0.5,22
94,0.608426735961084,1.0,Compliant,0.6867413887688671,ALLOW,0,High,0.5,22
95,0.6867413887688671,1.0,Compliant,0.7493931110150936,ALLOW,0,High,0.5,22
96,0.7493931110150936,1.0,Compliant,0.7995144888120749,ALLOW,0,High,0.5,22
97,0.7995144888120749,0.0,Violation,0.6396115910496599,ALLOW,1,High,0.5,22
98,0.6396115910496599,0.0,Violation,0.511689272839728,HUMAN_REVIEW,1,High,0.5,22
99,0.511689272839728,1.0,Compliant,0.6093514182717823,ALLOW,0,High,0.5,22
100,0.6093514182717823,1.0,Compliant,0.6874811346174259,ALLOW,0,High,0.5,22
1,0.8,0.0,Violation,0.6400000000000001,ALLOW,1,High,0.5,23
2,0.6400000000000001,1.0,Compliant,0.7120000000000001,ALLOW,0,High,0.5,23
3,0.7120000000000001,1.0,Compliant,0.7696000000000001,ALLOW,0,High,0.5,23
4,0.7696000000000001,1.0,Compliant,0.8156800000000001,ALLOW,0,High,0.5,23
5,0.8156800000000001,1.0,Compliant,0.8525440000000001,ALLOW,0,High,0.5,23
6,0.8525440000000001,0.0,Violation,0.6820352000000001,ALLOW,1,High,0.5,23
7,0.6820352000000001,0.0,Violation,0.54562816,HUMAN_REVIEW,1,High,0.5,23
8,0.54562816,0.0,Violation,0.43650252800000006,HUMAN_REVIEW,1,High,0.5,23
9,0.43650252800000006,1.0,Compliant,0.5492020224,HUMAN_REVIEW,0,High,0.5,23
10,0.5492020224,1.0,Compliant,0.63936161792,ALLOW,0,High,0.5,23
11,0.63936161792,0.0,Violation,0.511489294336,HUMAN_REVIEW,1,High,0.5,23
12,0.511489294336,0.0,Violation,0.4091914354688,HUMAN_REVIEW,1,High,0.5,23
13,0.4091914354688,0.0,Violation,0.32735314837504004,HUMAN_REVIEW,1,High,0.5,23
14,0.32735314837504004,0.0,Violation,0.26188251870003204,HUMAN_REVIEW,1,High,0.5,23
15,0.26188251870003204,1.0,Compliant,0.4095060149600256,HUMAN_REVIEW,0,High,0.5,23
16,0.4095060149600256,1.0,Compliant,0.5276048119680204,HUMAN_REVIEW,0,High,0.5,23
17,0.5276048119680204,0.0,Violation,0.42208384957441636,HUMAN_REVIEW,1,High,0.5,23
18,0.42208384957441636,0.0,Violation,0.33766707965953313,HUMAN_REVIEW,1,High,0.5,23
19,0.33766707965953313,0.0,Violation,0.27013366372762654,HUMAN_REVIEW,1,High,0.5,23
20,0.27013366372762654,1.0,Compliant,0.41610693098210116,HUMAN_REVIEW,0,High,0.5,23
21,0.41610693098210116,0.0,Violation,0.33288554478568094,HUMAN_REVIEW,1,High,0.5,23
22,0.33288554478568094,1.0,Compliant,0.4663084358285447,HUMAN_REVIEW,0,High,0.5,23
23,0.4663084358285447,0.0,Violation,0.37304674866283577,HUMAN_REVIEW,1,High,0.5,23
24,0.37304674866283577,1.0,Compliant,0.49843739893026856,HUMAN_REVIEW,0,High,0.5,23
25,0.49843739893026856,1.0,Compliant,0.5987499191442148,HUMAN_REVIEW,0,High,0.5,23
26,0.5987499191442148,0.0,Violation,0.4789999353153719,HUMAN_REVIEW,1,High,0.5,23
27,0.4789999353153719,0.0,Violation,0.38319994825229753,HUMAN_REVIEW,1,High,0.5,23
28,0.38319994825229753,0.0,Violation,0.30655995860183805,HUMAN_REVIEW,1,High,0.5,23
29,0.30655995860183805,0.0,Violation,0.24524796688147044,HUMAN_REVIEW,1,High,0.5,23
30,0.24524796688147044,1.0,Compliant,0.3961983735051763,HUMAN_REVIEW,0,High,0.5,23
31,0.3961983735051763,0.0,Violation,0.31695869880414107,HUMAN_REVIEW,1,High,0.5,23
32,0.31695869880414107,0.0,Violation,0.2535669590433129,HUMAN_REVIEW,1,High,0.5,23
33,0.2535669590433129,1.0,Compliant,0.40285356723465027,HUMAN_REVIEW,0,High,0.5,23
34,0.40285356723465027,1.0,Compliant,0.5222828537877202,HUMAN_REVIEW,0,High,0.5,23
35,0.5222828537877202,1.0,Compliant,0.6178262830301762,ALLOW,0,High,0.5,23
36,0.6178262830301762,0.0,Violation,0.49426102642414094,HUMAN_REVIEW,1,High,0.5,23
37,0.49426102642414094,0.0,Violation,0.39540882113931275,HUMAN_REVIEW,1,High,0.5,23
38,0.39540882113931275,1.0,Compliant,0.5163270569114502,HUMAN_REVIEW,0,High,0.5,23
39,0.5163270569114502,1.0,Compliant,0.6130616455291602,ALLOW,0,High,0.5,23
40,0.6130616455291602,0.0,Violation,0.4904493164233282,HUMAN_REVIEW,1,High,0.5,23
41,0.4904493164233282,0.0,Violation,0.39235945313866255,HUMAN_REVIEW,1,High,0.5,23
42,0.39235945313866255,0.0,Violation,0.3138875625109301,HUMAN_REVIEW,1,High,0.5,23
43,0.3138875625109301,0.0,Violation,0.2511100500087441,HUMAN_REVIEW,1,High,0.5,23
44,0.2511100500087441,0.0,Violation,0.20088804000699528,HUMAN_REVIEW,1,High,0.5,23
45,0.20088804000699528,1.0,Compliant,0.36071043200559616,HUMAN_REVIEW,0,High,0.5,23
46,0.36071043200559616,1.0,Compliant,0.4885683456044769,HUMAN_REVIEW,0,High,0.5,23
47,0.4885683456044769,1.0,Compliant,0.5908546764835815,HUMAN_REVIEW,0,High,0.5,23
48,0.5908546764835815,1.0,Compliant,0.6726837411868651,ALLOW,0,High,0.5,23
49,0.6726837411868651,0.0,Violation,0.5381469929494921,HUMAN_REVIEW,1,High,0.5,23
50,0.5381469929494921,1.0,Compliant,0.6305175943595936,ALLOW,0,High,0.5,23
51,0.6305175943595936,0.0,Violation,0.5044140754876749,HUMAN_REVIEW,1,High,0.5,23
52,0.5044140754876749,0.0,Violation,0.40353126039014,HUMAN_REVIEW,1,High,0.5,23
53,0.40353126039014,1.0,Compliant,0.522825008312112,HUMAN_REVIEW,0,High,0.5,23
54,0.522825008312112,0.0,Violation,0.4182600066496896,HUMAN_REVIEW,1,High,0.5,23
55,0.4182600066496896,0.0,Violation,0.3346080053197517,HUMAN_REVIEW,1,High,0.5,23
56,0.3346080053197517,0.0,Violation,0.26768640425580137,HUMAN_REVIEW,1,High,0.5,23
57,0.26768640425580137,1.0,Compliant,0.41414912340464105,HUMAN_REVIEW,0,High,0.5,23
58,0.41414912340464105,0.0,Violation,0.33131929872371285,HUMAN_REVIEW,1,High,0.5,23
59,0.33131929872371285,1.0,Compliant,0.4650554389789702,HUMAN_REVIEW,0,High,0.5,23
60,0.4650554389789702,1.0,Compliant,0.5720443511831761,HUMAN_REVIEW,0,High,0.5,23
61,0.5720443511831761,0.0,Violation,0.4576354809465409,HUMAN_REVIEW,1,High,0.5,23
62,0.4576354809465409,0.0,Violation,0.36610838475723273,HUMAN_REVIEW,1,High,0.5,23
63,0.36610838475723273,0.0,Violation,0.2928867078057862,HUMAN_REVIEW,1,High,0.5,23
64,0.2928867078057862,0.0,Violation,0.23430936624462895,HUMAN_REVIEW,1,High,0.5,23
65,0.23430936624462895,1.0,Compliant,0.38744749299570314,HUMAN_REVIEW,0,High,0.5,23
66,0.38744749299570314,1.0,Compliant,0.5099579943965624,HUMAN_REVIEW,0,High,0.5,23
67,0.5099579943965624,1.0,Compliant,0.6079663955172498,ALLOW,0,High,0.5,23
68,0.6079663955172498,0.0,Violation,0.4863731164137999,HUMAN_REVIEW,1,High,0.5,23
69,0.4863731164137999,1.0,Compliant,0.5890984931310399,HUMAN_REVIEW,0,High,0.5,23
70,0.5890984931310399,1.0,Compliant,0.671278794504832,ALLOW,0,High,0.5,23
71,0.671278794504832,1.0,Compliant,0.7370230356038655,ALLOW,0,High,0.5,23
72,0.7370230356038655,0.0,Violation,0.5896184284830924,HUMAN_REVIEW,1,High,0.5,23
73,0.5896184284830924,1.0,Compliant,0.6716947427864739,ALLOW,0,High,0.5,23
74,0.6716947427864739,1.0,Compliant,0.7373557942291791,ALLOW,0,High,0.5,23
75,0.7373557942291791,0.0,Violation,0.5898846353833432,HUMAN_REVIEW,1,High,0.5,23
76,0.5898846353833432,0.0,Violation,0.4719077083066746,HUMAN_REVIEW,1,High,0.5,23
77,0.4719077083066746,1.0,Compliant,0.5775261666453397,HUMAN_REVIEW,0,High,0.5,23
78,0.5775261666453397,0.0,Violation,0.4620209333162718,HUMAN_REVIEW,1,High,0.5,23
79,0.4620209333162718,1.0,Compliant,0.5696167466530174,HUMAN_REVIEW,0,High,0.5,23
80,0.5696167466530174,1.0,Compliant,0.6556933973224139,ALLOW,0,High,0.5,23
81,0.6556933973224139,0.0,Violation,0.5245547178579312,HUMAN_REVIEW,1,High,0.5,23
82,0.5245547178579312,0.0,Violation,0.419643774286345,HUMAN_REVIEW,1,High,0.5,23
83,0.419643774286345,1.0,Compliant,0.535715019429076,HUMAN_REVIEW,0,High,0.5,23
84,0.535715019429076,1.0,Compliant,0.6285720155432608,ALLOW,0,High,0.5,23
85,0.6285720155432608,1.0,Compliant,0.7028576124346086,ALLOW,0,High,0.5,23
86,0.7028576124346086,1.0,Compliant,0.7622860899476869,ALLOW,0,High,0.5,23
87,0.7622860899476869,0.0,Violation,0.6098288719581495,ALLOW,1,High,0.5,23
88,0.6098288719581495,0.0,Violation,0.48786309756651963,HUMAN_REVIEW,1,High,0.5,23
89,0.48786309756651963,1.0,Compliant,0.5902904780532157,HUMAN_REVIEW,0,High,0.5,23
90,0.5902904780532157,1.0,Compliant,0.6722323824425724,ALLOW,0,High,0.5,23
91,0.6722323824425724,1.0,Compliant,0.7377859059540579,ALLOW,0,High,0.5,23
92,0.7377859059540579,1.0,Compliant,0.7902287247632463,ALLOW,0,High,0.5,23
93,0.7902287247632463,0.0,Violation,0.6321829798105971,ALLOW,1,High,0.5,23
94,0.6321829798105971,1.0,Compliant,0.7057463838484777,ALLOW,0,High,0.5,23
95,0.7057463838484777,0.0,Violation,0.5645971070787822,HUMAN_REVIEW,1,High,0.5,23
96,0.5645971070787822,0.0,Violation,0.4516776856630258,HUMAN_REVIEW,1,High,0.5,23
97,0.4516776856630258,0.0,Violation,0.3613421485304207,HUMAN_REVIEW,1,High,0.5,23
98,0.3613421485304207,0.0,Violation,0.2890737188243366,HUMAN_REVIEW,1,High,0.5,23
99,0.2890737188243366,1.0,Compliant,0.4312589750594692,HUMAN_REVIEW,0,High,0.5,23
100,0.4312589750594692,0.0,Violation,0.34500718004757536,HUMAN_REVIEW,1,High,0.5,23
1,0.8,0.0,Violation,0.6400000000000001,ALLOW,1,High,0.5,24
2,0.6400000000000001,0.0,Violation,0.5120000000000001,HUMAN_REVIEW,1,High,0.5,24
3,0.5120000000000001,0.0,Violation,0.40960000000000013,HUMAN_REVIEW,1,High,0.5,24
4,0.40960000000000013,1.0,Compliant,0.5276800000000001,HUMAN_REVIEW,0,High,0.5,24
5,0.5276800000000001,1.0,Compliant,0.622144,ALLOW,0,High,0.5,24
6,0.622144,0.0,Violation,0.4977152,HUMAN_REVIEW,1,High,0.5,24
7,0.4977152,1.0,Compliant,0.5981721600000001,HUMAN_REVIEW,0,High,0.5,24
8,0.5981721600000001,1.0,Compliant,0.678537728,ALLOW,0,High,0.5,24
9,0.678537728,1.0,Compliant,0.7428301824,ALLOW,0,High,0.5,24
10,0.7428301824,0.0,Violation,0.59426414592,HUMAN_REVIEW,1,High,0.5,24
11,0.59426414592,1.0,Compliant,0.675411316736,ALLOW,0,High,0.5,24
12,0.675411316736,0.0,Violation,0.5403290533888,HUMAN_REVIEW,1,High,0.5,24
13,0.5403290533888,1.0,Compliant,0.63226324271104,ALLOW,0,High,0.5,24
14,0.63226324271104,0.0,Violation,0.505810594168832,HUMAN_REVIEW,1,High,0.5,24
15,0.505810594168832,1.0,Compliant,0.6046484753350656,ALLOW,0,High,0.5,24
16,0.6046484753350656,0.0,Violation,0.4837187802680525,HUMAN_REVIEW,1,High,0.5,24
17,0.4837187802680525,1.0,Compliant,0.586975024214442,HUMAN_REVIEW,0,High,0.5,24
18,0.586975024214442,1.0,Compliant,0.6695800193715535,ALLOW,0,High,0.5,24
19,0.6695800193715535,1.0,Compliant,0.7356640154972428,ALLOW,0,High,0.5,24
20,0.7356640154972428,0.0,Violation,0.5885312123977943,HUMAN_REVIEW,1,High,0.5,24
21,0.5885312123977943,1.0,Compliant,0.6708249699182354,ALLOW,0,High,0.5,24
22,0.6708249699182354,0.0,Violation,0.5366599759345884,HUMAN_REVIEW,1,High,0.5,24
23,0.5366599759345884,1.0,Compliant,0.6293279807476706,ALLOW,0,High,0.5,24
24,0.6293279807476706,1.0,Compliant,0.7034623845981365,ALLOW,0,High,0.5,24
25,0.7034623845981365,0.0,Violation,0.5627699076785092,HUMAN_REVIEW,1,High,0.5,24
26,0.5627699076785092,1.0,Compliant,0.6502159261428073,ALLOW,0,High,0.5,24
27,0.6502159261428073,1.0,Compliant,0.7201727409142459,ALLOW,0,High,0.5,24
28,0.7201727409142459,1.0,Compliant,0.7761381927313967,ALLOW,0,High,0.5,24
29,0.7761381927313967,0.0,Violation,0.6209105541851174,ALLOW,1,High,0.5,24
30,0.6209105541851174,0.0,Violation,0.49672844334809396,HUMAN_REVIEW,1,High,0.5,24
31,0.49672844334809396,1.0,Compliant,0.5973827546784751,HUMAN_REVIEW,0,High,0.5,24
32,0.5973827546784751,0.0,Violation,0.47790620374278014,HUMAN_REVIEW,1,High,0.5,24
33,0.47790620374278014,0.0,Violation,0.38232496299422414,HUMAN_REVIEW,1,High,0.5,24
34,0.38232496299422414,0.0,Violation,0.3058599703953793,HUMAN_REVIEW,1,High,0.5,24
35,0.3058599703953793,0.0,Violation,0.24468797631630346,HUMAN_REVIEW,1,High,0.5,24
36,0.24468797631630346,1.0,Compliant,0.3957503810530427,HUMAN_REVIEW,0,High,0.5,24
37,0.3957503810530427,1.0,Compliant,0.5166003048424341,HUMAN_REVIEW,0,High,0.5,24
38,0.5166003048424341,1.0,Compliant,0.6132802438739473,ALLOW,0,High,0.5,24
39,0.6132802438739473,1.0,Compliant,0.6906241950991578,ALLOW,0,High,0.5,24
40,0.6906241950991578,1.0,Compliant,0.7524993560793263,ALLOW,0,High,0.5,24
41,0.7524993560793263,1.0,Compliant,0.8019994848634611,ALLOW,0,High,0.5,24
42,0.8019994848634611,1.0,Compliant,0.8415995878907688,ALLOW,0,High,0.5,24
43,0.8415995878907688,0.0,Violation,0.6732796703126152,ALLOW,1,High,0.5,24
44,0.6732796703126152,0.0,Violation,0.5386237362500922,HUMAN_REVIEW,1,High,0.5,24
45,0.5386237362500922,1.0,Compliant,0.6308989890000738,ALLOW,0,High,0.5,24
46,0.6308989890000738,0.0,Violation,0.504719191200059,HUMAN_REVIEW,1,High,0.5,24
47,0.504719191200059,0.0,Violation,0.40377535296004724,HUMAN_REVIEW,1,High,0.5,24
48,0.40377535296004724,0.0,Violation,0.3230202823680378,HUMAN_REVIEW,1,High,0.5,24
49,0.3230202823680378,1.0,Compliant,0.4584162258944302,HUMAN_REVIEW,0,High,0.5,24
50,0.4584162258944302,0.0,Violation,0.36673298071554417,HUMAN_REVIEW,1,High,0.5,24
51,0.36673298071554417,1.0,Compliant,0.4933863845724353,HUMAN_REVIEW,0,High,0.5,24
52,0.4933863845724353,0.0,Violation,0.39470910765794825,HUMAN_REVIEW,1,High,0.5,24
53,0.39470910765794825,0.0,Violation,0.3157672861263586,HUMAN_REVIEW,1,High,0.5,24
54,0.3157672861263586,0.0,Violation,0.2526138289010869,HUMAN_REVIEW,1,High,0.5,24
55,0.2526138289010869,1.0,Compliant,0.4020910631208695,HUMAN_REVIEW,0,High,0.5,24
56,0.4020910631208695,1.0,Compliant,0.5216728504966957,HUMAN_REVIEW,0,High,0.5,24
57,0.5216728504966957,1.0,Compliant,0.6173382803973565,ALLOW,0,High,0.5,24
58,0.6173382803973565,0.0,Violation,0.4938706243178852,HUMAN_REVIEW,1,High,0.5,24
59,0.4938706243178852,0.0,Violation,0.3950964994543082,HUMAN_REVIEW,1,High,0.5,24
60,0.3950964994543082,1.0,Compliant,0.5160771995634466,HUMAN_REVIEW,0,High,0.5,24
61,0.5160771995634466,1.0,Compliant,0.6128617596507573,ALLOW,0,High,0.5,24
62,0.6128617596507573,1.0,Compliant,0.6902894077206059,ALLOW,0,High,0.5,24
63,0.6902894077206059,1.0,Compliant,0.7522315261764847,ALLOW,0,High,0.5,24
64,0.7522315261764847,0.0,Violation,0.6017852209411878,ALLOW,1,High,0.5,24
65,0.6017852209411878,1.0,Compliant,0.6814281767529502,ALLOW,0,High,0.5,24
66,0.6814281767529502,1.0,Compliant,0.7451425414023601,ALLOW,0,High,0.5,24
67,0.7451425414023601,1.0,Compliant,0.7961140331218881,ALLOW,0,High,0.5,24
68,0.7961140331218881,0.0,Violation,0.6368912264975105,ALLOW,1,High,0.5,24
69,0.6368912264975105,0.0,Violation,0.5095129811980085,HUMAN_REVIEW,1,High,0.5,24
70,0.5095129811980085,0.0,Violation,0.4076103849584068,HUMAN_REVIEW,1,High,0.5,24
71,0.4076103849584068,1.0,Compliant,0.5260883079667253,HUMAN_REVIEW,0,High,0.5,24
72,0.5260883079667253,1.0,Compliant,0.6208706463733802,ALLOW,0,High,0.5,24
73,0.6208706463733802,0.0,Violation,0.49669651709870416,HUMAN_REVIEW,1,High,0.5,24
74,0.49669651709870416,1.0,Compliant,0.5973572136789633,HUMAN_REVIEW,0,High,0.5,24
75,0.5973572136789633,0.0,Violation,0.4778857709431707,HUMAN_REVIEW,1,High,0.5,24
76,0.4778857709431707,0.0,Violation,0.3823086167545366,HUMAN_REVIEW,1,High,0.5,24
77,0.3823086167545366,0.0,Violation,0.3058468934036293,HUMAN_REVIEW,1,High,0.5,24
78,0.3058468934036293,1.0,Compliant,0.4446775147229034,HUMAN_REVIEW,0,High,0.5,24
79,0.4446775147229034,1.0,Compliant,0.5557420117783227,HUMAN_REVIEW,0,High,0.5,24
80,0.5557420117783227,0.0,Violation,0.4445936094226582,HUMAN_REVIEW,1,High,0.5,24
81,0.4445936094226582,0.0,Violation,0.3556748875381266,HUMAN_REVIEW,1,High,0.5,24
82,0.3556748875381266,0.0,Violation,0.2845399100305013,HUMAN_REVIEW,1,High,0.5,24
83,0.2845399100305013,0.0,Violation,0.22763192802440102,HUMAN_REVIEW,1,High,0.5,24
84,0.22763192802440102,0.0,Violation,0.18210554241952082,HUMAN_REVIEW,1,High,0.5,24
85,0.18210554241952082,0.0,Violation,0.14568443393561667,HUMAN_REVIEW,1,High,0.5,24
86,0.14568443393561667,1.0,Compliant,0.3165475471484933,HUMAN_REVIEW,0,High,0.5,24
87,0.3165475471484933,1.0,Compliant,0.4532380377187946,HUMAN_REVIEW,0,High,0.5,24
88,0.4532380377187946,1.0,Compliant,0.5625904301750357,HUMAN_REVIEW,0,High,0.5,24
89,0.5625904301750357,0.0,Violation,0.4500723441400286,HUMAN_REVIEW,1,High,0.5,24
90,0.4500723441400286,0.0,Violation,0.36005787531202293,HUMAN_REVIEW,1,High,0.5,24
91,0.36005787531202293,0.0,Violation,0.28804630024961836,HUMAN_REVIEW,1,High,0.5,24
92,0.28804630024961836,0.0,Violation,0.2304370401996947,HUMAN_REVIEW,1,High,0.5,24
93,0.2304370401996947,1.0,Compliant,0.3843496321597557,HUMAN_REVIEW,0,High,0.5,24
94,0.3843496321597557,1.0,Compliant,0.5074797057278045,HUMAN_REVIEW,0,High,0.5,24
95,0.5074797057278045,0.0,Violation,0.40598376458224367,HUMAN_REVIEW,1,High,0.5,24
96,0.40598376458224367,0.0,Violation,0.32478701166579493,HUMAN_REVIEW,1,High,0.5,24
97,0.32478701166579493,1.0,Compliant,0.4598296093326359,HUMAN_REVIEW,0,High,0.5,24
98,0.4598296093326359,0.0,Violation,0.36786368746610876,HUMAN_REVIEW,1,High,0.5,24
99,0.36786368746610876,0.0,Violation,0.294290949972887,HUMAN_REVIEW,1,High,0.5,24
100,0.294290949972887,1.0,Compliant,0.43543275997830955,HUMAN_REVIEW,0,High,0.5,24
1,0.8,1.0,Compliant,0.8400000000000001,ALLOW,0,High,0.5,25
2,0.8400000000000001,1.0,Compliant,0.8720000000000001,ALLOW,0,High,0.5,25
3,0.8720000000000001,0.0,Violation,0.6976000000000001,ALLOW,1,High,0.5,25
4,0.6976000000000001,0.0,Violation,0.5580800000000001,HUMAN_REVIEW,1,High,0.5,25
5,0.5580800000000001,0.0,Violation,0.44646400000000014,HUMAN_REVIEW,1,High,0.5,25
6,0.44646400000000014,1.0,Compliant,0.5571712000000001,HUMAN_REVIEW,0,High,0.5,25
7,0.5571712000000001,1.0,Compliant,0.64573696,ALLOW,0,High,0.5,25
8,0.64573696,0.0,Violation,0.516589568,HUMAN_REVIEW,1,High,0.5,25
9,0.516589568,1.0,Compliant,0.6132716544,ALLOW,0,High,0.5,25
10,0.6132716544,1.0,Compliant,0.6906173235199999,ALLOW,0,High,0.5,25
11,0.6906173235199999,0.0,Violation,0.552493858816,HUMAN_REVIEW,1,High,0.5,25
12,0.552493858816,1.0,Compliant,0.6419950870528,ALLOW,0,High,0.5,25
13,0.6419950870528,0.0,Violation,0.51359606964224,HUMAN_REVIEW,1,High,0.5,25
14,0.51359606964224,1.0,Compliant,0.610876855713792,ALLOW,0,High,0.5,25
15,0.610876855713792,1.0,Compliant,0.6887014845710335,ALLOW,0,High,0.5,25
16,0.6887014845710335,0.0,Violation,0.5509611876568269,HUMAN_REVIEW,1,High,0.5,25
17,0.5509611876568269,0.0,Violation,0.4407689501254615,HUMAN_REVIEW,1,High,0.5,25
18,0.4407689501254615,1.0,Compliant,0.5526151601003693,HUMAN_REVIEW,0,High,0.5,25
19,0.5526151601003693,1.0,Compliant,0.6420921280802954,ALLOW,0,High,0.5,25
20,0.6420921280802954,0.0,Violation,0.5136737024642363,HUMAN_REVIEW,1,High,0.5,25
21,0.5136737024642363,1.0,Compliant,0.610938961971389,ALLOW,0,High,0.5,25
22,0.610938961971389,0.0,Violation,0.4887511695771112,HUMAN_REVIEW,1,High,0.5,25
23,0.4887511695771112,0.0,Violation,0.391000935661689,HUMAN_REVIEW,1,High,0.5,25
24,0.391000935661689,0.0,Violation,0.3128007485293512,HUMAN_REVIEW,1,High,0.5,25
25,0.3128007485293512,0.0,Violation,0.250240598823481,HUMAN_REVIEW,1,High,0.5,25
26,0.250240598823481,1.0,Compliant,0.40019247905878474,HUMAN_REVIEW,0,High,0.5,25
27,0.40019247905878474,0.0,Violation,0.3201539832470278,HUMAN_REVIEW,1,High,0.5,25
28,0.3201539832470278,0.0,Violation,0.2561231865976223,HUMAN_REVIEW,1,High,0.5,25
29,0.2561231865976223,0.0,Violation,0.20489854927809784,HUMAN_REVIEW,1,High,0.5,25
30,0.20489854927809784,1.0,Compliant,0.36391883942247827,HUMAN_REVIEW,0,High,0.5,25
31,0.36391883942247827,0.0,Violation,0.2911350715379826,HUMAN_REVIEW,1,High,0.5,25
32,0.2911350715379826,0.0,Violation,0.2329080572303861,HUMAN_REVIEW,1,High,0.5,25
33,0.2329080572303861,0.0,Violation,0.1863264457843089,HUMAN_REVIEW,1,High,0.5,25
34,0.1863264457843089,1.0,Compliant,0.3490611566274471,HUMAN_REVIEW,0,High,0.5,25
35,0.3490611566274471,0.0,Violation,0.27924892530195766,HUMAN_REVIEW,1,High,0.5,25
36,0.27924892530195766,1.0,Compliant,0.4233991402415661,HUMAN_REVIEW,0,High,0.5,25
37,0.4233991402415661,1.0,Compliant,0.5387193121932529,HUMAN_REVIEW,0,High,0.5,25
38,0.5387193121932529,0.0,Violation,0.43097544975460234,HUMAN_REVIEW,1,High,0.5,25
39,0.43097544975460234,0.0,Violation,0.3447803598036819,HUMAN_REVIEW,1,High,0.5,25
40,0.3447803598036819,1.0,Compliant,0.47582428784294545,HUMAN_REVIEW,0,High,0.5,25
41,0.47582428784294545,1.0,Compliant,0.5806594302743564,HUMAN_REVIEW,0,High,0.5,25
42,0.5806594302743564,1.0,Compliant,0.6645275442194851,ALLOW,0,High,0.5,25
43,0.6645275442194851,1.0,Compliant,0.7316220353755881,ALLOW,0,High,0.5,25
44,0.7316220353755881,0.0,Violation,0.5852976283004705,HUMAN_REVIEW,1,High,0.5,25
45,0.5852976283004705,1.0,Compliant,0.6682381026403763,ALLOW,0,High,0.5,25
46,0.6682381026403763,0.0,Violation,0.5345904821123011,HUMAN_REVIEW,1,High,0.5,25
47,0.5345904821123011,1.0,Compliant,0.6276723856898409,ALLOW,0,High,0.5,25
48,0.6276723856898409,0.0,Violation,0.5021379085518727,HUMAN_REVIEW,1,High,0.5,25
49,0.5021379085518727,1.0,Compliant,0.601710326841498,ALLOW,0,High,0.5,25
50,0.601710326841498,1.0,Compliant,0.6813682614731984,ALLOW,0,High,0.5,25
51,0.6813682614731984,0.0,Violation,0.5450946091785588,HUMAN_REVIEW,1,High,0.5,25
52,0.5450946091785588,0.0,Violation,0.4360756873428471,HUMAN_REVIEW,1,High,0.5,25
53,0.4360756873428471,0.0,Violation,0.34886054987427767,HUMAN_REVIEW,1,High,0.5,25
54,0.34886054987427767,0.0,Violation,0.27908843989942217,HUMAN_REVIEW,1,High,0.5,25
55,0.27908843989942217,0.0,Violation,0.22327075191953774,HUMAN_REVIEW,1,High,0.5,25
56,0.22327075191953774,1.0,Compliant,0.37861660153563015,HUMAN_REVIEW,0,High,0.5,25
57,0.37861660153563015,0.0,Violation,0.3028932812285041,HUMAN_REVIEW,1,High,0.5,25
58,0.3028932812285041,1.0,Compliant,0.4423146249828033,HUMAN_REVIEW,0,High,0.5,25
59,0.4423146249828033,1.0,Compliant,0.5538516999862426,HUMAN_REVIEW,0,High,0.5,25
60,0.5538516999862426,0.0,Violation,0.4430813599889941,HUMAN_REVIEW,1,High,0.5,25
61,0.4430813599889941,1.0,Compliant,0.5544650879911952,HUMAN_REVIEW,0,High,0.5,25
62,0.5544650879911952,1.0,Compliant,0.6435720703929562,ALLOW,0,High,0.5,25
63,0.6435720703929562,1.0,Compliant,0.7148576563143649,ALLOW,0,High,0.5,25
64,0.7148576563143649,0.0,Violation,0.571886125051492,HUMAN_REVIEW,1,High,0.5,25
65,0.571886125051492,0.0,Violation,0.4575089000411936,HUMAN_REVIEW,1,High,0.5,25
66,0.4575089000411936,1.0,Compliant,0.5660071200329548,HUMAN_REVIEW,0,High,0.5,25
67,0.5660071200329548,0.0,Violation,0.4528056960263639,HUMAN_REVIEW,1,High,0.5,25
68,0.4528056960263639,1.0,Compliant,0.5622445568210911,HUMAN_REVIEW,0,High,0.5,25
69,0.5622445568210911,1.0,Compliant,0.6497956454568729,ALLOW,0,High,0.5,25
70,0.6497956454568729,0.0,Violation,0.5198365163654983,HUMAN_REVIEW,1,High,0.5,25
71,0.5198365163654983,0.0,Violation,0.41586921309239866,HUMAN_REVIEW,1,High,0.5,25
72,0.41586921309239866,1.0,Compliant,0.5326953704739189,HUMAN_REVIEW,0,High,0.5,25
73,0.5326953704739189,1.0,Compliant,0.6261562963791352,ALLOW,0,High,0.5,25
74,0.6261562963791352,0.0,Violation,0.5009250371033082,HUMAN_REVIEW,1,High,0.5,25
75,0.5009250371033082,0.0,Violation,0.40074002968264655,HUMAN_REVIEW,1,High,0.5,25
76,0.40074002968264655,0.0,Violation,0.3205920237461173,HUMAN_REVIEW,1,High,0.5,25
77,0.3205920237461173,1.0,Compliant,0.4564736189968938,HUMAN_REVIEW,0,High,0.5,25
78,0.4564736189968938,0.0,Violation,0.36517889519751506,HUMAN_REVIEW,1,High,0.5,25
79,0.36517889519751506,0.0,Violation,0.2921431161580121,HUMAN_REVIEW,1,High,0.5,25
80,0.2921431161580121,1.0,Compliant,0.4337144929264096,HUMAN_REVIEW,0,High,0.5,25
81,0.4337144929264096,0.0,Violation,0.34697159434112773,HUMAN_REVIEW,1,High,0.5,25
82,0.34697159434112773,0.0,Violation,0.2775772754729022,HUMAN_REVIEW,1,High,0.5,25
83,0.2775772754729022,0.0,Violation,0.22206182037832176,HUMAN_REVIEW,1,High,0.5,25
84,0.22206182037832176,0.0,Violation,0.1776494563026574,HUMAN_REVIEW,1,High,0.5,25
85,0.1776494563026574,0.0,Violation,0.14211956504212594,HUMAN_REVIEW,1,High,0.5,25
86,0.14211956504212594,1.0,Compliant,0.3136956520337007,HUMAN_REVIEW,0,High,0.5,25
87,0.3136956520337007,0.0,Violation,0.2509565216269606,HUMAN_REVIEW,1,High,0.5,25
88,0.2509565216269606,1.0,Compliant,0.40076521730156844,HUMAN_REVIEW,0,High,0.5,25
89,0.40076521730156844,1.0,Compliant,0.5206121738412548,HUMAN_REVIEW,0,High,0.5,25
90,0.5206121738412548,1.0,Compliant,0.6164897390730038,ALLOW,0,High,0.5,25
91,0.6164897390730038,1.0,Compliant,0.6931917912584029,ALLOW,0,High,0.5,25
92,0.6931917912584029,0.0,Violation,0.5545534330067223,HUMAN_REVIEW,1,High,0.5,25
93,0.5545534330067223,1.0,Compliant,0.6436427464053778,ALLOW,0,High,0.5,25
94,0.6436427464053778,1.0,Compliant,0.7149141971243022,ALLOW,0,High,0.5,25
95,0.7149141971243022,1.0,Compliant,0.7719313576994417,ALLOW,0,High,0.5,25
96,0.7719313576994417,0.0,Violation,0.6175450861595534,ALLOW,1,High,0.5,25
97,0.6175450861595534,1.0,Compliant,0.6940360689276427,ALLOW,0,High,0.5,25
98,0.6940360689276427,0.0,Violation,0.5552288551421142,HUMAN_REVIEW,1,High,0.5,25
99,0.5552288551421142,0.0,Violation,0.44418308411369134,HUMAN_REVIEW,1,High,0.5,25
100,0.44418308411369134,0.0,Violation,0.3553464672909531,HUMAN_REVIEW,1,High,0.5,25
1,0.8,0.0,Violation,0.6400000000000001,ALLOW,1,High,0.5,26
2,0.6400000000000001,1.0,Compliant,0.7120000000000001,ALLOW,0,High,0.5,26
3,0.7120000000000001,0.0,Violation,0.5696000000000001,HUMAN_REVIEW,1,High,0.5,26
4,0.5696000000000001,0.0,Violation,0.4556800000000001,HUMAN_REVIEW,1,High,0.5,26
5,0.4556800000000001,1.0,Compliant,0.564544,HUMAN_REVIEW,0,High,0.5,26
6,0.564544,0.0,Violation,0.45163520000000007,HUMAN_REVIEW,1,High,0.5,26
7,0.45163520000000007,0.0,Violation,0.3613081600000001,HUMAN_REVIEW,1,High,0.5,26
8,0.3613081600000001,0.0,Violation,0.2890465280000001,HUMAN_REVIEW,1,High,0.5,26
9,0.2890465280000001,1.0,Compliant,0.43123722240000006,HUMAN_REVIEW,0,High,0.5,26
10,0.43123722240000006,0.0,Violation,0.3449897779200001,HUMAN_REVIEW,1,High,0.5,26
11,0.3449897779200001,1.0,Compliant,0.475991822336,HUMAN_REVIEW,0,High,0.5,26
12,0.475991822336,0.0,Violation,0.38079345786880003,HUMAN_REVIEW,1,High,0.5,26
13,0.38079345786880003,1.0,Compliant,0.50463476629504,HUMAN_REVIEW,0,High,0.5,26
14,0.50463476629504,0.0,Violation,0.40370781303603204,HUMAN_REVIEW,1,High,0.5,26
15,0.40370781303603204,1.0,Compliant,0.5229662504288256,HUMAN_REVIEW,0,High,0.5,26
16,0.5229662504288256,0.0,Violation,0.4183730003430605,HUMAN_REVIEW,1,High,0.5,26
17,0.4183730003430605,0.0,Violation,0.3346984002744484,HUMAN_REVIEW,1,High,0.5,26
18,0.3346984002744484,1.0,Compliant,0.4677587202195587,HUMAN_REVIEW,0,High,0.5,26
19,0.4677587202195587,1.0,Compliant,0.574206976175647,HUMAN_REVIEW,0,High,0.5,26
20,0.574206976175647,0.0,Violation,0.4593655809405176,HUMAN_REVIEW,1,High,0.5,26
21,0.4593655809405176,0.0,Violation,0.3674924647524141,HUMAN_REVIEW,1,High,0.5,26
22,0.3674924647524141,0.0,Violation,0.29399397180193126,HUMAN_REVIEW,1,High,0.5,26
23,0.29399397180193126,0.0,Violation,0.23519517744154503,HUMAN_REVIEW,1,High,0.5,26
24,0.23519517744154503,0.0,Violation,0.18815614195323604,HUMAN_REVIEW,1,High,0.5,26
25,0.18815614195323604,1.0,Compliant,0.3505249135625888,HUMAN_REVIEW,0,High,0.5,26
26,0.3505249135625888,1.0,Compliant,0.480419930850071,HUMAN_REVIEW,0,High,0.5,26
27,0.480419930850071,1.0,Compliant,0.5843359446800568,HUMAN_REVIEW,0,High,0.5,26
28,0.5843359446800568,0.0,Violation,0.46746875574404545,HUMAN_REVIEW,1,High,0.5,26
29,0.46746875574404545,1.0,Compliant,0.5739750045952363,HUMAN_REVIEW,0,High,0.5,26
30,0.5739750045952363,0.0,Violation,0.45918000367618905,HUMAN_REVIEW,1,High,0.5,26
31,0.45918000367618905,0.0,Violation,0.36734400294095126,HUMAN_REVIEW,1,High,0.5,26
32,0.36734400294095126,0.0,Violation,0.29387520235276104,HUMAN_REVIEW,1,High,0.5,26
33,0.29387520235276104,0.0,Violation,0.23510016188220884,HUMAN_REVIEW,1,High,0.5,26
34,0.23510016188220884,0.0,Violation,0.18808012950576708,HUMAN_REVIEW,1,High,0.5,26
35,0.18808012950576708,1.0,Compliant,0.35046410360461366,HUMAN_REVIEW,0,High,0.5,26
36,0.35046410360461366,0.0,Violation,0.28037128288369095,HUMAN_REVIEW,1,High,0.5,26
37,0.28037128288369095,0.0,Violation,0.22429702630695278,HUMAN_REVIEW,1,High,0.5,26
38,0.22429702630695278,1.0,Compliant,0.3794376210455622,HUMAN_REVIEW,0,High,0.5,26
39,0.3794376210455622,1.0,Compliant,0.5035500968364497,HUMAN_REVIEW,0,High,0.5,26
40,0.5035500968364497,0.0,Violation,0.4028400774691598,HUMAN_REVIEW,1,High,0.5,26
41,0.4028400774691598,1.0,Compliant,0.5222720619753278,HUMAN_REVIEW,0,High,0.5,26
42,0.5222720619753278,0.0,Violation,0.4178176495802623,HUMAN_REVIEW,1,High,0.5,26
43,0.4178176495802623,0.0,Violation,0.33425411966420987,HUMAN_REVIEW,1,High,0.5,26
44,0.33425411966420987,1.0,Compliant,0.46740329573136785,HUMAN_REVIEW,0,High,0.5,26
45,0.46740329573136785,0.0,Violation,0.3739226365850943,HUMAN_REVIEW,1,High,0.5,26
46,0.3739226365850943,0.0,Violation,0.29913810926807544,HUMAN_REVIEW,1,High,0.5,26
47,0.29913810926807544,1.0,Compliant,0.4393104874144603,HUMAN_REVIEW,0,High,0.5,26
48,0.4393104874144603,1.0,Compliant,0.5514483899315683,HUMAN_REVIEW,0,High,0.5,26
49,0.5514483899315683,0.0,Violation,0.4411587119452547,HUMAN_REVIEW,1,High,0.5,26
50,0.4411587119452547,0.0,Violation,0.3529269695562038,HUMAN_REVIEW,1,High,0.5,26
51,0.3529269695562038,1.0,Compliant,0.482341575644963,HUMAN_REVIEW,0,High,0.5,26
52,0.482341575644963,1.0,Compliant,0.5858732605159704,HUMAN_REVIEW,0,High,0.5,26
53,0.5858732605159704,0.0,Violation,0.4686986084127764,HUMAN_REVIEW,1,High,0.5,26
54,0.4686986084127764,1.0,Compliant,0.5749588867302211,HUMAN_REVIEW,0,High,0.5,26
55,0.5749588867302211,0.0,Violation,0.4599671093841769,HUMAN_REVIEW,1,High,0.5,26
56,0.4599671093841769,0.0,Violation,0.36797368750734155,HUMAN_REVIEW,1,High,0.5,26
57,0.36797368750734155,1.0,Compliant,0.49437895000587323,HUMAN_REVIEW,0,High,0.5,26
58,0.49437895000587323,0.0,Violation,0.3955031600046986,HUMAN_REVIEW,1,High,0.5,26
59,0.3955031600046986,0.0,Violation,0.3164025280037589,HUMAN_REVIEW,1,High,0.5,26
60,0.3164025280037589,0.0,Violation,0.25312202240300713,HUMAN_REVIEW,1,High,0.5,26
61,0.25312202240300713,1.0,Compliant,0.4024976179224057,HUMAN_REVIEW,0,High,0.5,26
62,0.4024976179224057,1.0,Compliant,0.5219980943379245,HUMAN_REVIEW,0,High,0.5,26
63,0.5219980943379245,1.0,Compliant,0.6175984754703396,ALLOW,0,High,0.5,26
64,0.6175984754703396,0.0,Violation,0.49407878037627173,HUMAN_REVIEW,1,High,0.5,26
65,0.49407878037627173,1.0,Compliant,0.5952630243010173,HUMAN_REVIEW,0,High,0.5,26
66,0.5952630243010173,0.0,Violation,0.4762104194408139,HUMAN_REVIEW,1,High,0.5,26
67,0.4762104194408139,0.0,Violation,0.38096833555265114,HUMAN_REVIEW,1,High,0.5,26
68,0.38096833555265114,0.0,Violation,0.3047746684421209,HUMAN_REVIEW,1,High,0.5,26
69,0.3047746684421209,0.0,Violation,0.24381973475369675,HUMAN_REVIEW,1,High,0.5,26
70,0.24381973475369675,1.0,Compliant,0.39505578780295736,HUMAN_REVIEW,0,High,0.5,26
71,0.39505578780295736,0.0,Violation,0.3160446302423659,HUMAN_REVIEW,1,High,0.5,26
72,0.3160446302423659,1.0,Compliant,0.4528357041938927,HUMAN_REVIEW,0,High,0.5,26
73,0.4528357041938927,1.0,Compliant,0.5622685633551141,HUMAN_REVIEW,0,High,0.5,26
74,0.5622685633551141,0.0,Violation,0.4498148506840913,HUMAN_REVIEW,1,High,0.5,26
75,0.4498148506840913,0.0,Violation,0.3598518805472731,HUMAN_REVIEW,1,High,0.5,26
76,0.3598518805472731,0.0,Violation,0.28788150443781846,HUMAN_REVIEW,1,High,0.5,26
77,0.28788150443781846,0.0,Violation,0.23030520355025477,HUMAN_REVIEW,1,High,0.5,26
78,0.23030520355025477,0.0,Violation,0.18424416284020384,HUMAN_REVIEW,1,High,0.5,26
79,0.18424416284020384,1.0,Compliant,0.34739533027216307,HUMAN_REVIEW,0,High,0.5,26
80,0.34739533027216307,0.0,Violation,0.27791626421773047,HUMAN_REVIEW,1,High,0.5,26
81,0.27791626421773047,1.0,Compliant,0.42233301137418433,HUMAN_REVIEW,0,High,0.5,26
82,0.42233301137418433,0.0,Violation,0.3378664090993475,HUMAN_REVIEW,1,High,0.5,26
83,0.3378664090993475,0.0,Violation,0.270293127279478,HUMAN_REVIEW,1,High,0.5,26
84,0.270293127279478,1.0,Compliant,0.41623450182358235,HUMAN_REVIEW,0,High,0.5,26
85,0.41623450182358235,0.0,Violation,0.3329876014588659,HUMAN_REVIEW,1,High,0.5,26
86,0.3329876014588659,1.0,Compliant,0.4663900811670927,HUMAN_REVIEW,0,High,0.5,26
87,0.4663900811670927,1.0,Compliant,0.5731120649336741,HUMAN_REVIEW,0,High,0.5,26
88,0.5731120649336741,1.0,Compliant,0.6584896519469392,ALLOW,0,High,0.5,26
89,0.6584896519469392,1.0,Compliant,0.7267917215575513,ALLOW,0,High,0.5,26
90,0.7267917215575513,1.0,Compliant,0.781433377246041,ALLOW,0,High,0.5,26
91,0.781433377246041,0.0,Violation,0.6251467017968328,ALLOW,1,High,0.5,26
92,0.6251467017968328,0.0,Violation,0.5001173614374663,HUMAN_REVIEW,1,High,0.5,26
93,0.5001173614374663,1.0,Compliant,0.600093889149973,ALLOW,0,High,0.5,26
94,0.600093889149973,1.0,Compliant,0.6800751113199783,ALLOW,0,High,0.5,26
95,0.6800751113199783,0.0,Violation,0.5440600890559827,HUMAN_REVIEW,1,High,0.5,26
96,0.5440600890559827,0.0,Violation,0.43524807124478615,HUMAN_REVIEW,1,High,0.5,26
97,0.43524807124478615,1.0,Compliant,0.5481984569958289,HUMAN_REVIEW,0,High,0.5,26
98,0.5481984569958289,1.0,Compliant,0.6385587655966631,ALLOW,0,High,0.5,26
99,0.6385587655966631,0.0,Violation,0.5108470124773306,HUMAN_REVIEW,1,High,0.5,26
100,0.5108470124773306,1.0,Compliant,0.6086776099818645,ALLOW,0,High,0.5,26
1,0.8,0.0,Violation,0.6400000000000001,ALLOW,1,High,0.5,27
2,0.6400000000000001,1.0,Compliant,0.7120000000000001,ALLOW,0,High,0.5,27
3,0.7120000000000001,1.0,Compliant,0.7696000000000001,ALLOW,0,High,0.5,27
4,0.7696000000000001,0.0,Violation,0.6156800000000001,ALLOW,1,High,0.5,27
5,0.6156800000000001,1.0,Compliant,0.692544,ALLOW,0,High,0.5,27
6,0.692544,1.0,Compliant,0.7540352,ALLOW,0,High,0.5,27
7,0.7540352,0.0,Violation,0.60322816,ALLOW,1,High,0.5,27
8,0.60322816,0.0,Violation,0.482582528,HUMAN_REVIEW,1,High,0.5,27
9,0.482582528,0.0,Violation,0.38606602240000004,HUMAN_REVIEW,1,High,0.5,27
10,0.38606602240000004,1.0,Compliant,0.50885281792,HUMAN_REVIEW,0,High,0.5,27
11,0.50885281792,1.0,Compliant,0.6070822543359999,ALLOW,0,High,0.5,27
12,0.6070822543359999,1.0,Compliant,0.6856658034687999,ALLOW,0,High,0.5,27
13,0.6856658034687999,1.0,Compliant,0.74853264277504,ALLOW,0,High,0.5,27
14,0.74853264277504,1.0,Compliant,0.7988261142200319,ALLOW,0,High,0.5,27
15,0.7988261142200319,0.0,Violation,0.6390608913760256,ALLOW,1,High,0.5,27
16,0.6390608913760256,1.0,Compliant,0.7112487131008205,ALLOW,0,High,0.5,27
17,0.7112487131008205,1.0,Compliant,0.7689989704806564,ALLOW,0,High,0.5,27
18,0.7689989704806564,1.0,Compliant,0.8151991763845251,ALLOW,0,High,0.5,27
19,0.8151991763845251,1.0,Compliant,0.85215934110762,ALLOW,0,High,0.5,27
20,0.85215934110762,1.0,Compliant,0.881727472886096,ALLOW,0,High,0.5,27
21,0.881727472886096,0.0,Violation,0.7053819783088768,ALLOW,1,High,0.5,27
22,0.7053819783088768,0.0,Violation,0.5643055826471015,HUMAN_REVIEW,1,High,0.5,27
23,0.5643055826471015,0.0,Violation,0.45144446611768124,HUMAN_REVIEW,1,High,0.5,27
24,0.45144446611768124,0.0,Violation,0.361155572894145,HUMAN_REVIEW,1,High,0.5,27
25,0.361155572894145,0.0,Violation,0.28892445831531605,HUMAN_REVIEW,1,High,0.5,27
26,0.28892445831531605,0.0,Violation,0.23113956665225285,HUMAN_REVIEW,1,High,0.5,27
27,0.23113956665225285,0.0,Violation,0.1849116533218023,HUMAN_REVIEW,1,High,0.5,27
28,0.1849116533218023,1.0,Compliant,0.3479293226574418,HUMAN_REVIEW,0,High,0.5,27
29,0.3479293226574418,0.0,Violation,0.27834345812595346,HUMAN_REVIEW,1,High,0.5,27
30,0.27834345812595346,1.0,Compliant,0.42267476650076274,HUMAN_REVIEW,0,High,0.5,27
31,0.42267476650076274,0.0,Violation,0.3381398132006102,HUMAN_REVIEW,1,High,0.5,27
32,0.3381398132006102,0.0,Violation,0.27051185056048815,HUMAN_REVIEW,1,High,0.5,27
33,0.27051185056048815,1.0,Compliant,0.4164094804483905,HUMAN_REVIEW,0,High,0.5,27
34,0.4164094804483905,0.0,Violation,0.3331275843587124,HUMAN_REVIEW,1,High,0.5,27
35,0.3331275843587124,1.0,Compliant,0.46650206748696993,HUMAN_REVIEW,0,High,0.5,27
36,0.46650206748696993,1.0,Compliant,0.5732016539895759,HUMAN_REVIEW,0,High,0.5,27
37,0.5732016539895759,1.0,Compliant,0.6585613231916607,ALLOW,0,High,0.5,27
38,0.6585613231916607,0.0,Violation,0.5268490585533286,HUMAN_REVIEW,1,High,0.5,27
39,0.5268490585533286,0.0,Violation,0.4214792468426629,HUMAN_REVIEW,1,High,0.5,27
40,0.4214792468426629,1.0,Compliant,0.5371833974741302,HUMAN_REVIEW,0,High,0.5,27
41,0.5371833974741302,1.0,Compliant,0.6297467179793041,ALLOW,0,High,0.5,27
42,0.6297467179793041,1.0,Compliant,0.7037973743834433,ALLOW,0,High,0.5,27
43,0.7037973743834433,1.0,Compliant,0.7630378995067546,ALLOW,0,High,0.5,27
44,0.7630378995067546,1.0,Compliant,0.8104303196054037,ALLOW,0,High,0.5,27
45,0.8104303196054037,1.0,Compliant,0.8483442556843229,ALLOW,0,High,0.5,27
46,0.8483442556843229,1.0,Compliant,0.8786754045474583,ALLOW,0,High,0.5,27
47,0.8786754045474583,0.0,Violation,0.7029403236379667,ALLOW,1,High,0.5,27
48,0.7029403236379667,1.0,Compliant,0.7623522589103733,ALLOW,0,High,0.5,27
49,0.7623522589103733,1.0,Compliant,0.8098818071282986,ALLOW,0,High,0.5,27
50,0.8098818071282986,1.0,Compliant,0.8479054457026389,ALLOW,0,High,0.5,27
51,0.8479054457026389,1.0,Compliant,0.8783243565621112,ALLOW,0,High,0.5,27
52,0.8783243565621112,1.0,Compliant,0.902659485249689,ALLOW,0,High,0.5,27
53,0.902659485249689,1.0,Compliant,0.9221275881997512,ALLOW,0,High,0.5,27
54,0.9221275881997512,1.0,Compliant,0.9377020705598009,ALLOW,0,High,0.5,27
55,0.9377020705598009,1.0,Compliant,0.9501616564478408,ALLOW,0,High,0.5,27
56,0.9501616564478408,1.0,Compliant,0.9601293251582727,ALLOW,0,High,0.5,27
57,0.9601293251582727,1.0,Compliant,0.9681034601266181,ALLOW,0,High,0.5,27
58,0.9681034601266181,1.0,Compliant,0.9744827681012944,ALLOW,0,High,0.5,27
59,0.9744827681012944,0.0,Violation,0.7795862144810356,ALLOW,1,High,0.5,27
60,0.7795862144810356,0.0,Violation,0.6236689715848285,ALLOW,1,High,0.5,27
61,0.6236689715848285,1.0,Compliant,0.6989351772678627,ALLOW,0,High,0.5,27
62,0.6989351772678627,0.0,Violation,0.5591481418142902,HUMAN_REVIEW,1,High,0.5,27
63,0.5591481418142902,1.0,Compliant,0.6473185134514321,ALLOW,0,High,0.5,27
64,0.6473185134514321,0.0,Violation,0.5178548107611457,HUMAN_REVIEW,1,High,0.5,27
65,0.5178548107611457,1.0,Compliant,0.6142838486089166,ALLOW,0,High,0.5,27
66,0.6142838486089166,1.0,Compliant,0.6914270788871333,ALLOW,0,High,0.5,27
67,0.6914270788871333,0.0,Violation,0.5531416631097067,HUMAN_REVIEW,1,High,0.5,27
68,0.5531416631097067,1.0,Compliant,0.6425133304877653,ALLOW,0,High,0.5,27
69,0.6425133304877653,0.0,Violation,0.5140106643902123,HUMAN_REVIEW,1,High,0.5,27
70,0.5140106643902123,1.0,Compliant,0.6112085315121698,ALLOW,0,High,0.5,27
71,0.6112085315121698,1.0,Compliant,0.6889668252097358,ALLOW,0,High,0.5,27
72,0.6889668252097358,1.0,Compliant,0.7511734601677886,ALLOW,0,High,0.5,27
73,0.7511734601677886,1.0,Compliant,0.8009387681342309,ALLOW,0,High,0.5,27
74,0.8009387681342309,1.0,Compliant,0.8407510145073848,ALLOW,0,High,0.5,27
75,0.8407510145073848,1.0,Compliant,0.8726008116059079,ALLOW,0,High,0.5,27
76,0.8726008116059079,0.0,Violation,0.6980806492847264,ALLOW,1,High,0.5,27
77,0.6980806492847264,0.0,Violation,0.5584645194277811,HUMAN_REVIEW,1,High,0.5,27
78,0.5584645194277811,0.0,Violation,0.4467716155422249,HUMAN_REVIEW,1,High,0.5,27
79,0.4467716155422249,1.0,Compliant,0.5574172924337799,HUMAN_REVIEW,0,High,0.5,27
80,0.5574172924337799,1.0,Compliant,0.645933833947024,ALLOW,0,High,0.5,27
81,0.645933833947024,0.0,Violation,0.5167470671576192,HUMAN_REVIEW,1,High,0.5,27
82,0.5167470671576192,0.0,Violation,0.4133976537260954,HUMAN_REVIEW,1,High,0.5,27
83,0.4133976537260954,0.0,Violation,0.33071812298087633,HUMAN_REVIEW,1,High,0.5,27
84,0.33071812298087633,0.0,Violation,0.2645744983847011,HUMAN_REVIEW,1,High,0.5,27
85,0.2645744983847011,0.0,Violation,0.21165959870776088,HUMAN_REVIEW,1,High,0.5,27
86,0.21165959870776088,1.0,Compliant,0.36932767896620866,HUMAN_REVIEW,0,High,0.5,27
87,0.36932767896620866,0.0,Violation,0.29546214317296693,HUMAN_REVIEW,1,High,0.5,27
88,0.29546214317296693,0.0,Violation,0.23636971453837355,HUMAN_REVIEW,1,High,0.5,27
89,0.23636971453837355,1.0,Compliant,0.3890957716306988,HUMAN_REVIEW,0,High,0.5,27
90,0.3890957716306988,0.0,Violation,0.3112766173045591,HUMAN_REVIEW,1,High,0.5,27
91,0.3112766173045591,0.0,Violation,0.24902129384364727,HUMAN_REVIEW,1,High,0.5,27
92,0.24902129384364727,1.0,Compliant,0.3992170350749178,HUMAN_REVIEW,0,High,0.5,27
93,0.3992170350749178,0.0,Violation,0.31937362805993424,HUMAN_REVIEW,1,High,0.5,27
94,0.31937362805993424,1.0,Compliant,0.4554989024479474,HUMAN_REVIEW,0,High,0.5,27
95,0.4554989024479474,1.0,Compliant,0.564399121958358,HUMAN_REVIEW,0,High,0.5,27
96,0.564399121958358,1.0,Compliant,0.6515192975666864,ALLOW,0,High,0.5,27
97,0.6515192975666864,0.0,Violation,0.5212154380533491,HUMAN_REVIEW,1,High,0.5,27
98,0.5212154380533491,0.0,Violation,0.41697235044267933,HUMAN_REVIEW,1,High,0.5,27
99,0.41697235044267933,0.0,Violation,0.3335778803541435,HUMAN_REVIEW,1,High,0.5,27
100,0.3335778803541435,0.0,Violation,0.2668623042833148,HUMAN_REVIEW,1,High,0.5,27
1,0.8,1.0,Compliant,0.8400000000000001,ALLOW,0,High,0.5,28
2,0.8400000000000001,0.0,Violation,0.6720000000000002,ALLOW,1,High,0.5,28
3,0.6720000000000002,1.0,Compliant,0.7376000000000001,ALLOW,0,High,0.5,28
4,0.7376000000000001,0.0,Violation,0.5900800000000002,HUMAN_REVIEW,1,High,0.5,28
5,0.5900800000000002,1.0,Compliant,0.6720640000000001,ALLOW,0,High,0.5,28
6,0.6720640000000001,0.0,Violation,0.5376512000000001,HUMAN_REVIEW,1,High,0.5,28
7,0.5376512000000001,1.0,Compliant,0.6301209600000001,ALLOW,0,High,0.5,28
8,0.6301209600000001,0.0,Violation,0.504096768,HUMAN_REVIEW,1,High,0.5,28
9,0.504096768,1.0,Compliant,0.6032774143999999,ALLOW,0,High,0.5,28
10,0.6032774143999999,0.0,Violation,0.48262193152,HUMAN_REVIEW,1,High,0.5,28
11,0.48262193152,0.0,Violation,0.38609754521600004,HUMAN_REVIEW,1,High,0.5,28
12,0.38609754521600004,0.0,Violation,0.3088780361728001,HUMAN_REVIEW,1,High,0.5,28
13,0.3088780361728001,0.0,Violation,0.24710242893824008,HUMAN_REVIEW,1,High,0.5,28
14,0.24710242893824008,0.0,Violation,0.19768194315059207,HUMAN_REVIEW,1,High,0.5,28
15,0.19768194315059207,0.0,Violation,0.15814555452047366,HUMAN_REVIEW,1,High,0.5,28
16,0.15814555452047366,0.0,Violation,0.12651644361637893,HUMAN_REVIEW,1,High,0.5,28
17,0.12651644361637893,1.0,Compliant,0.3012131548931031,HUMAN_REVIEW,0,High,0.5,28
18,0.3012131548931031,0.0,Violation,0.24097052391448248,HUMAN_REVIEW,1,High,0.5,28
19,0.24097052391448248,0.0,Violation,0.192776419131586,HUMAN_REVIEW,1,High,0.5,28
20,0.192776419131586,0.0,Violation,0.15422113530526882,HUMAN_REVIEW,1,High,0.5,28
21,0.15422113530526882,1.0,Compliant,0.323376908244215,HUMAN_REVIEW,0,High,0.5,28
22,0.323376908244215,1.0,Compliant,0.45870152659537194,HUMAN_REVIEW,0,High,0.5,28
23,0.45870152659537194,1.0,Compliant,0.5669612212762976,HUMAN_REVIEW,0,High,0.5,28
24,0.5669612212762976,1.0,Compliant,0.653568977021038,ALLOW,0,High,0.5,28
25,0.653568977021038,0.0,Violation,0.5228551816168304,HUMAN_REVIEW,1,High,0.5,28
26,0.5228551816168304,1.0,Compliant,0.6182841452934643,ALLOW,0,High,0.5,28
27,0.6182841452934643,1.0,Compliant,0.6946273162347714,ALLOW,0,High,0.5,28
28,0.6946273162347714,1.0,Compliant,0.7557018529878171,ALLOW,0,High,0.5,28
29,0.7557018529878171,1.0,Compliant,0.8045614823902537,ALLOW,0,High,0.5,28
30,0.8045614823902537,1.0,Compliant,0.843649185912203,ALLOW,0,High,0.5,28
31,0.843649185912203,1.0,Compliant,0.8749193487297624,ALLOW,0,High,0.5,28
32,0.8749193487297624,0.0,Violation,0.6999354789838099,ALLOW,1,High,0.5,28
33,0.6999354789838099,1.0,Compliant,0.7599483831870479,ALLOW,0,High,0.5,28
34,0.7599483831870479,0.0,Violation,0.6079587065496384,ALLOW,1,High,0.5,28
35,0.6079587065496384,0.0,Violation,0.4863669652397107,HUMAN_REVIEW,1,High,0.5,28
36,0.4863669652397107,1.0,Compliant,0.5890935721917685,HUMAN_REVIEW,0,High,0.5,28
37,0.5890935721917685,1.0,Compliant,0.6712748577534148,ALLOW,0,High,0.5,28
38,0.6712748577534148,1.0,Compliant,0.7370198862027318,ALLOW,0,High,0.5,28
39,0.7370198862027318,1.0,Compliant,0.7896159089621855,ALLOW,0,High,0.5,28
40,0.7896159089621855,1.0,Compliant,0.8316927271697484,ALLOW,0,High,0.5,28
41,0.8316927271697484,0.0,Violation,0.6653541817357987,ALLOW,1,High,0.5,28
42,0.6653541817357987,0.0,Violation,0.532283345388639,HUMAN_REVIEW,1,High,0.5,28
43,0.532283345388639,1.0,Compliant,0.6258266763109112,ALLOW,0,High,0.5,28
44,0.6258266763109112,1.0,Compliant,0.7006613410487289,ALLOW,0,High,0.5,28
45,0.7006613410487289,1.0,Compliant,0.7605290728389831,ALLOW,0,High,0.5,28
46,0.7605290728389831,1.0,Compliant,0.8084232582711864,ALLOW,0,High,0.5,28
47,0.8084232582711864,0.0,Violation,0.6467386066169492,ALLOW,1,High,0.5,28
48,0.6467386066169492,1.0,Compliant,0.7173908852935593,ALLOW,0,High,0.5,28
49,0.7173908852935593,0.0,Violation,0.5739127082348475,HUMAN_REVIEW,1,High,0.5,28
50,0.5739127082348475,1.0,Compliant,0.6591301665878779,ALLOW,0,High,0.5,28
51,0.6591301665878779,0.0,Violation,0.5273041332703023,HUMAN_REVIEW,1,High,0.5,28
52,0.5273041332703023,0.0,Violation,0.4218433066162419,HUMAN_REVIEW,1,High,0.5,28
53,0.4218433066162419,0.0,Violation,0.33747464529299354,HUMAN_REVIEW,1,High,0.5,28
54,0.33747464529299354,0.0,Violation,0.2699797162343948,HUMAN_REVIEW,1,High,0.5,28
55,0.2699797162343948,0.0,Violation,0.21598377298751587,HUMAN_REVIEW,1,High,0.5,28
56,0.21598377298751587,0.0,Violation,0.1727870183900127,HUMAN_REVIEW,1,High,0.5,28
57,0.1727870183900127,1.0,Compliant,0.33822961471201013,HUMAN_REVIEW,0,High,0.5,28
58,0.33822961471201013,1.0,Compliant,0.47058369176960807,HUMAN_REVIEW,0,High,0.5,28
59,0.47058369176960807,1.0,Compliant,0.5764669534156864,HUMAN_REVIEW,0,High,0.5,28
60,0.5764669534156864,1.0,Compliant,0.6611735627325491,ALLOW,0,High,0.5,28
61,0.6611735627325491,0.0,Violation,0.5289388501860394,HUMAN_REVIEW,1,High,0.5,28
62,0.5289388501860394,0.0,Violation,0.4231510801488315,HUMAN_REVIEW,1,High,0.5,28
63,0.4231510801488315,1.0,Compliant,0.5385208641190652,HUMAN_REVIEW,0,High,0.5,28
64,0.5385208641190652,0.0,Violation,0.4308166912952522,HUMAN_REVIEW,1,High,0.5,28
65,0.4308166912952522,1.0,Compliant,0.5446533530362017,HUMAN_REVIEW,0,High,0.5,28
66,0.5446533530362017,1.0,Compliant,0.6357226824289612,ALLOW,0,High,0.5,28
67,0.6357226824289612,0.0,Violation,0.508578145943169,HUMAN_REVIEW,1,High,0.5,28
68,0.508578145943169,1.0,Compliant,0.6068625167545352,ALLOW,0,High,0.5,28
69,0.6068625167545352,0.0,Violation,0.4854900134036282,HUMAN_REVIEW,1,High,0.5,28
70,0.4854900134036282,0.0,Violation,0.3883920107229026,HUMAN_REVIEW,1,High,0.5,28
71,0.3883920107229026,1.0,Compliant,0.510713608578322,HUMAN_REVIEW,0,High,0.5,28
72,0.510713608578322,1.0,Compliant,0.6085708868626576,ALLOW,0,High,0.5,28
73,0.6085708868626576,1.0,Compliant,0.6868567094901261,ALLOW,0,High,0.5,28
74,0.6868567094901261,0.0,Violation,0.5494853675921009,HUMAN_REVIEW,1,High,0.5,28
75,0.5494853675921009,1.0,Compliant,0.6395882940736807,ALLOW,0,High,0.5,28
76,0.6395882940736807,1.0,Compliant,0.7116706352589445,ALLOW,0,High,0.5,28
77,0.7116706352589445,0.0,Violation,0.5693365082071556,HUMAN_REVIEW,1,High,0.5,28
78,0.5693365082071556,0.0,Violation,0.45546920656572454,HUMAN_REVIEW,1,High,0.5,28
79,0.45546920656572454,0.0,Violation,0.36437536525257963,HUMAN_REVIEW,1,High,0.5,28
80,0.36437536525257963,1.0,Compliant,0.49150029220206365,HUMAN_REVIEW,0,High,0.5,28
81,0.49150029220206365,1.0,Compliant,0.5932002337616509,HUMAN_REVIEW,0,High,0.5,28
82,0.5932002337616509,1.0,Compliant,0.6745601870093207,ALLOW,0,High,0.5,28
83,0.6745601870093207,0.0,Violation,0.5396481496074567,HUMAN_REVIEW,1,High,0.5,28
84,0.5396481496074567,1.0,Compliant,0.6317185196859654,ALLOW,0,High,0.5,28
85,0.6317185196859654,0.0,Violation,0.5053748157487723,HUMAN_REVIEW,1,High,0.5,28
86,0.5053748157487723,1.0,Compliant,0.6042998525990178,ALLOW,0,High,0.5,28
87,0.6042998525990178,1.0,Compliant,0.6834398820792142,ALLOW,0,High,0.5,28
88,0.6834398820792142,0.0,Violation,0.5467519056633714,HUMAN_REVIEW,1,High,0.5,28
89,0.5467519056633714,1.0,Compliant,0.6374015245306971,ALLOW,0,High,0.5,28
90,0.6374015245306971,1.0,Compliant,0.7099212196245577,ALLOW,0,High,0.5,28
91,0.7099212196245577,1.0,Compliant,0.7679369756996461,ALLOW,0,High,0.5,28
92,0.7679369756996461,1.0,Compliant,0.814349580559717,ALLOW,0,High,0.5,28
93,0.814349580559717,1.0,Compliant,0.8514796644477736,ALLOW,0,High,0.5,28
94,0.8514796644477736,1.0,Compliant,0.8811837315582188,ALLOW,0,High,0.5,28
95,0.8811837315582188,0.0,Violation,0.7049469852465751,ALLOW,1,High,0.5,28
96,0.7049469852465751,1.0,Compliant,0.76395758819726,ALLOW,0,High,0.5,28
97,0.76395758819726,0.0,Violation,0.611166070557808,ALLOW,1,High,0.5,28
98,0.611166070557808,1.0,Compliant,0.6889328564462465,ALLOW,0,High,0.5,28
99,0.6889328564462465,0.0,Violation,0.5511462851569972,HUMAN_REVIEW,1,High,0.5,28
100,0.5511462851569972,0.0,Violation,0.44091702812559774,HUMAN_REVIEW,1,High,0.5,28
1,0.8,1.0,Compliant,0.8400000000000001,ALLOW,0,High,0.5,29
2,0.8400000000000001,1.0,Compliant,0.8720000000000001,ALLOW,0,High,0.5,29
3,0.8720000000000001,0.0,Violation,0.6976000000000001,ALLOW,1,High,0.5,29
4,0.6976000000000001,0.0,Violation,0.5580800000000001,HUMAN_REVIEW,1,High,0.5,29
5,0.5580800000000001,0.0,Violation,0.44646400000000014,HUMAN_REVIEW,1,High,0.5,29
6,0.44646400000000014,0.0,Violation,0.35717120000000013,HUMAN_REVIEW,1,High,0.5,29
7,0.35717120000000013,1.0,Compliant,0.48573696000000005,HUMAN_REVIEW,0,High,0.5,29
8,0.48573696000000005,0.0,Violation,0.38858956800000005,HUMAN_REVIEW,1,High,0.5,29
9,0.38858956800000005,1.0,Compliant,0.5108716544,HUMAN_REVIEW,0,High,0.5,29
10,0.5108716544,0.0,Violation,0.40869732352000004,HUMAN_REVIEW,1,High,0.5,29
11,0.40869732352000004,1.0,Compliant,0.526957858816,HUMAN_REVIEW,0,High,0.5,29
12,0.526957858816,1.0,Compliant,0.6215662870528,ALLOW,0,High,0.5,29
13,0.6215662870528,0.0,Violation,0.49725302964224005,HUMAN_REVIEW,1,High,0.5,29
14,0.49725302964224005,1.0,Compliant,0.597802423713792,HUMAN_REVIEW,0,High,0.5,29
15,0.597802423713792,0.0,Violation,0.4782419389710336,HUMAN_REVIEW,1,High,0.5,29
16,0.4782419389710336,0.0,Violation,0.3825935511768269,HUMAN_REVIEW,1,High,0.5,29
17,0.3825935511768269,1.0,Compliant,0.5060748409414615,HUMAN_REVIEW,0,High,0.5,29
18,0.5060748409414615,1.0,Compliant,0.6048598727531691,ALLOW,0,High,0.5,29
19,0.6048598727531691,0.0,Violation,0.4838878982025353,HUMAN_REVIEW,1,High,0.5,29
20,0.4838878982025353,1.0,Compliant,0.5871103185620282,HUMAN_REVIEW,0,High,0.5,29
21,0.5871103185620282,1.0,Compliant,0.6696882548496226,ALLOW,0,High,0.5,29
22,0.6696882548496226,1.0,Compliant,0.735750603879698,ALLOW,0,High,0.5,29
23,0.735750603879698,0.0,Violation,0.5886004831037585,HUMAN_REVIEW,1,High,0.5,29
24,0.5886004831037585,0.0,Violation,0.4708803864830068,HUMAN_REVIEW,1,High,0.5,29
25,0.4708803864830068,0.0,Violation,0.37670430918640546,HUMAN_REVIEW,1,High,0.5,29
26,0.37670430918640546,1.0,Compliant,0.5013634473491244,HUMAN_REVIEW,0,High,0.5,29
27,0.5013634473491244,1.0,Compliant,0.6010907578792994,ALLOW,0,High,0.5,29
28,0.6010907578792994,1.0,Compliant,0.6808726063034396,ALLOW,0,High,0.5,29
29,0.6808726063034396,0.0,Violation,0.5446980850427517,HUMAN_REVIEW,1,High,0.5,29
30,0.5446980850427517,1.0,Compliant,0.6357584680342014,ALLOW,0,High,0.5,29
31,0.6357584680342014,0.0,Violation,0.5086067744273611,HUMAN_REVIEW,1,High,0.5,29
32,0.5086067744273611,1.0,Compliant,0.6068854195418889,ALLOW,0,High,0.5,29
33,0.6068854195418889,0.0,Violation,0.48550833563351115,HUMAN_REVIEW,1,High,0.5,29
34,0.48550833563351115,1.0,Compliant,0.5884066685068089,HUMAN_REVIEW,0,High,0.5,29
35,0.5884066685068089,0.0,Violation,0.47072533480544715,HUMAN_REVIEW,1,High,0.5,29
36,0.47072533480544715,0.0,Violation,0.3765802678443577,HUMAN_REVIEW,1,High,0.5,29
37,0.3765802678443577,1.0,Compliant,0.5012642142754862,HUMAN_REVIEW,0,High,0.5,29
38,0.5012642142754862,0.0,Violation,0.40101137142038895,HUMAN_REVIEW,1,High,0.5,29
39,0.40101137142038895,1.0,Compliant,0.5208090971363111,HUMAN_REVIEW,0,High,0.5,29
40,0.5208090971363111,0.0,Violation,0.41664727770904886,HUMAN_REVIEW,1,High,0.5,29
41,0.41664727770904886,1.0,Compliant,0.533317822167239,HUMAN_REVIEW,0,High,0.5,29
42,0.533317822167239,1.0,Compliant,0.6266542577337912,ALLOW,0,High,0.5,29
43,0.6266542577337912,0.0,Violation,0.501323406187033,HUMAN_REVIEW,1,High,0.5,29
44,0.501323406187033,1.0,Compliant,0.6010587249496264,ALLOW,0,High,0.5,29
45,0.6010587249496264,0.0,Violation,0.48084697995970116,HUMAN_REVIEW,1,High,0.5,29
46,0.48084697995970116,0.0,Violation,0.38467758396776097,HUMAN_REVIEW,1,High,0.5,29
47,0.38467758396776097,1.0,Compliant,0.5077420671742088,HUMAN_REVIEW,0,High,0.5,29
48,0.5077420671742088,0.0,Violation,0.40619365373936706,HUMAN_REVIEW,1,High,0.5,29
49,0.40619365373936706,0.0,Violation,0.32495492299149364,HUMAN_REVIEW,1,High,0.5,29
50,0.32495492299149364,1.0,Compliant,0.4599639383931949,HUMAN_REVIEW,0,High,0.5,29
51,0.4599639383931949,1.0,Compliant,0.567971150714556,HUMAN_REVIEW,0,High,0.5,29
52,0.567971150714556,1.0,Compliant,0.6543769205716448,ALLOW,0,High,0.5,29
53,0.6543769205716448,0.0,Violation,0.5235015364573158,HUMAN_REVIEW,1,High,0.5,29
54,0.5235015364573158,0.0,Violation,0.41880122916585266,HUMAN_REVIEW,1,High,0.5,29
55,0.41880122916585266,0.0,Violation,0.3350409833326822,HUMAN_REVIEW,1,High,0.5,29
56,0.3350409833326822,0.0,Violation,0.2680327866661458,HUMAN_REVIEW,1,High,0.5,29
57,0.2680327866661458,0.0,Violation,0.21442622933291663,HUMAN_REVIEW,1,High,0.5,29
58,0.21442622933291663,0.0,Violation,0.1715409834663333,HUMAN_REVIEW,1,High,0.5,29
59,0.1715409834663333,1.0,Compliant,0.3372327867730666,HUMAN_REVIEW,0,High,0.5,29
60,0.3372327867730666,0.0,Violation,0.2697862294184533,HUMAN_REVIEW,1,High,0.5,29
61,0.2697862294184533,0.0,Violation,0.21582898353476265,HUMAN_REVIEW,1,High,0.5,29
62,0.21582898353476265,0.0,Violation,0.17266318682781012,HUMAN_REVIEW,1,High,0.5,29
63,0.17266318682781012,0.0,Violation,0.1381305494622481,HUMAN_REVIEW,1,High,0.5,29
64,0.1381305494622481,0.0,Violation,0.11050443956979848,HUMAN_REVIEW,1,High,0.5,29
65,0.11050443956979848,0.0,Violation,0.0884035516558388,HUMAN_REVIEW,1,High,0.5,29
66,0.0884035516558388,0.0,Violation,0.07072284132467103,HUMAN_REVIEW,1,High,0.5,29
67,0.07072284132467103,1.0,Compliant,0.2565782730597368,HUMAN_REVIEW,0,High,0.5,29
68,0.2565782730597368,1.0,Compliant,0.40526261844778944,HUMAN_REVIEW,0,High,0.5,29
69,0.40526261844778944,1.0,Compliant,0.5242100947582315,HUMAN_REVIEW,0,High,0.5,29
70,0.5242100947582315,1.0,Compliant,0.6193680758065851,ALLOW,0,High,0.5,29
71,0.6193680758065851,0.0,Violation,0.49549446064526814,HUMAN_REVIEW,1,High,0.5,29
72,0.49549446064526814,0.0,Violation,0.39639556851621455,HUMAN_REVIEW,1,High,0.5,29
73,0.39639556851621455,1.0,Compliant,0.5171164548129716,HUMAN_REVIEW,0,High,0.5,29
74,0.5171164548129716,0.0,Violation,0.41369316385037735,HUMAN_REVIEW,1,High,0.5,29
75,0.41369316385037735,1.0,Compliant,0.5309545310803019,HUMAN_REVIEW,0,High,0.5,29
76,0.5309545310803019,1.0,Compliant,0.6247636248642414,ALLOW,0,High,0.5,29
77,0.6247636248642414,1.0,Compliant,0.6998108998913931,ALLOW,0,High,0.5,29
78,0.6998108998913931,0.0,Violation,0.5598487199131145,HUMAN_REVIEW,1,High,0.5,29
79,0.5598487199131145,0.0,Violation,0.4478789759304916,HUMAN_REVIEW,1,High,0.5,29
80,0.4478789759304916,0.0,Violation,0.35830318074439327,HUMAN_REVIEW,1,High,0.5,29
81,0.35830318074439327,0.0,Violation,0.28664254459551464,HUMAN_REVIEW,1,High,0.5,29
82,0.28664254459551464,0.0,Violation,0.22931403567641173,HUMAN_REVIEW,1,High,0.5,29
83,0.22931403567641173,1.0,Compliant,0.38345122854112934,HUMAN_REVIEW,0,High,0.5,29
84,0.38345122854112934,0.0,Violation,0.3067609828329035,HUMAN_REVIEW,1,High,0.5,29
85,0.3067609828329035,0.0,Violation,0.2454087862663228,HUMAN_REVIEW,1,High,0.5,29
86,0.2454087862663228,1.0,Compliant,0.39632702901305816,HUMAN_REVIEW,0,High,0.5,29
87,0.39632702901305816,0.0,Violation,0.31706162321044656,HUMAN_REVIEW,1,High,0.5,29
88,0.31706162321044656,0.0,Violation,0.2536492985683573,HUMAN_REVIEW,1,High,0.5,29
89,0.2536492985683573,1.0,Compliant,0.4029194388546858,HUMAN_REVIEW,0,High,0.5,29
90,0.4029194388546858,0.0,Violation,0.3223355510837487,HUMAN_REVIEW,1,High,0.5,29
91,0.3223355510837487,1.0,Compliant,0.4578684408669989,HUMAN_REVIEW,0,High,0.5,29
92,0.4578684408669989,1.0,Compliant,0.5662947526935991,HUMAN_REVIEW,0,High,0.5,29
93,0.5662947526935991,0.0,Violation,0.45303580215487926,HUMAN_REVIEW,1,High,0.5,29
94,0.45303580215487926,1.0,Compliant,0.5624286417239034,HUMAN_REVIEW,0,High,0.5,29
95,0.5624286417239034,1.0,Compliant,0.6499429133791227,ALLOW,0,High,0.5,29
96,0.6499429133791227,1.0,Compliant,0.7199543307032982,ALLOW,0,High,0.5,29
97,0.7199543307032982,0.0,Violation,0.5759634645626386,HUMAN_REVIEW,1,High,0.5,29
98,0.5759634645626386,1.0,Compliant,0.6607707716501108,ALLOW,0,High,0.5,29
99,0.6607707716501108,0.0,Violation,0.5286166173200887,HUMAN_REVIEW,1,High,0.5,29
100,0.5286166173200887,0.0,Violation,0.422893293856071,HUMAN_REVIEW,1,High,0.5,29
1,0.8,0.0,Violation,0.6400000000000001,ALLOW,1,High,0.5,30
2,0.6400000000000001,0.0,Violation,0.5120000000000001,HUMAN_REVIEW,1,High,0.5,30
3,0.5120000000000001,1.0,Compliant,0.6096000000000001,ALLOW,0,High,0.5,30
4,0.6096000000000001,1.0,Compliant,0.6876800000000001,ALLOW,0,High,0.5,30
5,0.6876800000000001,1.0,Compliant,0.750144,ALLOW,0,High,0.5,30
6,0.750144,1.0,Compliant,0.8001152,ALLOW,0,High,0.5,30
7,0.8001152,0.0,Violation,0.64009216,ALLOW,1,High,0.5,30
8,0.64009216,0.0,Violation,0.5120737280000001,HUMAN_REVIEW,1,High,0.5,30
9,0.5120737280000001,0.0,Violation,0.4096589824000001,HUMAN_REVIEW,1,High,0.5,30
10,0.4096589824000001,0.0,Violation,0.3277271859200001,HUMAN_REVIEW,1,High,0.5,30
11,0.3277271859200001,1.0,Compliant,0.46218174873600004,HUMAN_REVIEW,0,High,0.5,30
12,0.46218174873600004,1.0,Compliant,0.5697453989888,HUMAN_REVIEW,0,High,0.5,30
13,0.5697453989888,0.0,Violation,0.45579631919103997,HUMAN_REVIEW,1,High,0.5,30
14,0.45579631919103997,0.0,Violation,0.364637055352832,HUMAN_REVIEW,1,High,0.5,30
15,0.364637055352832,1.0,Compliant,0.49170964428226555,HUMAN_REVIEW,0,High,0.5,30
16,0.49170964428226555,0.0,Violation,0.39336771542581245,HUMAN_REVIEW,1,High,0.5,30
17,0.39336771542581245,0.0,Violation,0.31469417234065,HUMAN_REVIEW,1,High,0.5,30
18,0.31469417234065,1.0,Compliant,0.45175533787252,HUMAN_REVIEW,0,High,0.5,30
19,0.45175533787252,1.0,Compliant,0.561404270298016,HUMAN_REVIEW,0,High,0.5,30
20,0.561404270298016,0.0,Violation,0.4491234162384128,HUMAN_REVIEW,1,High,0.5,30
21,0.4491234162384128,1.0,Compliant,0.5592987329907302,HUMAN_REVIEW,0,High,0.5,30
22,0.5592987329907302,0.0,Violation,0.44743898639258417,HUMAN_REVIEW,1,High,0.5,30
23,0.44743898639258417,0.0,Violation,0.35795118911406737,HUMAN_REVIEW,1,High,0.5,30
24,0.35795118911406737,1.0,Compliant,0.48636095129125384,HUMAN_REVIEW,0,High,0.5,30
25,0.48636095129125384,0.0,Violation,0.3890887610330031,HUMAN_REVIEW,1,High,0.5,30
26,0.3890887610330031,0.0,Violation,0.3112710088264025,HUMAN_REVIEW,1,High,0.5,30
27,0.3112710088264025,1.0,Compliant,0.449016807061122,HUMAN_REVIEW,0,High,0.5,30
28,0.449016807061122,0.0,Violation,0.3592134456488976,HUMAN_REVIEW,1,High,0.5,30
29,0.3592134456488976,0.0,Violation,0.2873707565191181,HUMAN_REVIEW,1,High,0.5,30
30,0.2873707565191181,1.0,Compliant,0.42989660521529444,HUMAN_REVIEW,0,High,0.5,30
31,0.42989660521529444,1.0,Compliant,0.5439172841722355,HUMAN_REVIEW,0,High,0.5,30
32,0.5439172841722355,0.0,Violation,0.43513382733778844,HUMAN_REVIEW,1,High,0.5,30
33,0.43513382733778844,1.0,Compliant,0.5481070618702307,HUMAN_REVIEW,0,High,0.5,30
34,0.5481070618702307,1.0,Compliant,0.6384856494961846,ALLOW,0,High,0.5,30
35,0.6384856494961846,1.0,Compliant,0.7107885195969477,ALLOW,0,High,0.5,30
36,0.7107885195969477,1.0,Compliant,0.7686308156775581,ALLOW,0,High,0.5,30
37,0.7686308156775581,1.0,Compliant,0.8149046525420465,ALLOW,0,High,0.5,30
38,0.8149046525420465,0.0,Violation,0.6519237220336372,ALLOW,1,High,0.5,30
39,0.6519237220336372,0.0,Violation,0.5215389776269098,HUMAN_REVIEW,1,High,0.5,30
40,0.5215389776269098,1.0,Compliant,0.6172311821015278,ALLOW,0,High,0.5,30
41,0.6172311821015278,0.0,Violation,0.4937849456812223,HUMAN_REVIEW,1,High,0.5,30
42,0.4937849456812223,1.0,Compliant,0.5950279565449779,HUMAN_REVIEW,0,High,0.5,30
43,0.5950279565449779,0.0,Violation,0.4760223652359823,HUMAN_REVIEW,1,High,0.5,30
44,0.4760223652359823,1.0,Compliant,0.5808178921887859,HUMAN_REVIEW,0,High,0.5,30
45,0.5808178921887859,1.0,Compliant,0.6646543137510287,ALLOW,0,High,0.5,30
46,0.6646543137510287,0.0,Violation,0.531723451000823,HUMAN_REVIEW,1,High,0.5,30
47,0.531723451000823,0.0,Violation,0.4253787608006584,HUMAN_REVIEW,1,High,0.5,30
48,0.4253787608006584,1.0,Compliant,0.5403030086405267,HUMAN_REVIEW,0,High,0.5,30
49,0.5403030086405267,0.0,Violation,0.4322424069124214,HUMAN_REVIEW,1,High,0.5,30
50,0.4322424069124214,0.0,Violation,0.34579392552993715,HUMAN_REVIEW,1,High,0.5,30
51,0.34579392552993715,0.0,Violation,0.2766351404239497,HUMAN_REVIEW,1,High,0.5,30
52,0.2766351404239497,0.0,Violation,0.22130811233915978,HUMAN_REVIEW,1,High,0.5,30
53,0.22130811233915978,1.0,Compliant,0.37704648987132783,HUMAN_REVIEW,0,High,0.5,30
54,0.37704648987132783,0.0,Violation,0.3016371918970623,HUMAN_REVIEW,1,High,0.5,30
55,0.3016371918970623,1.0,Compliant,0.4413097535176498,HUMAN_REVIEW,0,High,0.5,30
56,0.4413097535176498,0.0,Violation,0.35304780281411985,HUMAN_REVIEW,1,High,0.5,30
57,0.35304780281411985,1.0,Compliant,0.48243824225129583,HUMAN_REVIEW,0,High,0.5,30
58,0.48243824225129583,1.0,Compliant,0.5859505938010366,HUMAN_REVIEW,0,High,0.5,30
59,0.5859505938010366,0.0,Violation,0.46876047504082935,HUMAN_REVIEW,1,High,0.5,30
60,0.46876047504082935,1.0,Compliant,0.5750083800326635,HUMAN_REVIEW,0,High,0.5,30
61,0.5750083800326635,1.0,Compliant,0.6600067040261308,ALLOW,0,High,0.5,30
62,0.6600067040261308,1.0,Compliant,0.7280053632209046,ALLOW,0,High,0.5,30
63,0.7280053632209046,1.0,Compliant,0.7824042905767237,ALLOW,0,High,0.5,30
64,0.7824042905767237,0.0,Violation,0.6259234324613789,ALLOW,1,High,0.5,30
65,0.6259234324613789,1.0,Compliant,0.7007387459691031,ALLOW,0,High,0.5,30
66,0.7007387459691031,1.0,Compliant,0.7605909967752825,ALLOW,0,High,0.5,30
67,0.7605909967752825,0.0,Violation,0.6084727974202261,ALLOW,1,High,0.5,30
68,0.6084727974202261,1.0,Compliant,0.6867782379361809,ALLOW,0,High,0.5,30
69,0.6867782379361809,0.0,Violation,0.5494225903489447,HUMAN_REVIEW,1,High,0.5,30
70,0.5494225903489447,1.0,Compliant,0.6395380722791557,ALLOW,0,High,0.5,30
71,0.6395380722791557,1.0,Compliant,0.7116304578233246,ALLOW,0,High,0.5,30
72,0.7116304578233246,1.0,Compliant,0.7693043662586596,ALLOW,0,High,0.5,30
73,0.7693043662586596,0.0,Violation,0.6154434930069277,ALLOW,1,High,0.5,30
74,0.6154434930069277,1.0,Compliant,0.6923547944055422,ALLOW,0,High,0.5,30
75,0.6923547944055422,0.0,Violation,0.5538838355244338,HUMAN_REVIEW,1,High,0.5,30
76,0.5538838355244338,0.0,Violation,0.44310706841954706,HUMAN_REVIEW,1,High,0.5,30
77,0.44310706841954706,0.0,Violation,0.35448565473563765,HUMAN_REVIEW,1,High,0.5,30
78,0.35448565473563765,0.0,Violation,0.2835885237885101,HUMAN_REVIEW,1,High,0.5,30
79,0.2835885237885101,1.0,Compliant,0.42687081903080804,HUMAN_REVIEW,0,High,0.5,30
80,0.42687081903080804,0.0,Violation,0.34149665522464645,HUMAN_REVIEW,1,High,0.5,30
81,0.34149665522464645,1.0,Compliant,0.4731973241797171,HUMAN_REVIEW,0,High,0.5,30
82,0.4731973241797171,0.0,Violation,0.37855785934377373,HUMAN_REVIEW,1,High,0.5,30
83,0.37855785934377373,1.0,Compliant,0.502846287475019,HUMAN_REVIEW,0,High,0.5,30
84,0.502846287475019,1.0,Compliant,0.6022770299800152,ALLOW,0,High,0.5,30
85,0.6022770299800152,0.0,Violation,0.4818216239840122,HUMAN_REVIEW,1,High,0.5,30
86,0.4818216239840122,0.0,Violation,0.3854572991872098,HUMAN_REVIEW,1,High,0.5,30
87,0.3854572991872098,1.0,Compliant,0.5083658393497679,HUMAN_REVIEW,0,High,0.5,30
88,0.5083658393497679,1.0,Compliant,0.6066926714798142,ALLOW,0,High,0.5,30
89,0.6066926714798142,0.0,Violation,0.4853541371838514,HUMAN_REVIEW,1,High,0.5,30
90,0.4853541371838514,0.0,Violation,0.38828330974708114,HUMAN_REVIEW,1,High,0.5,30
91,0.38828330974708114,1.0,Compliant,0.5106266477976649,HUMAN_REVIEW,0,High,0.5,30
92,0.5106266477976649,0.0,Violation,0.4085013182381319,HUMAN_REVIEW,1,High,0.5,30
93,0.4085013182381319,0.0,Violation,0.32680105459050557,HUMAN_REVIEW,1,High,0.5,30
94,0.32680105459050557,1.0,Compliant,0.4614408436724044,HUMAN_REVIEW,0,High,0.5,30
95,0.4614408436724044,0.0,Violation,0.36915267493792353,HUMAN_REVIEW,1,High,0.5,30
96,0.36915267493792353,1.0,Compliant,0.4953221399503388,HUMAN_REVIEW,0,High,0.5,30
97,0.4953221399503388,1.0,Compliant,0.596257711960271,HUMAN_REVIEW,0,High,0.5,30
98,0.596257711960271,0.0,Violation,0.47700616956821684,HUMAN_REVIEW,1,High,0.5,30
99,0.47700616956821684,0.0,Violation,0.3816049356545735,HUMAN_REVIEW,1,High,0.5,30
100,0.3816049356545735,0.0,Violation,0.3052839485236588,HUMAN_REVIEW,1,High,0.5,30
